const_key,tmc_vote_share_2016,tmc_vote_share_2021,tmc_vote_share_2026,bjp_vote_share_2016,bjp_vote_share_2021,bjp_vote_share_2026,left_inc_vote_share_2016,left_inc_vote_share_2021,left_inc_vote_share_2026,others_vote_share_2016,others_vote_share_2021,others_vote_share_2026,turnout_percent_2016,turnout_percent_2021,turnout_percent_2026,victory_margin_percent_2016,victory_margin_percent_2021,victory_margin_percent_2026,candidate_count_2016,candidate_count_2021,candidate_count_2026,nota_pct_2016,nota_pct_2021,nota_pct_2026,enp_2016,enp_2021,enp_2026,fragmentation_2016,fragmentation_2021,fragmentation_2026,competitiveness_2016,competitiveness_2021,competitiveness_2026,criminal_cases_2016,criminal_cases_2021,criminal_cases_2026,edu_code_2016,edu_code_2021,edu_code_2026,age_2016,age_2021,age_2026,log_assets_2016,log_assets_2021,log_assets_2026,log_liabilities_2016,log_liabilities_2021,log_liabilities_2026,constituency,dom_2021,dom_2026,kmeans_cluster,cluster_label,kmeans_nopca,hc_cluster
ALIPURDUARS,0.44087899999999997,0.410026,0.313259,0.098788,0.481893,0.616185,0.429446,0.075256,0.044536,0.030886999999999998,0.032825,0.026019999999999998,86.157,85.6832,84.37755,5.8778,7.1867,30.2926,8.0,9.0,10.0,1.4648,0.8894,1.127,2.567320039707773,2.4565007134966286,2.081270919586802,0.6104887647300001,0.5929168697139999,0.519524348998,0.941222,0.928133,0.697074,1.0,12.0,0.0,8.0,7.0,6.0,43.0,50.0,60.0,16.251358169939564,15.219726857424385,17.579765792723006,0.0,0.0,17.05670126354045,Alipurduars,BJP,BJP,0,TMC Strongholds (C0),3,2
ALIPURDUARS,0.44087899999999997,0.410026,0.313259,0.098788,0.481893,0.616185,0.429446,0.075256,0.044536,0.030886999999999998,0.032825,0.026019999999999998,86.157,85.6832,84.37755,5.8778,7.1867,30.2926,8.0,9.0,10.0,1.4648,0.8894,1.127,2.567320039707773,2.4565007134966286,2.081270919586802,0.6104887647300001,0.5929168697139999,0.519524348998,0.941222,0.928133,0.697074,1.0,12.0,0.0,8.0,7.0,6.0,43.0,50.0,60.0,16.251358169939564,15.219726857424385,17.579765792723006,0.0,0.0,17.05670126354045,ALIPURDUARS,BJP,BJP,0,TMC Strongholds (C0),3,2
AMDANGA,0.499977,0.42001600000000006,0.38252600000000003,0.081556,0.299681,0.368498,0.006123,0.0026969999999999997,0.007405,0.412344,0.277606,0.241571,89.0454,87.4021,84.37755,11.9364,12.0335,1.4028,7.0,9.0,12.0,0.9397,1.0976,0.7349,2.343602899754239,2.9129507738362874,2.936613502262553,0.57330655287,0.6567054929379998,0.6594717012539999,0.880636,0.879665,0.985972,2.0,1.0,1.0,6.0,6.0,7.0,55.0,60.0,46.0,15.589919880106578,16.261059678573442,15.7605839284466,11.918397239722838,13.619496890582589,13.845555649714898,Amdanga,TMC,TMC,0,TMC Strongholds (C0),2,2
AMDANGA,0.499977,0.42001600000000006,0.38252600000000003,0.081556,0.299681,0.368498,0.006123,0.0026969999999999997,0.007405,0.412344,0.277606,0.241571,89.0454,87.4021,84.37755,11.9364,12.0335,1.4028,7.0,9.0,12.0,0.9397,1.0976,0.7349,2.343602899754239,2.9129507738362874,2.936613502262553,0.57330655287,0.6567054929379998,0.6594717012539999,0.880636,0.879665,0.985972,2.0,1.0,1.0,6.0,6.0,7.0,55.0,60.0,46.0,15.589919880106578,16.261059678573442,15.7605839284466,11.918397239722838,13.619496890582589,13.845555649714898,AMDANGA,TMC,TMC,0,TMC Strongholds (C0),2,2
AMTA,0.446734,0.490613,0.422762,0.058293,0.36511699999999997,0.44155500000000003,0.474669,0.125703,0.11036699999999999,0.020304000000000003,0.018567,0.025316,79.8617,79.8256,84.37755,2.3771,12.5496,1.8793,6.0,7.0,13.0,0.9468,0.6235,0.7827,2.3326756991222286,2.563067366455896,2.587186227629327,0.571307747418,0.609842482844,0.613479698786,0.976229,0.874504,0.981207,1.0,0.0,2.0,6.0,7.0,6.0,69.0,41.0,35.0,13.955602880540493,14.47786754843576,15.600528017501688,11.156264806643742,0.0,13.662823140379789,Amta,TMC,BJP,0,TMC Strongholds (C0),2,2
AMTA,0.446734,0.490613,0.422762,0.058293,0.36511699999999997,0.44155500000000003,0.474669,0.125703,0.11036699999999999,0.020304000000000003,0.018567,0.025316,79.8617,79.8256,84.37755,2.3771,12.5496,1.8793,6.0,7.0,13.0,0.9468,0.6235,0.7827,2.3326756991222286,2.563067366455896,2.587186227629327,0.571307747418,0.609842482844,0.613479698786,0.976229,0.874504,0.981207,1.0,0.0,2.0,6.0,7.0,6.0,69.0,41.0,35.0,13.955602880540493,14.47786754843576,15.600528017501688,11.156264806643742,0.0,13.662823140379789,AMTA,TMC,BJP,0,TMC Strongholds (C0),2,2
ASANSOL DAKSHIN,0.385413,0.42823900000000004,0.364902,0.265147,0.45128,0.554154,0.0,0.08201800000000001,0.056295000000000005,0.34944000000000003,0.038463,0.024649,75.0119,71.0835,84.37755,7.6974,2.3041,18.9252,5.0,5.0,8.0,2.1077,1.7798,1.324,2.9329433038394206,2.5300530183706305,2.25216690554534,0.6590455742219999,0.604751365786,0.555983174454,0.923026,0.976959,0.810748,7.0,2.0,23.0,7.0,6.0,6.0,62.0,48.0,53.0,14.827210010242014,16.992074028277223,17.46789012212621,0.0,16.298020254019207,16.301356016933,Asansol Dakshin,BJP,BJP,0,TMC Strongholds (C0),3,2
ASANSOL DAKSHIN,0.385413,0.42823900000000004,0.364902,0.265147,0.45128,0.554154,0.0,0.08201800000000001,0.056295000000000005,0.34944000000000003,0.038463,0.024649,75.0119,71.0835,84.37755,7.6974,2.3041,18.9252,5.0,5.0,8.0,2.1077,1.7798,1.324,2.9329433038394206,2.5300530183706305,2.25216690554534,0.6590455742219999,0.604751365786,0.555983174454,0.923026,0.976959,0.810748,7.0,2.0,23.0,7.0,6.0,6.0,62.0,48.0,53.0,14.827210010242014,16.992074028277223,17.46789012212621,0.0,16.298020254019207,16.301356016933,ASANSOL DAKSHIN,BJP,BJP,0,TMC Strongholds (C0),3,2
ASANSOL UTTAR,0.46124499999999996,0.523211,0.44111100000000003,0.331134,0.41378,0.496261,0.17364100000000002,0.002644,0.033237,0.03398,0.060365,0.029390999999999997,73.6104,70.0398,84.37755,13.0111,10.9431,5.515,5.0,7.0,13.0,1.5218,1.7356,1.3081,2.8272346463630145,2.22908501582244,2.2582415590299614,0.646297486738,0.551385437118,0.5571775765079999,0.869889,0.8905689999999999,0.94485,6.0,0.0,18.0,7.0,7.0,6.0,60.0,65.0,51.0,15.991345329102002,17.288419268313646,18.20924391330361,14.645995876291574,15.960238075742609,17.478628438978077,Asansol Uttar,TMC,BJP,0,TMC Strongholds (C0),3,2
ASANSOL UTTAR,0.46124499999999996,0.523211,0.44111100000000003,0.331134,0.41378,0.496261,0.17364100000000002,0.002644,0.033237,0.03398,0.060365,0.029390999999999997,73.6104,70.0398,84.37755,13.0111,10.9431,5.515,5.0,7.0,13.0,1.5218,1.7356,1.3081,2.8272346463630145,2.22908501582244,2.2582415590299614,0.646297486738,0.551385437118,0.5571775765079999,0.869889,0.8905689999999999,0.94485,6.0,0.0,18.0,7.0,7.0,6.0,60.0,65.0,51.0,15.991345329102002,17.288419268313646,18.20924391330361,14.645995876291574,15.960238075742609,17.478628438978077,ASANSOL UTTAR,TMC,BJP,0,TMC Strongholds (C0),3,2
ASHOKNAGAR,0.49975299999999995,0.431826,0.397707,0.083744,0.323245,0.440518,0.0064329999999999995,0.0034100000000000003,0.009306,0.41007,0.241519,0.152469,86.3956,84.3534,84.37755,11.6724,10.8581,4.2811,7.0,8.0,9.0,0.9165,0.7433,0.5283,2.353135479385142,2.8628351569250343,2.6626878032646126,0.5750350930660001,0.650695920238,0.62443963623,0.883276,0.891419,0.957189,1.0,3.0,2.0,6.0,6.0,7.0,59.0,51.0,67.0,15.428987701708879,16.5897897255958,17.583013605593095,0.0,14.520074814962156,14.914123179965662,Ashoknagar,TMC,BJP,0,TMC Strongholds (C0),2,2
ASHOKNAGAR,0.49975299999999995,0.431826,0.397707,0.083744,0.323245,0.440518,0.0064329999999999995,0.0034100000000000003,0.009306,0.41007,0.241519,0.152469,86.3956,84.3534,84.37755,11.6724,10.8581,4.2811,7.0,8.0,9.0,0.9165,0.7433,0.5283,2.353135479385142,2.8628351569250343,2.6626878032646126,0.5750350930660001,0.650695920238,0.62443963623,0.883276,0.891419,0.957189,1.0,3.0,2.0,6.0,6.0,7.0,59.0,51.0,67.0,15.428987701708879,16.5897897255958,17.583013605593095,0.0,14.520074814962156,14.914123179965662,ASHOKNAGAR,TMC,BJP,0,TMC Strongholds (C0),2,2
AUSGRAM,0.45937300000000003,0.46246499999999996,0.421261,0.074586,0.408039,0.476754,0.007542,0.103054,0.087203,0.458499,0.026442,0.014782,87.52,88.0351,84.37755,3.1753,5.4426,5.5493,5.0,5.0,6.0,1.9386,1.8606,1.0736,2.342661910649024,2.55304585911081,2.423783654174141,0.5731351607099999,0.6083109919740001,0.5874219226299999,0.968247,0.945574,0.944507,1.0,1.0,1.0,6.0,6.0,6.0,56.0,56.0,56.0,0.0,0.0,0.0,0.0,0.0,0.0,Ausgram,TMC,BJP,3,TMC Strongholds (C3),0,3
AUSGRAM,0.45937300000000003,0.46246499999999996,0.421261,0.074586,0.408039,0.476754,0.007542,0.103054,0.087203,0.458499,0.026442,0.014782,87.52,88.0351,84.37755,3.1753,5.4426,5.5493,5.0,5.0,6.0,1.9386,1.8606,1.0736,2.342661910649024,2.55304585911081,2.423783654174141,0.5731351607099999,0.6083109919740001,0.5874219226299999,0.968247,0.945574,0.944507,1.0,1.0,1.0,6.0,6.0,6.0,56.0,56.0,56.0,0.0,0.0,0.0,0.0,0.0,0.0,AUSGRAM,TMC,BJP,3,TMC Strongholds (C3),0,3
BADURIA,0.38829,0.5153110000000001,0.45448500000000003,0.08987500000000001,0.25017,0.27828800000000004,0.507459,0.215377,0.01747,0.014376,0.019142,0.249757,87.7483,87.4792,84.37755,11.3408,26.5141,17.6197,5.0,6.0,13.0,0.8432,0.9174,0.61,2.400568767053728,2.667490929088808,2.8844662844619022,0.583432054218,0.6251158760859998,0.6533154138819999,0.886592,0.7348589999999999,0.823803,1.0,1.0,0.0,7.0,7.0,7.0,47.0,53.0,48.0,13.83103443661404,15.290497111877821,16.68066649697708,0.0,0.0,15.468008151429684,Baduria,TMC,TMC,2,TMC Strongholds (C2),1,0
BADURIA,0.38829,0.5153110000000001,0.45448500000000003,0.08987500000000001,0.25017,0.27828800000000004,0.507459,0.215377,0.01747,0.014376,0.019142,0.249757,87.7483,87.4792,84.37755,11.3408,26.5141,17.6197,5.0,6.0,13.0,0.8432,0.9174,0.61,2.400568767053728,2.667490929088808,2.8844662844619022,0.583432054218,0.6251158760859998,0.6533154138819999,0.886592,0.7348589999999999,0.823803,1.0,1.0,0.0,7.0,7.0,7.0,47.0,53.0,48.0,13.83103443661404,15.290497111877821,16.68066649697708,0.0,0.0,15.468008151429684,BADURIA,TMC,TMC,2,TMC Strongholds (C2),1,0
BAGHMUNDI,0.425937,0.36793,0.312188,0.059642999999999995,0.0,0.489548,0.47698799999999997,0.310592,0.16335899999999998,0.037432,0.321478,0.034905,84.1767,82.9007,84.37755,4.565,6.7711,17.736,7.0,6.0,11.0,1.0787,1.1566,1.0589,2.416052316227111,2.9834005397612318,2.7395525457651986,0.586101677814,0.664812020152,0.6349768864459999,0.95435,0.932289,0.82264,21.0,0.0,0.0,7.0,7.0,7.0,54.0,39.0,35.0,14.845199615577624,14.126966040181118,11.60769913724376,13.633390180932315,12.905783239690095,0.0,Baghmundi,TMC,BJP,0,TMC Strongholds (C0),3,2
BAGHMUNDI,0.425937,0.36793,0.312188,0.059642999999999995,0.0,0.489548,0.47698799999999997,0.310592,0.16335899999999998,0.037432,0.321478,0.034905,84.1767,82.9007,84.37755,4.565,6.7711,17.736,7.0,6.0,11.0,1.0787,1.1566,1.0589,2.416052316227111,2.9834005397612318,2.7395525457651986,0.586101677814,0.664812020152,0.6349768864459999,0.95435,0.932289,0.82264,21.0,0.0,0.0,7.0,7.0,7.0,54.0,39.0,35.0,14.845199615577624,14.126966040181118,11.60769913724376,13.633390180932315,12.905783239690095,0.0,BAGHMUNDI,TMC,BJP,0,TMC Strongholds (C0),3,2
BAGNAN,0.541004,0.530382,0.481031,0.057134,0.37973300000000004,0.429219,0.005231,0.07511999999999999,0.07129400000000001,0.396631,0.014764999999999999,0.018456,85.9051,86.5195,84.37755,16.6984,15.0649,5.1812,9.0,7.0,11.0,1.2287,0.7743,0.9377,2.206077969634809,2.3182318626182634,2.3750530246660926,0.5467068645059999,0.568636763162,0.578956768706,0.833016,0.849351,0.948188,3.0,1.0,0.0,5.0,5.0,5.0,40.0,45.0,50.0,15.24749958284625,15.717056882140563,17.62619067735264,12.910651732135861,0.0,14.394329914244068,Bagnan,TMC,TMC,0,TMC Strongholds (C0),2,2
BAGNAN,0.541004,0.530382,0.481031,0.057134,0.37973300000000004,0.429219,0.005231,0.07511999999999999,0.07129400000000001,0.396631,0.014764999999999999,0.018456,85.9051,86.5195,84.37755,16.6984,15.0649,5.1812,9.0,7.0,11.0,1.2287,0.7743,0.9377,2.206077969634809,2.3182318626182634,2.3750530246660926,0.5467068645059999,0.568636763162,0.578956768706,0.833016,0.849351,0.948188,3.0,1.0,0.0,5.0,5.0,5.0,40.0,45.0,50.0,15.24749958284625,15.717056882140563,17.62619067735264,12.910651732135861,0.0,14.394329914244068,BAGNAN,TMC,TMC,0,TMC Strongholds (C0),2,2
BAHARAMPUR,0.188584,0.316224,0.221102,0.09992699999999999,0.45210900000000004,0.406157,0.688087,0.20852,0.33354300000000003,0.023402,0.023147,0.039198,79.5283,76.0135,84.37755,49.0326,13.5885,7.8246,5.0,7.0,13.0,1.8721,1.2778,0.606,1.9247029137344434,2.8701278068216034,3.0615023451321686,0.480439296442,0.651583459934,0.673362980894,0.509674,0.864115,0.921754,3.0,6.0,6.0,6.0,6.0,6.0,62.0,54.0,59.0,15.394683264712656,15.434934444180682,16.44213744879962,11.407576060361786,0.0,0.0,Baharampur,BJP,BJP,0,TMC Strongholds (C0),3,2
BAHARAMPUR,0.188584,0.316224,0.221102,0.09992699999999999,0.45210900000000004,0.406157,0.688087,0.20852,0.33354300000000003,0.023402,0.023147,0.039198,79.5283,76.0135,84.37755,49.0326,13.5885,7.8246,5.0,7.0,13.0,1.8721,1.2778,0.606,1.9247029137344434,2.8701278068216034,3.0615023451321686,0.480439296442,0.651583459934,0.673362980894,0.509674,0.864115,0.921754,3.0,6.0,6.0,6.0,6.0,6.0,62.0,54.0,59.0,15.394683264712656,15.434934444180682,16.44213744879962,11.407576060361786,0.0,0.0,BAHARAMPUR,BJP,BJP,0,TMC Strongholds (C0),3,2
BALAGARH,0.473638,0.456289,0.370347,0.101908,0.42999299999999996,0.555782,0.008435,0.09960100000000001,0.057664999999999994,0.416019,0.014117,0.016206,85.5926,85.192,84.37755,8.7572,2.6296,18.5435,5.0,4.0,7.0,1.9025,1.4116,0.5959,2.4518147718018373,2.480077042252092,2.224009245310836,0.5921388469059999,0.5967867195400001,0.5503615814059999,0.912428,0.973704,0.814565,1.0,1.0,1.0,6.0,6.0,6.0,56.0,56.0,56.0,0.0,0.0,0.0,0.0,0.0,0.0,Balagarh,TMC,BJP,3,TMC Strongholds (C3),0,3
BALAGARH,0.473638,0.456289,0.370347,0.101908,0.42999299999999996,0.555782,0.008435,0.09960100000000001,0.057664999999999994,0.416019,0.014117,0.016206,85.5926,85.192,84.37755,8.7572,2.6296,18.5435,5.0,4.0,7.0,1.9025,1.4116,0.5959,2.4518147718018373,2.480077042252092,2.224009245310836,0.5921388469059999,0.5967867195400001,0.5503615814059999,0.912428,0.973704,0.814565,1.0,1.0,1.0,6.0,6.0,6.0,56.0,56.0,56.0,0.0,0.0,0.0,0.0,0.0,0.0,BALAGARH,TMC,BJP,3,TMC Strongholds (C3),0,3
BALARAMPUR,0.470154,0.450069,0.379048,0.051205,0.452206,0.538409,0.41631999999999997,0.053989,0.045744,0.062321,0.043736,0.036799,83.4615,83.2651,84.37755,5.8445,0.2137,15.9361,9.0,8.0,10.0,1.6484,1.233,1.0794,2.494555724542004,2.4278914950478008,2.2882859659751387,0.599127014818,0.5881199789860001,0.5629916824779999,0.941555,0.9978629999999999,0.840639,11.0,3.0,0.0,4.0,5.0,5.0,63.0,48.0,40.0,15.500744388597864,14.9240735075185,15.029235950821377,0.0,0.0,14.603968372873895,Balarampur,BJP,BJP,0,TMC Strongholds (C0),3,2
BALARAMPUR,0.470154,0.450069,0.379048,0.051205,0.452206,0.538409,0.41631999999999997,0.053989,0.045744,0.062321,0.043736,0.036799,83.4615,83.2651,84.37755,5.8445,0.2137,15.9361,9.0,8.0,10.0,1.6484,1.233,1.0794,2.494555724542004,2.4278914950478008,2.2882859659751387,0.599127014818,0.5881199789860001,0.5629916824779999,0.941555,0.9978629999999999,0.840639,11.0,3.0,0.0,4.0,5.0,5.0,63.0,48.0,40.0,15.500744388597864,14.9240735075185,15.029235950821377,0.0,0.0,14.603968372873895,BALARAMPUR,BJP,BJP,0,TMC Strongholds (C0),3,2
BALLY,0.469748,0.42381599999999997,0.38732799999999995,0.155252,0.374266,0.489138,0.005268,0.17860800000000002,0.107979,0.369732,0.02331,0.015555000000000001,70.1459,71.4944,84.37755,13.7291,4.955,10.181,13.0,11.0,14.0,1.4243,0.9581,0.7841,2.6212603514697372,2.8397859686602263,2.492644299560387,0.618504129344,0.6478607856240001,0.598819614906,0.862709,0.95045,0.89819,0.0,0.0,8.0,6.0,7.0,6.0,47.0,48.0,57.0,16.276483484216083,16.812054102349077,18.006510031797102,15.223890233184951,16.16511844472456,0.0,Bally,TMC,BJP,0,TMC Strongholds (C0),3,0
BALLY,0.469748,0.42381599999999997,0.38732799999999995,0.155252,0.374266,0.489138,0.005268,0.17860800000000002,0.107979,0.369732,0.02331,0.015555000000000001,70.1459,71.4944,84.37755,13.7291,4.955,10.181,13.0,11.0,14.0,1.4243,0.9581,0.7841,2.6212603514697372,2.8397859686602263,2.492644299560387,0.618504129344,0.6478607856240001,0.598819614906,0.862709,0.95045,0.89819,0.0,0.0,8.0,6.0,7.0,6.0,47.0,48.0,57.0,16.276483484216083,16.812054102349077,18.006510031797102,15.223890233184951,16.16511844472456,0.0,BALLY,TMC,BJP,0,TMC Strongholds (C0),3,0
BALLYGUNGE,0.455259,0.706039,0.648097,0.13396,0.206847,0.280821,0.356357,0.056132999999999995,0.057275,0.054424,0.030981,0.013807,63.855,60.9928,84.37755,9.8902,49.9192,36.7276,8.0,11.0,12.0,2.2301,0.8724,0.4893,2.815645694667604,1.833558752030318,1.9905995357257928,0.644841678094,0.45461251302000005,0.49763878567599995,0.901098,0.500808,0.632724,2.0,2.0,0.0,7.0,7.0,7.0,69.0,74.0,82.0,16.064588222974542,16.528638644755073,17.48033194874387,0.0,0.0,0.0,Ballygunge,TMC,TMC,2,TMC Strongholds (C2),1,0
BALLYGUNGE,0.455259,0.706039,0.648097,0.13396,0.206847,0.280821,0.356357,0.056132999999999995,0.057275,0.054424,0.030981,0.013807,63.855,60.9928,84.37755,9.8902,49.9192,36.7276,8.0,11.0,12.0,2.2301,0.8724,0.4893,2.815645694667604,1.833558752030318,1.9905995357257928,0.644841678094,0.45461251302000005,0.49763878567599995,0.901098,0.500808,0.632724,2.0,2.0,0.0,7.0,7.0,7.0,69.0,74.0,82.0,16.064588222974542,16.528638644755073,17.48033194874387,0.0,0.0,0.0,BALLYGUNGE,TMC,TMC,2,TMC Strongholds (C2),1,0
BALURGHAT,0.417942,0.385905,0.303994,0.107828,0.474246,0.604545,0.43871899999999997,0.110176,0.066584,0.035511,0.029672999999999998,0.024876999999999996,88.104,84.574,84.37755,1.0247,8.8341,30.0551,5.0,8.0,13.0,2.3724,1.2032,0.9122,2.631317304201898,2.584973404428982,2.1601103924170655,0.61996221497,0.613148824554,0.5370606967539999,0.989753,0.911659,0.699449,0.0,0.0,0.0,6.0,8.0,7.0,73.0,69.0,62.0,16.43373626533531,18.12374736986955,16.54909015966348,0.0,0.0,13.304686600863562,Balurghat,BJP,BJP,0,TMC Strongholds (C0),3,2
BALURGHAT,0.417942,0.385905,0.303994,0.107828,0.474246,0.604545,0.43871899999999997,0.110176,0.066584,0.035511,0.029672999999999998,0.024876999999999996,88.104,84.574,84.37755,1.0247,8.8341,30.0551,5.0,8.0,13.0,2.3724,1.2032,0.9122,2.631317304201898,2.584973404428982,2.1601103924170655,0.61996221497,0.613148824554,0.5370606967539999,0.989753,0.911659,0.699449,0.0,0.0,0.0,6.0,8.0,7.0,73.0,69.0,62.0,16.43373626533531,18.12374736986955,16.54909015966348,0.0,0.0,13.304686600863562,BALURGHAT,BJP,BJP,0,TMC Strongholds (C0),3,2
BANDWAN,0.478467,0.470171,0.39260599999999996,0.065911,0.39205199999999996,0.503723,0.0036,0.092112,0.068777,0.452022,0.045665,0.034894,85.156,85.0586,84.37755,9.3136,7.8119,11.1117,10.0,5.0,8.0,1.7914,1.2254,1.0444,2.285130449279511,2.595141435745884,2.4164850740619785,0.5623882215060001,0.6146645472860001,0.58617580107,0.906864,0.921881,0.888883,1.0,1.0,1.0,6.0,6.0,6.0,56.0,56.0,56.0,0.0,0.0,0.0,0.0,0.0,0.0,Bandwan,TMC,BJP,3,TMC Strongholds (C3),0,3
BANDWAN,0.478467,0.470171,0.39260599999999996,0.065911,0.39205199999999996,0.503723,0.0036,0.092112,0.068777,0.452022,0.045665,0.034894,85.156,85.0586,84.37755,9.3136,7.8119,11.1117,10.0,5.0,8.0,1.7914,1.2254,1.0444,2.285130449279511,2.595141435745884,2.4164850740619785,0.5623882215060001,0.6146645472860001,0.58617580107,0.906864,0.921881,0.888883,1.0,1.0,1.0,6.0,6.0,6.0,56.0,56.0,56.0,0.0,0.0,0.0,0.0,0.0,0.0,BANDWAN,TMC,BJP,3,TMC Strongholds (C3),0,3
BANKURA,0.41929299999999997,0.431211,0.346027,0.104603,0.437946,0.572396,0.435398,0.071032,0.056274,0.040706,0.059810999999999996,0.025303,80.4382,80.8134,84.37755,0.5233,0.6735,22.6369,6.0,11.0,8.0,2.3427,2.0676,1.4762,2.6456649948592927,2.5882427312035428,2.2164158508729392,0.622023195702,0.6136374738179999,0.5488211295700001,0.994767,0.993265,0.773631,0.0,0.0,1.0,6.0,5.0,5.0,53.0,54.0,59.0,16.514785838481266,16.760002219953478,14.420814561139085,11.602510194712316,0.0,12.206077645517674,Bankura,BJP,BJP,0,TMC Strongholds (C0),3,2
BANKURA,0.41929299999999997,0.431211,0.346027,0.104603,0.437946,0.572396,0.435398,0.071032,0.056274,0.040706,0.059810999999999996,0.025303,80.4382,80.8134,84.37755,0.5233,0.6735,22.6369,6.0,11.0,8.0,2.3427,2.0676,1.4762,2.6456649948592927,2.5882427312035428,2.2164158508729392,0.622023195702,0.6136374738179999,0.5488211295700001,0.994767,0.993265,0.773631,0.0,0.0,1.0,6.0,5.0,5.0,53.0,54.0,59.0,16.514785838481266,16.760002219953478,14.420814561139085,11.602510194712316,0.0,12.206077645517674,BANKURA,BJP,BJP,0,TMC Strongholds (C0),3,2
BARANAGAR,0.48786900000000005,0.534229,0.38249299999999997,0.090343,0.314915,0.48261899999999996,0.385235,0.12564,0.120238,0.036553,0.025216,0.014650000000000002,76.9787,73.7237,84.37755,10.2634,21.9314,10.0126,5.0,6.0,10.0,2.6321,1.4838,0.7068,2.525761849951477,2.493807017298918,2.538755412937621,0.604079854156,0.599006662078,0.6061062066460001,0.897366,0.780686,0.899874,0.0,0.0,20.0,7.0,7.0,6.0,60.0,65.0,53.0,16.75830086302466,17.233733675710873,17.811700303235526,15.665700714682147,14.873065407730609,15.552894971508865,Baranagar,TMC,BJP,0,TMC Strongholds (C0),3,2
BARANAGAR,0.48786900000000005,0.534229,0.38249299999999997,0.090343,0.314915,0.48261899999999996,0.385235,0.12564,0.120238,0.036553,0.025216,0.014650000000000002,76.9787,73.7237,84.37755,10.2634,21.9314,10.0126,5.0,6.0,10.0,2.6321,1.4838,0.7068,2.525761849951477,2.493807017298918,2.538755412937621,0.604079854156,0.599006662078,0.6061062066460001,0.897366,0.780686,0.899874,0.0,0.0,20.0,7.0,7.0,6.0,60.0,65.0,53.0,16.75830086302466,17.233733675710873,17.811700303235526,15.665700714682147,14.873065407730609,15.552894971508865,BARANAGAR,TMC,BJP,0,TMC Strongholds (C0),3,2
BARASAT,0.48436100000000004,0.462684,0.370295,0.10952500000000001,0.357313,0.516354,0.36884900000000004,0.153247,0.08994400000000001,0.037265,0.026756000000000002,0.023407,82.9276,80.8964,84.37755,12.149,10.5371,14.6059,6.0,9.0,12.0,1.8132,1.1909,0.6521,2.6038983500497292,2.7326168038306364,2.424961675952839,0.615960431028,0.63405040963,0.587622348874,0.87851,0.894629,0.8539410000000001,0.0,0.0,3.0,5.0,5.0,6.0,66.0,70.0,60.0,17.452209455769136,17.87630068067409,14.403302222853894,0.0,13.661643504577901,0.0,Barasat,TMC,BJP,0,TMC Strongholds (C0),3,2
BARASAT,0.48436100000000004,0.462684,0.370295,0.10952500000000001,0.357313,0.516354,0.36884900000000004,0.153247,0.08994400000000001,0.037265,0.026756000000000002,0.023407,82.9276,80.8964,84.37755,12.149,10.5371,14.6059,6.0,9.0,12.0,1.8132,1.1909,0.6521,2.6038983500497292,2.7326168038306364,2.424961675952839,0.615960431028,0.63405040963,0.587622348874,0.87851,0.894629,0.8539410000000001,0.0,0.0,3.0,5.0,5.0,6.0,66.0,70.0,60.0,17.452209455769136,17.87630068067409,14.403302222853894,0.0,13.661643504577901,0.0,BARASAT,TMC,BJP,0,TMC Strongholds (C0),3,2
BARDHAMAN DAKSHIN,0.473384,0.44323,0.377321,0.083423,0.40375999999999995,0.526083,0.0070220000000000005,0.11757300000000001,0.075831,0.43617100000000003,0.035436999999999996,0.020765,80.489,79.9984,84.37755,15.1667,3.947,14.8762,6.0,8.0,9.0,1.7486,1.8053,1.1542,2.3733449170419165,2.6698408454457594,2.3511930742893328,0.57865374189,0.6254458382020001,0.574684014284,0.848333,0.96053,0.8512379999999999,0.0,9.0,5.0,8.0,4.0,7.0,75.0,54.0,42.0,15.532003948794937,17.102488932767457,17.652079685914334,0.0,13.226917968392094,15.237400077464704,Bardhaman Dakshin,TMC,BJP,0,TMC Strongholds (C0),3,2
BARDHAMAN DAKSHIN,0.473384,0.44323,0.377321,0.083423,0.40375999999999995,0.526083,0.0070220000000000005,0.11757300000000001,0.075831,0.43617100000000003,0.035436999999999996,0.020765,80.489,79.9984,84.37755,15.1667,3.947,14.8762,6.0,8.0,9.0,1.7486,1.8053,1.1542,2.3733449170419165,2.6698408454457594,2.3511930742893328,0.57865374189,0.6254458382020001,0.574684014284,0.848333,0.96053,0.8512379999999999,0.0,9.0,5.0,8.0,4.0,7.0,75.0,54.0,42.0,15.532003948794937,17.102488932767457,17.652079685914334,0.0,13.226917968392094,15.237400077464704,BARDHAMAN DAKSHIN,TMC,BJP,0,TMC Strongholds (C0),3,2
BARDHAMAN UTTAR,0.474275,0.459692,0.454512,0.070413,0.38831499999999997,0.42845599999999995,0.010487,0.128255,0.086229,0.444825,0.023738000000000002,0.030802999999999997,88.2742,87.3918,84.37755,5.3034,7.1377,2.6056,5.0,4.0,9.0,1.5678,0.9904,1.521,2.337136502654449,2.637700413105886,2.5091586339494474,0.572125976012,0.620881888242,0.6014600326700001,0.946966,0.928623,0.973944,1.0,1.0,1.0,6.0,6.0,6.0,56.0,56.0,56.0,0.0,0.0,0.0,0.0,0.0,0.0,Bardhaman Uttar,TMC,TMC,3,TMC Strongholds (C3),0,3
BARDHAMAN UTTAR,0.474275,0.459692,0.454512,0.070413,0.38831499999999997,0.42845599999999995,0.010487,0.128255,0.086229,0.444825,0.023738000000000002,0.030802999999999997,88.2742,87.3918,84.37755,5.3034,7.1377,2.6056,5.0,4.0,9.0,1.5678,0.9904,1.521,2.337136502654449,2.637700413105886,2.5091586339494474,0.572125976012,0.620881888242,0.6014600326700001,0.946966,0.928623,0.973944,1.0,1.0,1.0,6.0,6.0,6.0,56.0,56.0,56.0,0.0,0.0,0.0,0.0,0.0,0.0,BARDHAMAN UTTAR,TMC,TMC,3,TMC Strongholds (C3),0,3
BARJORA,0.431104,0.425104,0.35735999999999996,0.07992099999999999,0.410208,0.532877,0.011755,0.120277,0.076011,0.47722000000000003,0.044411,0.033752,86.4615,87.64,84.37755,0.3079,1.4896,17.5517,6.0,7.0,9.0,2.1166,2.2342,1.1412,2.3802998756835914,2.736555313983955,2.3890242319929387,0.579884866518,0.63457709227,0.5814190636459999,0.996921,0.985104,0.824483,3.0,0.0,1.0,6.0,4.0,7.0,48.0,61.0,46.0,14.48267971264405,14.504666785254111,14.902596674793761,14.210926003619385,0.0,0.0,Barjora,TMC,BJP,0,TMC Strongholds (C0),3,2
BARJORA,0.431104,0.425104,0.35735999999999996,0.07992099999999999,0.410208,0.532877,0.011755,0.120277,0.076011,0.47722000000000003,0.044411,0.033752,86.4615,87.64,84.37755,0.3079,1.4896,17.5517,6.0,7.0,9.0,2.1166,2.2342,1.1412,2.3802998756835914,2.736555313983955,2.3890242319929387,0.579884866518,0.63457709227,0.5814190636459999,0.996921,0.985104,0.824483,3.0,0.0,1.0,6.0,4.0,7.0,48.0,61.0,46.0,14.48267971264405,14.504666785254111,14.902596674793761,14.210926003619385,0.0,0.0,BARJORA,TMC,BJP,0,TMC Strongholds (C0),3,2
BARRACKPUR,0.402294,0.464671,0.40436900000000003,0.20234100000000002,0.40246499999999996,0.5065,0.0,0.10890499999999999,0.074562,0.39536499999999997,0.023959,0.014569,71.7802,68.9519,84.37755,5.067,6.2206,10.2131,6.0,5.0,9.0,1.8921,1.3019,0.7727,2.784771996100887,2.561924618302371,2.3483644309845526,0.640904174058,0.609668452828,0.574171714234,0.94933,0.937794,0.897869,1.0,0.0,12.0,7.0,5.0,7.0,57.0,46.0,35.0,14.820694561619403,18.705877610837412,16.771398171750775,0.0,16.85408625357653,0.0,Barrackpur,TMC,BJP,0,TMC Strongholds (C0),3,2
BARRACKPUR,0.402294,0.464671,0.40436900000000003,0.20234100000000002,0.40246499999999996,0.5065,0.0,0.10890499999999999,0.074562,0.39536499999999997,0.023959,0.014569,71.7802,68.9519,84.37755,5.067,6.2206,10.2131,6.0,5.0,9.0,1.8921,1.3019,0.7727,2.784771996100887,2.561924618302371,2.3483644309845526,0.640904174058,0.609668452828,0.574171714234,0.94933,0.937794,0.897869,1.0,0.0,12.0,7.0,5.0,7.0,57.0,46.0,35.0,14.820694561619403,18.705877610837412,16.771398171750775,0.0,16.85408625357653,0.0,BARRACKPUR,TMC,BJP,0,TMC Strongholds (C0),3,2
BARUIPUR PASCHIM,0.5473319999999999,0.572693,0.474056,0.075639,0.27968699999999996,0.393243,0.006221,0.12134299999999999,0.114214,0.370808,0.026277,0.018487,85.7707,83.3678,84.37755,20.0061,29.3006,8.0813,7.0,8.0,10.0,1.2141,0.727,0.5022,2.2581985862896645,2.371822588662473,2.54611164034524,0.55716914975,0.578383305404,0.60724424485,0.799939,0.706994,0.919187,0.0,0.0,0.0,7.0,7.0,7.0,68.0,72.0,77.0,16.69395468588361,16.98780898269398,17.43045720919684,0.0,0.0,0.0,Baruipur paschim,TMC,TMC,2,TMC Strongholds (C2),2,0
BARUIPUR PASCHIM,0.5473319999999999,0.572693,0.474056,0.075639,0.27968699999999996,0.393243,0.006221,0.12134299999999999,0.114214,0.370808,0.026277,0.018487,85.7707,83.3678,84.37755,20.0061,29.3006,8.0813,7.0,8.0,10.0,1.2141,0.727,0.5022,2.2581985862896645,2.371822588662473,2.54611164034524,0.55716914975,0.578383305404,0.60724424485,0.799939,0.706994,0.919187,0.0,0.0,0.0,7.0,7.0,7.0,68.0,72.0,77.0,16.69395468588361,16.98780898269398,17.43045720919684,0.0,0.0,0.0,Baruipur Paschim,TMC,TMC,2,TMC Strongholds (C2),2,0
BARUIPUR PASCHIM,0.5473319999999999,0.572693,0.474056,0.075639,0.27968699999999996,0.393243,0.006221,0.12134299999999999,0.114214,0.370808,0.026277,0.018487,85.7707,83.3678,84.37755,20.0061,29.3006,8.0813,7.0,8.0,10.0,1.2141,0.727,0.5022,2.2581985862896645,2.371822588662473,2.54611164034524,0.55716914975,0.578383305404,0.60724424485,0.799939,0.706994,0.919187,0.0,0.0,0.0,7.0,7.0,7.0,68.0,72.0,77.0,16.69395468588361,16.98780898269398,17.43045720919684,0.0,0.0,0.0,BARUIPUR PASCHIM,TMC,TMC,2,TMC Strongholds (C2),2,0
BARUIPUR PURBA,0.48088200000000003,0.547469,0.509807,0.066356,0.32695399999999997,0.375747,0.048081,0.102135,0.090617,0.404681,0.023441999999999998,0.023829,86.2447,84.9308,84.37755,10.6071,22.0515,13.406,7.0,7.0,11.0,1.0554,0.824,0.7092,2.4892395713010855,2.39462277112357,2.439808418585097,0.598270889018,0.582397690334,0.590131752812,0.893929,0.779485,0.8659399999999999,1.0,1.0,1.0,6.0,6.0,6.0,56.0,56.0,56.0,0.0,0.0,0.0,0.0,0.0,0.0,Baruipur Purba,TMC,TMC,3,TMC Strongholds (C3),0,3
BARUIPUR PURBA,0.48088200000000003,0.547469,0.509807,0.066356,0.32695399999999997,0.375747,0.048081,0.102135,0.090617,0.404681,0.023441999999999998,0.023829,86.2447,84.9308,84.37755,10.6071,22.0515,13.406,7.0,7.0,11.0,1.0554,0.824,0.7092,2.4892395713010855,2.39462277112357,2.439808418585097,0.598270889018,0.582397690334,0.590131752812,0.893929,0.779485,0.8659399999999999,1.0,1.0,1.0,6.0,6.0,6.0,56.0,56.0,56.0,0.0,0.0,0.0,0.0,0.0,0.0,BARUIPUR PURBA,TMC,TMC,3,TMC Strongholds (C3),0,3
BASANTI,0.49872500000000003,0.521028,0.549879,0.057149,0.284283,0.307574,0.407229,0.174727,0.016575,0.036897,0.019962,0.125972,80.6135,82.2143,84.37755,9.1496,23.6745,24.2305,5.0,6.0,8.0,2.4721,0.8915,0.6047,2.3855560447515356,2.609501147228984,2.4206489750875124,0.5808105191240001,0.6167849931539999,0.586887644474,0.908504,0.763255,0.757695,1.0,1.0,1.0,6.0,6.0,6.0,56.0,56.0,56.0,0.0,0.0,0.0,0.0,0.0,0.0,Basanti,TMC,TMC,3,TMC Strongholds (C3),0,3
BASANTI,0.49872500000000003,0.521028,0.549879,0.057149,0.284283,0.307574,0.407229,0.174727,0.016575,0.036897,0.019962,0.125972,80.6135,82.2143,84.37755,9.1496,23.6745,24.2305,5.0,6.0,8.0,2.4721,0.8915,0.6047,2.3855560447515356,2.609501147228984,2.4206489750875124,0.5808105191240001,0.6167849931539999,0.586887644474,0.908504,0.763255,0.757695,1.0,1.0,1.0,6.0,6.0,6.0,56.0,56.0,56.0,0.0,0.0,0.0,0.0,0.0,0.0,BASANTI,TMC,TMC,3,TMC Strongholds (C3),0,3
BASIRHAT DAKSHIN,0.40659799999999996,0.491535,0.450895,0.295547,0.38774099999999995,0.412801,0.275011,0.103658,0.11056300000000001,0.022844000000000003,0.017065999999999998,0.025741,86.7225,85.5226,84.37755,11.1051,10.3794,3.8094,8.0,6.0,11.0,0.8997,0.7165,0.5297,3.0411510809733184,2.4814759764702186,2.5866679745155166,0.6711771387300001,0.597014031374,0.6134022573239999,0.888949,0.8962060000000001,0.961906,0.0,0.0,1.0,6.0,7.0,6.0,37.0,40.0,52.0,14.698229614781955,18.02289032493217,16.724286416654554,12.759572627131682,13.84805712539662,13.850056901716858,Basirhat Dakshin,TMC,TMC,0,TMC Strongholds (C0),2,0
BASIRHAT DAKSHIN,0.40659799999999996,0.491535,0.450895,0.295547,0.38774099999999995,0.412801,0.275011,0.103658,0.11056300000000001,0.022844000000000003,0.017065999999999998,0.025741,86.7225,85.5226,84.37755,11.1051,10.3794,3.8094,8.0,6.0,11.0,0.8997,0.7165,0.5297,3.0411510809733184,2.4814759764702186,2.5866679745155166,0.6711771387300001,0.597014031374,0.6134022573239999,0.888949,0.8962060000000001,0.961906,0.0,0.0,1.0,6.0,7.0,6.0,37.0,40.0,52.0,14.698229614781955,18.02289032493217,16.724286416654554,12.759572627131682,13.84805712539662,13.850056901716858,BASIRHAT DAKSHIN,TMC,TMC,0,TMC Strongholds (C0),2,0
BASIRHAT UTTAR,0.455086,0.575508,0.484161,0.061117,0.19924399999999998,0.231432,0.0,0.0,0.008769,0.483797,0.225248,0.275638,89.6154,89.0409,84.37755,0.23,37.4754,24.0062,4.0,5.0,10.0,1.2357,0.8187,0.7059,2.2477057495206667,2.3716673534976107,2.7470576838939484,0.555101907706,0.578355708896,0.63597415305,0.9977,0.625246,0.759938,2.0,2.0,0.0,7.0,7.0,2.0,56.0,61.0,35.0,15.456007118182843,16.316326071369783,14.520691541006602,0.0,0.0,0.0,Basirhat Uttar,TMC,TMC,2,TMC Strongholds (C2),2,2
BASIRHAT UTTAR,0.455086,0.575508,0.484161,0.061117,0.19924399999999998,0.231432,0.0,0.0,0.008769,0.483797,0.225248,0.275638,89.6154,89.0409,84.37755,0.23,37.4754,24.0062,4.0,5.0,10.0,1.2357,0.8187,0.7059,2.2477057495206667,2.3716673534976107,2.7470576838939484,0.555101907706,0.578355708896,0.63597415305,0.9977,0.625246,0.759938,2.0,2.0,0.0,7.0,7.0,2.0,56.0,61.0,35.0,15.456007118182843,16.316326071369783,14.520691541006602,0.0,0.0,0.0,BASIRHAT UTTAR,TMC,TMC,2,TMC Strongholds (C2),2,2
BEHALA PASCHIM,0.45980899999999997,0.49512500000000004,0.370492,0.08088100000000001,0.275624,0.473923,0.0067269999999999995,0.204943,0.13751,0.45258299999999996,0.024308,0.018075,75.4334,74.154,84.37755,4.0057,21.9501,10.3431,8.0,8.0,14.0,1.8629,1.0495,0.6215,2.36494576884467,2.7494442422882175,2.6239622911113014,0.57715732294,0.636290132886,0.618896962282,0.959943,0.780499,0.896569,0.0,0.0,6.0,8.0,8.0,7.0,63.0,68.0,37.0,16.591804096389538,16.266072799409365,17.32327737424717,14.978661680269907,0.0,13.7442035824313,Behala paschim,TMC,BJP,0,TMC Strongholds (C0),3,2
BEHALA PASCHIM,0.45980899999999997,0.49512500000000004,0.370492,0.08088100000000001,0.275624,0.473923,0.0067269999999999995,0.204943,0.13751,0.45258299999999996,0.024308,0.018075,75.4334,74.154,84.37755,4.0057,21.9501,10.3431,8.0,8.0,14.0,1.8629,1.0495,0.6215,2.36494576884467,2.7494442422882175,2.6239622911113014,0.57715732294,0.636290132886,0.618896962282,0.959943,0.780499,0.896569,0.0,0.0,6.0,8.0,8.0,7.0,63.0,68.0,37.0,16.591804096389538,16.266072799409365,17.32327737424717,14.978661680269907,0.0,13.7442035824313,Behala Paschim,TMC,BJP,0,TMC Strongholds (C0),3,2
BEHALA PASCHIM,0.45980899999999997,0.49512500000000004,0.370492,0.08088100000000001,0.275624,0.473923,0.0067269999999999995,0.204943,0.13751,0.45258299999999996,0.024308,0.018075,75.4334,74.154,84.37755,4.0057,21.9501,10.3431,8.0,8.0,14.0,1.8629,1.0495,0.6215,2.36494576884467,2.7494442422882175,2.6239622911113014,0.57715732294,0.636290132886,0.618896962282,0.959943,0.780499,0.896569,0.0,0.0,6.0,8.0,8.0,7.0,63.0,68.0,37.0,16.591804096389538,16.266072799409365,17.32327737424717,14.978661680269907,0.0,13.7442035824313,BEHALA PASCHIM,TMC,BJP,0,TMC Strongholds (C0),3,2
BEHALA PURBA,0.47334899999999996,0.500144,0.385045,0.107063,0.331452,0.492153,0.0,0.13897600000000002,0.104637,0.41958799999999996,0.029428,0.018165,73.4088,71.974,84.37755,11.9017,16.8692,10.7108,8.0,11.0,12.0,1.9199,1.2778,0.6967,2.429685795027711,2.630299896209839,2.4890909588277794,0.588424148486,0.6198152152,0.5982469035719999,0.880983,0.831308,0.892892,0.0,5.0,3.0,7.0,6.0,7.0,53.0,49.0,55.0,18.024074970787606,18.668624578157853,17.33910257733334,0.0,18.014673453890126,13.541075028051122,BEHALA PURBA,TMC,BJP,0,TMC Strongholds (C0),3,2
BEHALA PURBA,0.47334899999999996,0.500144,0.385045,0.107063,0.331452,0.492153,0.0,0.13897600000000002,0.104637,0.41958799999999996,0.029428,0.018165,73.4088,71.974,84.37755,11.9017,16.8692,10.7108,8.0,11.0,12.0,1.9199,1.2778,0.6967,2.429685795027711,2.630299896209839,2.4890909588277794,0.588424148486,0.6198152152,0.5982469035719999,0.880983,0.831308,0.892892,0.0,5.0,3.0,7.0,6.0,7.0,53.0,49.0,55.0,18.024074970787606,18.668624578157853,17.33910257733334,0.0,18.014673453890126,13.541075028051122,Behala Purba,TMC,BJP,0,TMC Strongholds (C0),3,2
BELDANGA,0.32227200000000006,0.551863,0.261008,0.145703,0.28864,0.31878799999999996,0.494274,0.13411,0.200778,0.037751,0.025387,0.21942599999999998,80.2046,80.9345,84.37755,17.2002,26.3223,5.778,5.0,7.0,8.0,1.2661,0.6689,0.7782,2.6967223108579303,2.4600499436744703,3.8728086037792715,0.6291794687299999,0.593504187762,0.7417894602320001,0.827998,0.736777,0.9422200000000001,0.0,4.0,0.0,5.0,5.0,6.0,57.0,47.0,75.0,15.530433798266833,17.009602504077474,18.506229260650098,0.0,13.652959863256108,16.68168894668289,Beldanga,TMC,BJP,2,TMC Strongholds (C2),1,0
BELDANGA,0.32227200000000006,0.551863,0.261008,0.145703,0.28864,0.31878799999999996,0.494274,0.13411,0.200778,0.037751,0.025387,0.21942599999999998,80.2046,80.9345,84.37755,17.2002,26.3223,5.778,5.0,7.0,8.0,1.2661,0.6689,0.7782,2.6967223108579303,2.4600499436744703,3.8728086037792715,0.6291794687299999,0.593504187762,0.7417894602320001,0.827998,0.736777,0.9422200000000001,0.0,4.0,0.0,5.0,5.0,6.0,57.0,47.0,75.0,15.530433798266833,17.009602504077474,18.506229260650098,0.0,13.652959863256108,16.68168894668289,BELDANGA,TMC,BJP,2,TMC Strongholds (C2),1,0
BELEGHATA,0.528245,0.6509659999999999,0.538499,0.0717,0.227386,0.374371,0.0,0.08966900000000001,0.071571,0.400055,0.031979,0.015559,66.3786,63.1798,84.37755,16.2994,42.358,16.4128,6.0,13.0,11.0,1.9631,0.9867,0.9006,2.2510979406891773,2.0638799228761147,2.2962148939332088,0.5557723269500001,0.5154756878460001,0.564500690836,0.837006,0.57642,0.835872,2.0,3.0,10.0,6.0,6.0,5.0,70.0,75.0,58.0,16.19857281808683,17.579115129472914,17.535525434877798,0.0,0.0,0.0,Beleghata,TMC,TMC,2,TMC Strongholds (C2),1,0
BELEGHATA,0.528245,0.6509659999999999,0.538499,0.0717,0.227386,0.374371,0.0,0.08966900000000001,0.071571,0.400055,0.031979,0.015559,66.3786,63.1798,84.37755,16.2994,42.358,16.4128,6.0,13.0,11.0,1.9631,0.9867,0.9006,2.2510979406891773,2.0638799228761147,2.2962148939332088,0.5557723269500001,0.5154756878460001,0.564500690836,0.837006,0.57642,0.835872,2.0,3.0,10.0,6.0,6.0,5.0,70.0,75.0,58.0,16.19857281808683,17.579115129472914,17.535525434877798,0.0,0.0,0.0,BELEGHATA,TMC,TMC,2,TMC Strongholds (C2),1,0
BHABANIPUR,0.476665,0.577071,0.421854,0.191328,0.351605,0.5302020000000001,0.296199,0.04091,0.036094,0.035808,0.030414,0.011850000000000001,66.8188,61.794,84.37755,18.4067,22.5466,10.8348,11.0,9.0,12.0,1.7904,1.2326,0.5946,2.8342101592326334,2.177531274120601,2.171467039484853,0.647168013726,0.540764345438,0.5394818425439999,0.815933,0.774534,0.891652,1.0,0.0,29.0,6.0,7.0,7.0,56.0,77.0,57.0,0.0,16.931639603942305,15.96582997672451,0.0,0.0,0.0,Bhabanipur,TMC,BJP,2,TMC Strongholds (C2),3,0
BHABANIPUR,0.476665,0.577071,0.421854,0.191328,0.351605,0.5302020000000001,0.296199,0.04091,0.036094,0.035808,0.030414,0.011850000000000001,66.8188,61.794,84.37755,18.4067,22.5466,10.8348,11.0,9.0,12.0,1.7904,1.2326,0.5946,2.8342101592326334,2.177531274120601,2.171467039484853,0.647168013726,0.540764345438,0.5394818425439999,0.815933,0.774534,0.891652,1.0,0.0,29.0,6.0,7.0,7.0,56.0,77.0,57.0,0.0,16.931639603942305,15.96582997672451,0.0,0.0,0.0,BHABANIPUR,TMC,BJP,2,TMC Strongholds (C2),3,0
BHAGABANPUR,0.541844,0.421877,0.442991,0.038016,0.54561,0.5272939999999999,0.39233199999999996,0.027936000000000002,0.022798,0.027808000000000003,0.004577,0.0069169999999999995,88.2166,87.6589,84.37755,15.5647,12.3733,8.4303,8.0,4.0,7.0,0.5599,0.4577,0.2831,2.2235176946237827,2.0987598995816317,2.105938910641337,0.5502621803200001,0.5235281557459999,0.52515241779,0.844353,0.876267,0.915697,0.0,1.0,4.0,7.0,5.0,7.0,63.0,50.0,41.0,14.640387947490938,15.81360659578337,15.02165141037458,0.0,14.731801689838349,13.5875667538494,Bhagabanpur,BJP,BJP,0,TMC Strongholds (C0),2,2
BHAGABANPUR,0.541844,0.421877,0.442991,0.038016,0.54561,0.5272939999999999,0.39233199999999996,0.027936000000000002,0.022798,0.027808000000000003,0.004577,0.0069169999999999995,88.2166,87.6589,84.37755,15.5647,12.3733,8.4303,8.0,4.0,7.0,0.5599,0.4577,0.2831,2.2235176946237827,2.0987598995816317,2.105938910641337,0.5502621803200001,0.5235281557459999,0.52515241779,0.844353,0.876267,0.915697,0.0,1.0,4.0,7.0,5.0,7.0,63.0,50.0,41.0,14.640387947490938,15.81360659578337,15.02165141037458,0.0,14.731801689838349,13.5875667538494,BHAGABANPUR,BJP,BJP,0,TMC Strongholds (C0),2,2
BHAGAWANGOLA,0.355899,0.680539,0.48574300000000004,0.02733,0.07392800000000001,0.105877,0.00538,0.213443,0.368685,0.611391,0.03209,0.039695,85.9787,85.7165,84.37755,18.799,46.9083,25.8491,10.0,11.0,9.0,1.3225,1.5027,0.4972,1.9950565436290322,1.9410451705536094,2.5996948974338356,0.49876107361799993,0.48481363794599996,0.6153394765719999,0.81201,0.5309170000000001,0.741509,1.0,4.0,1.0,6.0,7.0,6.0,56.0,70.0,56.0,0.0,16.873368960802072,0.0,0.0,0.0,0.0,Bhagawangola,TMC,TMC,2,TMC Strongholds (C2),1,0
BHAGAWANGOLA,0.355899,0.680539,0.48574300000000004,0.02733,0.07392800000000001,0.105877,0.00538,0.213443,0.368685,0.611391,0.03209,0.039695,85.9787,85.7165,84.37755,18.799,46.9083,25.8491,10.0,11.0,9.0,1.3225,1.5027,0.4972,1.9950565436290322,1.9410451705536094,2.5996948974338356,0.49876107361799993,0.48481363794599996,0.6153394765719999,0.81201,0.5309170000000001,0.741509,1.0,4.0,1.0,6.0,7.0,6.0,56.0,70.0,56.0,0.0,16.873368960802072,0.0,0.0,0.0,0.0,BHAGAWANGOLA,TMC,TMC,2,TMC Strongholds (C2),1,0
BHARATPUR,0.295117,0.509006,0.423787,0.060897,0.28111,0.280365,0.603511,0.159304,0.261128,0.040475000000000004,0.05058,0.03472,76.5638,77.7659,84.37755,6.6664,22.7896,14.3422,6.0,7.0,10.0,2.3218,1.2928,0.7555,2.1897830628203794,2.731896778337595,3.052565805484829,0.5433337589559999,0.6339539590480001,0.672406734622,0.9333359999999999,0.772104,0.8565780000000001,2.0,10.0,3.0,5.0,5.0,4.0,40.0,61.0,45.0,13.705509290656853,17.241150146884262,16.877356408478924,0.0,14.896155733748476,14.746069019969438,Bharatpur,TMC,TMC,2,TMC Strongholds (C2),1,0
BHARATPUR,0.295117,0.509006,0.423787,0.060897,0.28111,0.280365,0.603511,0.159304,0.261128,0.040475000000000004,0.05058,0.03472,76.5638,77.7659,84.37755,6.6664,22.7896,14.3422,6.0,7.0,10.0,2.3218,1.2928,0.7555,2.1897830628203794,2.731896778337595,3.052565805484829,0.5433337589559999,0.6339539590480001,0.672406734622,0.9333359999999999,0.772104,0.8565780000000001,2.0,10.0,3.0,5.0,5.0,4.0,40.0,61.0,45.0,13.705509290656853,17.241150146884262,16.877356408478924,0.0,14.896155733748476,14.746069019969438,BHARATPUR,TMC,TMC,2,TMC Strongholds (C2),1,0
BHATAR,0.46862499999999996,0.5044080000000001,0.42987699999999995,0.065576,0.35620199999999996,0.460283,0.0,0.09154999999999999,0.067472,0.465799,0.04784,0.042367999999999996,87.1769,87.1262,84.37755,3.1801,14.8206,3.0406,5.0,8.0,10.0,1.0674,2.0292,1.5147,2.2681995813785982,2.551167729196571,2.4813760726680067,0.559121689198,0.6080226366319998,0.596997806574,0.968199,0.8517939999999999,0.969594,0.0,11.0,6.0,7.0,5.0,7.0,48.0,66.0,34.0,14.776393703387015,15.23069553697521,17.076965833721193,13.563754031972575,11.407576060361786,17.366580395174832,Bhatar,TMC,BJP,0,TMC Strongholds (C0),3,2
BHATAR,0.46862499999999996,0.5044080000000001,0.42987699999999995,0.065576,0.35620199999999996,0.460283,0.0,0.09154999999999999,0.067472,0.465799,0.04784,0.042367999999999996,87.1769,87.1262,84.37755,3.1801,14.8206,3.0406,5.0,8.0,10.0,1.0674,2.0292,1.5147,2.2681995813785982,2.551167729196571,2.4813760726680067,0.559121689198,0.6080226366319998,0.596997806574,0.968199,0.8517939999999999,0.969594,0.0,11.0,6.0,7.0,5.0,7.0,48.0,66.0,34.0,14.776393703387015,15.23069553697521,17.076965833721193,13.563754031972575,11.407576060361786,17.366580395174832,BHATAR,TMC,BJP,0,TMC Strongholds (C0),3,2
BHATPARA,0.545723,0.406327,0.365672,0.132008,0.534007,0.5801959999999999,0.006337000000000001,0.025757,0.03437,0.315932,0.033908999999999995,0.019762,75.0168,69.5917,84.37755,26.6493,12.768,21.4524,7.0,9.0,9.0,1.8558,1.0821,0.8832,2.409099316600263,2.212005948346569,2.1190245784183133,0.5849071090140001,0.547921649692,0.5280847564560001,0.733507,0.87232,0.785476,11.0,12.0,11.0,5.0,6.0,6.0,54.0,33.0,38.0,15.398696482614236,17.63485495795691,18.03760482686312,13.910821646859095,12.793862088206213,15.951020829716516,Bhatpara,BJP,BJP,0,TMC Strongholds (C0),3,2
BHATPARA,0.545723,0.406327,0.365672,0.132008,0.534007,0.5801959999999999,0.006337000000000001,0.025757,0.03437,0.315932,0.033908999999999995,0.019762,75.0168,69.5917,84.37755,26.6493,12.768,21.4524,7.0,9.0,9.0,1.8558,1.0821,0.8832,2.409099316600263,2.212005948346569,2.1190245784183133,0.5849071090140001,0.547921649692,0.5280847564560001,0.733507,0.87232,0.785476,11.0,12.0,11.0,5.0,6.0,6.0,54.0,33.0,38.0,15.398696482614236,17.63485495795691,18.03760482686312,13.910821646859095,12.793862088206213,15.951020829716516,BHATPARA,BJP,BJP,0,TMC Strongholds (C0),3,2
BIDHANNAGAR,0.428572,0.468491,0.341715,0.140859,0.419138,0.552044,0.38673900000000005,0.079125,0.08986100000000001,0.04383,0.033246000000000005,0.01638,68.0057,66.7961,84.37755,4.5287,4.9353,21.0329,9.0,9.0,10.0,2.1095,1.3658,0.7787,2.816874905339619,2.4843082256652136,2.3263116252063734,0.644996659914,0.597473457734,0.5701349771180001,0.954713,0.950647,0.789671,1.0,0.0,0.0,6.0,4.0,7.0,56.0,58.0,56.0,0.0,18.002252303758144,18.873197706244227,0.0,16.594894763517374,15.390534028596345,Bidhannagar,TMC,BJP,0,TMC Strongholds (C0),3,2
BIDHANNAGAR,0.428572,0.468491,0.341715,0.140859,0.419138,0.552044,0.38673900000000005,0.079125,0.08986100000000001,0.04383,0.033246000000000005,0.01638,68.0057,66.7961,84.37755,4.5287,4.9353,21.0329,9.0,9.0,10.0,2.1095,1.3658,0.7787,2.816874905339619,2.4843082256652136,2.3263116252063734,0.644996659914,0.597473457734,0.5701349771180001,0.954713,0.950647,0.789671,1.0,0.0,0.0,6.0,4.0,7.0,56.0,58.0,56.0,0.0,18.002252303758144,18.873197706244227,0.0,16.594894763517374,15.390534028596345,BIDHANNAGAR,TMC,BJP,0,TMC Strongholds (C0),3,2
BIJPUR,0.61584,0.478986,0.40346200000000004,0.110045,0.38303,0.495555,0.013737,0.115259,0.07713,0.260378,0.022725,0.023853,69.4713,72.54,84.37755,38.4321,9.5956,9.2093,7.0,7.0,13.0,1.1893,0.8821,0.5045,2.1769692447994946,2.5644929469872983,2.4103683674213685,0.540645784322,0.610059368198,0.585125654022,0.6156790000000001,0.9040440000000001,0.907907,0.0,5.0,9.0,7.0,6.0,5.0,33.0,45.0,41.0,16.68979155107108,18.23582266089393,12.701600858255674,14.430589164299679,17.243441038114465,0.0,Bijpur,TMC,BJP,0,TMC Strongholds (C0),2,2
BIJPUR,0.61584,0.478986,0.40346200000000004,0.110045,0.38303,0.495555,0.013737,0.115259,0.07713,0.260378,0.022725,0.023853,69.4713,72.54,84.37755,38.4321,9.5956,9.2093,7.0,7.0,13.0,1.1893,0.8821,0.5045,2.1769692447994946,2.5644929469872983,2.4103683674213685,0.540645784322,0.610059368198,0.585125654022,0.6156790000000001,0.9040440000000001,0.907907,0.0,5.0,9.0,7.0,6.0,5.0,33.0,45.0,41.0,16.68979155107108,18.23582266089393,12.701600858255674,14.430589164299679,17.243441038114465,0.0,BIJPUR,TMC,BJP,0,TMC Strongholds (C0),2,2
BINPUR,0.55074,0.531134,0.404947,0.088914,0.321947,0.5153719999999999,0.009778,0.053417000000000006,0.040004,0.35056800000000005,0.09350199999999999,0.039677,84.4315,84.3628,84.37755,28.3539,20.9187,11.0425,6.0,8.0,9.0,2.9651,1.7505,1.2875,2.3030130515989202,2.516678046440607,2.3107231470645098,0.565786221096,0.602650803342,0.567235044462,0.716461,0.790813,0.889575,1.0,1.0,1.0,6.0,6.0,6.0,56.0,56.0,56.0,0.0,0.0,0.0,0.0,0.0,0.0,Binpur,TMC,BJP,3,TMC Strongholds (C3),0,3
BINPUR,0.55074,0.531134,0.404947,0.088914,0.321947,0.5153719999999999,0.009778,0.053417000000000006,0.040004,0.35056800000000005,0.09350199999999999,0.039677,84.4315,84.3628,84.37755,28.3539,20.9187,11.0425,6.0,8.0,9.0,2.9651,1.7505,1.2875,2.3030130515989202,2.516678046440607,2.3107231470645098,0.565786221096,0.602650803342,0.567235044462,0.716461,0.790813,0.889575,1.0,1.0,1.0,6.0,6.0,6.0,56.0,56.0,56.0,0.0,0.0,0.0,0.0,0.0,0.0,BINPUR,TMC,BJP,3,TMC Strongholds (C3),0,3
BISHNUPUR,0.4803555,0.4916935,0.45860850000000003,0.0673285,0.3976955,0.4586875,0.22761900000000002,0.08182,0.057724,0.224697,0.028791,0.02498,85.47319999999999,86.70665,84.37755,7.742649999999999,15.3642,14.7431,6.0,5.5,7.5,1.54945,1.28495,0.85815,2.361686378454179,2.392152506381535,2.2957996534441767,0.5756274778300001,0.580601047869,0.5643719476810001,0.9225735,0.8463579999999999,0.8525689999999999,1.0,0.0,1.0,5.0,6.0,6.0,76.0,42.0,48.0,16.48511766881946,17.616367539446593,13.171351617193585,11.775297421715827,16.22320718562295,0.0,Bishnupur,TMC,TMC,0,TMC Strongholds (C0),2,2
BISHNUPUR,0.4803555,0.4916935,0.45860850000000003,0.0673285,0.3976955,0.4586875,0.22761900000000002,0.08182,0.057724,0.224697,0.028791,0.02498,85.47319999999999,86.70665,84.37755,7.742649999999999,15.3642,14.7431,6.0,5.5,7.5,1.54945,1.28495,0.85815,2.361686378454179,2.392152506381535,2.2957996534441767,0.5756274778300001,0.580601047869,0.5643719476810001,0.9225735,0.8463579999999999,0.8525689999999999,1.0,0.0,1.0,5.0,6.0,6.0,76.0,42.0,48.0,16.48511766881946,17.616367539446593,13.171351617193585,11.775297421715827,16.22320718562295,0.0,Bishnupur,TMC,BJP,0,TMC Strongholds (C0),2,2
BISHNUPUR,0.4803555,0.4916935,0.45860850000000003,0.0673285,0.3976955,0.4586875,0.22761900000000002,0.08182,0.057724,0.224697,0.028791,0.02498,85.47319999999999,86.70665,84.37755,7.742649999999999,15.3642,14.7431,6.0,5.5,7.5,1.54945,1.28495,0.85815,2.361686378454179,2.392152506381535,2.2957996534441767,0.5756274778300001,0.580601047869,0.5643719476810001,0.9225735,0.8463579999999999,0.8525689999999999,1.0,0.0,1.0,5.0,6.0,6.0,76.0,42.0,48.0,16.48511766881946,17.616367539446593,13.171351617193585,11.775297421715827,16.22320718562295,0.0,Bishnupur,BJP,TMC,0,TMC Strongholds (C0),2,2
BISHNUPUR,0.4803555,0.4916935,0.45860850000000003,0.0673285,0.3976955,0.4586875,0.22761900000000002,0.08182,0.057724,0.224697,0.028791,0.02498,85.47319999999999,86.70665,84.37755,7.742649999999999,15.3642,14.7431,6.0,5.5,7.5,1.54945,1.28495,0.85815,2.361686378454179,2.392152506381535,2.2957996534441767,0.5756274778300001,0.580601047869,0.5643719476810001,0.9225735,0.8463579999999999,0.8525689999999999,1.0,0.0,1.0,5.0,6.0,6.0,76.0,42.0,48.0,16.48511766881946,17.616367539446593,13.171351617193585,11.775297421715827,16.22320718562295,0.0,Bishnupur,BJP,BJP,0,TMC Strongholds (C0),2,2
BISHNUPUR,0.4803555,0.4916935,0.45860850000000003,0.0673285,0.3976955,0.4586875,0.22761900000000002,0.08182,0.057724,0.224697,0.028791,0.02498,85.47319999999999,86.70665,84.37755,7.742649999999999,15.3642,14.7431,6.0,5.5,7.5,1.54945,1.28495,0.85815,2.361686378454179,2.392152506381535,2.2957996534441767,0.5756274778300001,0.580601047869,0.5643719476810001,0.9225735,0.8463579999999999,0.8525689999999999,1.0,0.0,1.0,5.0,6.0,6.0,76.0,42.0,48.0,16.48511766881946,17.616367539446593,13.171351617193585,11.775297421715827,16.22320718562295,0.0,BISHNUPUR,TMC,TMC,0,TMC Strongholds (C0),2,2
BISHNUPUR,0.4803555,0.4916935,0.45860850000000003,0.0673285,0.3976955,0.4586875,0.22761900000000002,0.08182,0.057724,0.224697,0.028791,0.02498,85.47319999999999,86.70665,84.37755,7.742649999999999,15.3642,14.7431,6.0,5.5,7.5,1.54945,1.28495,0.85815,2.361686378454179,2.392152506381535,2.2957996534441767,0.5756274778300001,0.580601047869,0.5643719476810001,0.9225735,0.8463579999999999,0.8525689999999999,1.0,0.0,1.0,5.0,6.0,6.0,76.0,42.0,48.0,16.48511766881946,17.616367539446593,13.171351617193585,11.775297421715827,16.22320718562295,0.0,BISHNUPUR,TMC,BJP,0,TMC Strongholds (C0),2,2
BISHNUPUR,0.4803555,0.4916935,0.45860850000000003,0.0673285,0.3976955,0.4586875,0.22761900000000002,0.08182,0.057724,0.224697,0.028791,0.02498,85.47319999999999,86.70665,84.37755,7.742649999999999,15.3642,14.7431,6.0,5.5,7.5,1.54945,1.28495,0.85815,2.361686378454179,2.392152506381535,2.2957996534441767,0.5756274778300001,0.580601047869,0.5643719476810001,0.9225735,0.8463579999999999,0.8525689999999999,1.0,0.0,1.0,5.0,6.0,6.0,76.0,42.0,48.0,16.48511766881946,17.616367539446593,13.171351617193585,11.775297421715827,16.22320718562295,0.0,BISHNUPUR,BJP,TMC,0,TMC Strongholds (C0),2,2
BISHNUPUR,0.4803555,0.4916935,0.45860850000000003,0.0673285,0.3976955,0.4586875,0.22761900000000002,0.08182,0.057724,0.224697,0.028791,0.02498,85.47319999999999,86.70665,84.37755,7.742649999999999,15.3642,14.7431,6.0,5.5,7.5,1.54945,1.28495,0.85815,2.361686378454179,2.392152506381535,2.2957996534441767,0.5756274778300001,0.580601047869,0.5643719476810001,0.9225735,0.8463579999999999,0.8525689999999999,1.0,0.0,1.0,5.0,6.0,6.0,76.0,42.0,48.0,16.48511766881946,17.616367539446593,13.171351617193585,11.775297421715827,16.22320718562295,0.0,BISHNUPUR,BJP,BJP,0,TMC Strongholds (C0),2,2
BOLPUR,0.548038,0.505702,0.466491,0.09461399999999999,0.40894199999999997,0.41295499999999996,0.30999099999999996,0.046221,0.012296,0.047356999999999996,0.039135,0.108258,84.5973,84.2159,84.37755,24.2073,9.676,5.3536,8.0,9.0,10.0,2.2801,1.4492,1.4427,2.4531776458327887,2.3439184623604308,2.499895808805003,0.5923654360299999,0.573363998766,0.599983328714,0.757927,0.90324,0.946464,0.0,0.0,1.0,7.0,7.0,7.0,53.0,58.0,63.0,16.6027698270513,17.586232982920528,17.987761023441642,0.0,0.0,0.0,Bolpur,TMC,TMC,0,TMC Strongholds (C0),2,2
BOLPUR,0.548038,0.505702,0.466491,0.09461399999999999,0.40894199999999997,0.41295499999999996,0.30999099999999996,0.046221,0.012296,0.047356999999999996,0.039135,0.108258,84.5973,84.2159,84.37755,24.2073,9.676,5.3536,8.0,9.0,10.0,2.2801,1.4492,1.4427,2.4531776458327887,2.3439184623604308,2.499895808805003,0.5923654360299999,0.573363998766,0.599983328714,0.757927,0.90324,0.946464,0.0,0.0,1.0,7.0,7.0,7.0,53.0,58.0,63.0,16.6027698270513,17.586232982920528,17.987761023441642,0.0,0.0,0.0,BOLPUR,TMC,TMC,0,TMC Strongholds (C0),2,2
BUDGE BUDGE,0.441263,0.564138,0.582738,0.109074,0.35798,0.367921,0.41442799999999996,0.05221,0.03582,0.035234999999999995,0.025672,0.013521,83.2255,84.778,84.37755,3.7581,20.6158,21.4817,8.0,8.0,7.0,1.5008,1.261,0.9138,2.634336369263954,2.223278036566917,2.099008868321129,0.620397754946,0.5502137008719999,0.523584671274,0.962419,0.7938419999999999,0.785183,0.0,1.0,0.0,7.0,7.0,7.0,69.0,71.0,76.0,14.159809939551922,14.683360344684939,15.362321720660757,0.0,0.0,0.0,BUDGE BUDGE,TMC,TMC,0,TMC Strongholds (C0),2,0
BUDGE BUDGE,0.441263,0.564138,0.582738,0.109074,0.35798,0.367921,0.41442799999999996,0.05221,0.03582,0.035234999999999995,0.025672,0.013521,83.2255,84.778,84.37755,3.7581,20.6158,21.4817,8.0,8.0,7.0,1.5008,1.261,0.9138,2.634336369263954,2.223278036566917,2.099008868321129,0.620397754946,0.5502137008719999,0.523584671274,0.962419,0.7938419999999999,0.785183,0.0,1.0,0.0,7.0,7.0,7.0,69.0,71.0,76.0,14.159809939551922,14.683360344684939,15.362321720660757,0.0,0.0,0.0,Budge Budge,TMC,TMC,0,TMC Strongholds (C0),2,0
BURWAN,0.26990400000000003,0.46317100000000005,0.367151,0.101881,0.447622,0.48519199999999996,0.586909,0.069343,0.11162000000000001,0.041306,0.019864,0.036037,77.9518,81.3922,84.37755,9.8991,1.5549,11.8041,6.0,4.0,9.0,2.1709,1.1357,1.3233,2.3288511712080573,2.3804090793879507,2.604378113453498,0.570603732706,0.57990413973,0.616031176566,0.901009,0.984451,0.8819589999999999,1.0,1.0,1.0,6.0,6.0,6.0,56.0,56.0,56.0,0.0,0.0,0.0,0.0,0.0,0.0,Burwan,TMC,BJP,3,TMC Strongholds (C3),0,3
BURWAN,0.26990400000000003,0.46317100000000005,0.367151,0.101881,0.447622,0.48519199999999996,0.586909,0.069343,0.11162000000000001,0.041306,0.019864,0.036037,77.9518,81.3922,84.37755,9.8991,1.5549,11.8041,6.0,4.0,9.0,2.1709,1.1357,1.3233,2.3288511712080573,2.3804090793879507,2.604378113453498,0.570603732706,0.57990413973,0.616031176566,0.901009,0.984451,0.8819589999999999,1.0,1.0,1.0,6.0,6.0,6.0,56.0,56.0,56.0,0.0,0.0,0.0,0.0,0.0,0.0,BURWAN,TMC,BJP,3,TMC Strongholds (C3),0,3
CANNING PASCHIM,0.49075899999999995,0.5086189999999999,0.522563,0.066472,0.347216,0.346285,0.41336,0.063525,0.008843,0.029409,0.08064,0.122309,85.6572,84.8406,84.37755,9.829,16.1403,17.6278,6.0,7.0,8.0,1.2917,1.3886,1.0265,2.398114304710862,2.5654808651319962,2.45084174945674,0.5830056982540001,0.6102095269580001,0.5919769196760001,0.90171,0.838597,0.823722,1.0,1.0,1.0,6.0,6.0,6.0,56.0,56.0,56.0,0.0,0.0,0.0,0.0,0.0,0.0,Canning paschim,TMC,TMC,3,TMC Strongholds (C3),0,3
CANNING PASCHIM,0.49075899999999995,0.5086189999999999,0.522563,0.066472,0.347216,0.346285,0.41336,0.063525,0.008843,0.029409,0.08064,0.122309,85.6572,84.8406,84.37755,9.829,16.1403,17.6278,6.0,7.0,8.0,1.2917,1.3886,1.0265,2.398114304710862,2.5654808651319962,2.45084174945674,0.5830056982540001,0.6102095269580001,0.5919769196760001,0.90171,0.838597,0.823722,1.0,1.0,1.0,6.0,6.0,6.0,56.0,56.0,56.0,0.0,0.0,0.0,0.0,0.0,0.0,Canning Paschim,TMC,TMC,3,TMC Strongholds (C3),0,3
CANNING PASCHIM,0.49075899999999995,0.5086189999999999,0.522563,0.066472,0.347216,0.346285,0.41336,0.063525,0.008843,0.029409,0.08064,0.122309,85.6572,84.8406,84.37755,9.829,16.1403,17.6278,6.0,7.0,8.0,1.2917,1.3886,1.0265,2.398114304710862,2.5654808651319962,2.45084174945674,0.5830056982540001,0.6102095269580001,0.5919769196760001,0.90171,0.838597,0.823722,1.0,1.0,1.0,6.0,6.0,6.0,56.0,56.0,56.0,0.0,0.0,0.0,0.0,0.0,0.0,CANNING PASCHIM,TMC,TMC,3,TMC Strongholds (C3),0,3
CANNING PURBA,0.595593,0.5254249999999999,0.615263,0.063521,0.14823,0.11831699999999999,0.013166,0.011538999999999999,0.01018,0.32772,0.314806,0.25623999999999997,87.7034,88.7604,84.37755,28.4372,22.7727,38.0503,4.0,5.0,8.0,1.6499,0.9739,0.672,2.144359660230928,2.517119371341494,2.181929063527305,0.5336603189539999,0.6027204703180001,0.5416899583420001,0.7156279999999999,0.772273,0.619497,0.0,0.0,4.0,5.0,6.0,6.0,45.0,49.0,38.0,16.680743238341655,17.238214637045854,16.742371845460127,13.223409800733302,15.392511845193761,13.412441576849588,Canning Purba,TMC,TMC,0,TMC Strongholds (C0),2,2
CANNING PURBA,0.595593,0.5254249999999999,0.615263,0.063521,0.14823,0.11831699999999999,0.013166,0.011538999999999999,0.01018,0.32772,0.314806,0.25623999999999997,87.7034,88.7604,84.37755,28.4372,22.7727,38.0503,4.0,5.0,8.0,1.6499,0.9739,0.672,2.144359660230928,2.517119371341494,2.181929063527305,0.5336603189539999,0.6027204703180001,0.5416899583420001,0.7156279999999999,0.772273,0.619497,0.0,0.0,4.0,5.0,6.0,6.0,45.0,49.0,38.0,16.680743238341655,17.238214637045854,16.742371845460127,13.223409800733302,15.392511845193761,13.412441576849588,CANNING PURBA,TMC,TMC,0,TMC Strongholds (C0),2,2
CHAKDAHA,0.496303,0.41349800000000003,0.372475,0.085809,0.468576,0.5478029999999999,0.0,0.083994,0.062272,0.41788800000000004,0.033932000000000004,0.01745,84.8596,86.4395,84.37755,12.4564,5.5078,17.5328,6.0,8.0,10.0,1.4424,0.7012,0.5268,2.3347562662309063,2.5078342457199287,2.2572952892933467,0.571689767166,0.6012495635599999,0.5569919430820001,0.875436,0.944922,0.824672,1.0,1.0,3.0,6.0,5.0,5.0,56.0,62.0,67.0,0.0,16.155820726973005,16.715977190722064,0.0,10.819798284210286,14.998770626971336,Chakdaha,BJP,BJP,0,TMC Strongholds (C0),2,2
CHAKDAHA,0.496303,0.41349800000000003,0.372475,0.085809,0.468576,0.5478029999999999,0.0,0.083994,0.062272,0.41788800000000004,0.033932000000000004,0.01745,84.8596,86.4395,84.37755,12.4564,5.5078,17.5328,6.0,8.0,10.0,1.4424,0.7012,0.5268,2.3347562662309063,2.5078342457199287,2.2572952892933467,0.571689767166,0.6012495635599999,0.5569919430820001,0.875436,0.944922,0.824672,1.0,1.0,3.0,6.0,5.0,5.0,56.0,62.0,67.0,0.0,16.155820726973005,16.715977190722064,0.0,10.819798284210286,14.998770626971336,CHAKDAHA,BJP,BJP,0,TMC Strongholds (C0),2,2
CHAKULIA,0.240518,0.497757,0.453368,0.24356100000000003,0.302618,0.312698,0.42647799999999997,0.165536,0.207622,0.089443,0.034089,0.026312000000000002,75.2184,74.3485,84.37755,18.2917,19.5139,14.067,6.0,6.0,14.0,1.0718,0.684,0.8658,3.256751857963903,2.718101022757162,2.880833192544154,0.6929455962219999,0.63209608781,0.652878201144,0.817083,0.804861,0.85933,5.0,0.0,0.0,7.0,6.0,6.0,37.0,49.0,54.0,15.98900706017205,14.635659484329286,15.469449257854425,0.0,14.03167058111074,0.0,Chakulia,TMC,TMC,2,TMC Strongholds (C2),1,0
CHAKULIA,0.240518,0.497757,0.453368,0.24356100000000003,0.302618,0.312698,0.42647799999999997,0.165536,0.207622,0.089443,0.034089,0.026312000000000002,75.2184,74.3485,84.37755,18.2917,19.5139,14.067,6.0,6.0,14.0,1.0718,0.684,0.8658,3.256751857963903,2.718101022757162,2.880833192544154,0.6929455962219999,0.63209608781,0.652878201144,0.817083,0.804861,0.85933,5.0,0.0,0.0,7.0,6.0,6.0,37.0,49.0,54.0,15.98900706017205,14.635659484329286,15.469449257854425,0.0,14.03167058111074,0.0,CHAKULIA,TMC,TMC,2,TMC Strongholds (C2),1,0
CHAMPDANI,0.401863,0.502021,0.443598,0.12690099999999999,0.35247700000000004,0.458401,0.451688,0.115706,0.07995000000000001,0.019548,0.029796,0.018050999999999998,76.8389,76.4952,84.37755,3.9519,14.9544,1.4803,4.0,7.0,9.0,1.9548,1.6641,0.9916,2.6177879703923423,2.5605519319458243,2.4176283585966516,0.617998091782,0.6094591999779999,0.5863714964940001,0.960481,0.850456,0.985197,1.0,0.0,0.0,7.0,6.0,5.0,64.0,44.0,50.0,15.057243778960167,16.47002023980509,17.38666478412593,0.0,14.185134303144379,16.505086828661504,Champdani,TMC,BJP,0,TMC Strongholds (C0),3,2
CHAMPDANI,0.401863,0.502021,0.443598,0.12690099999999999,0.35247700000000004,0.458401,0.451688,0.115706,0.07995000000000001,0.019548,0.029796,0.018050999999999998,76.8389,76.4952,84.37755,3.9519,14.9544,1.4803,4.0,7.0,9.0,1.9548,1.6641,0.9916,2.6177879703923423,2.5605519319458243,2.4176283585966516,0.617998091782,0.6094591999779999,0.5863714964940001,0.960481,0.850456,0.985197,1.0,0.0,0.0,7.0,6.0,5.0,64.0,44.0,50.0,15.057243778960167,16.47002023980509,17.38666478412593,0.0,14.185134303144379,16.505086828661504,CHAMPDANI,TMC,BJP,0,TMC Strongholds (C0),3,2
CHANCHAL,0.23364000000000001,0.580762,0.546114,0.19518000000000002,0.24353100000000003,0.27362400000000003,0.546655,0.163062,0.12962300000000002,0.024525,0.012645,0.050639,79.1167,80.1317,84.37755,30.4192,33.7231,27.249,5.0,6.0,13.0,1.3511,0.5123,0.3332,2.550265434285052,2.3621621656461853,2.5479198443616657,0.60788395335,0.5766590395260001,0.607522975178,0.695808,0.6627689999999999,0.72751,0.0,2.0,0.0,7.0,5.0,8.0,34.0,66.0,56.0,15.400833221101735,16.11116206913854,17.484553411204935,0.0,0.0,14.28745605057235,Chanchal,TMC,TMC,2,TMC Strongholds (C2),1,0
CHANCHAL,0.23364000000000001,0.580762,0.546114,0.19518000000000002,0.24353100000000003,0.27362400000000003,0.546655,0.163062,0.12962300000000002,0.024525,0.012645,0.050639,79.1167,80.1317,84.37755,30.4192,33.7231,27.249,5.0,6.0,13.0,1.3511,0.5123,0.3332,2.550265434285052,2.3621621656461853,2.5479198443616657,0.60788395335,0.5766590395260001,0.607522975178,0.695808,0.6627689999999999,0.72751,0.0,2.0,0.0,7.0,5.0,8.0,34.0,66.0,56.0,15.400833221101735,16.11116206913854,17.484553411204935,0.0,0.0,14.28745605057235,CHANCHAL,TMC,TMC,2,TMC Strongholds (C2),1,0
CHANDIPUR,0.48524500000000004,0.498214,0.43717300000000003,0.051365,0.437069,0.520948,0.003544,0.046803,0.034786000000000004,0.459846,0.017914,0.007093,88.5127,89.728,84.37755,4.8806,6.1145,8.3775,7.0,7.0,7.0,0.7149,0.334,0.255,2.2243379289140726,2.2636831754162445,2.156253202818861,0.550428023098,0.558242067238,0.536232572922,0.951194,0.938855,0.9162250000000001,2.0,0.0,0.0,5.0,6.0,5.0,62.0,37.0,70.0,15.423920542261225,17.643896856701314,18.53481244604079,0.0,16.653589808976022,17.427593359429554,Chandipur,TMC,BJP,0,TMC Strongholds (C0),2,2
CHANDIPUR,0.48524500000000004,0.498214,0.43717300000000003,0.051365,0.437069,0.520948,0.003544,0.046803,0.034786000000000004,0.459846,0.017914,0.007093,88.5127,89.728,84.37755,4.8806,6.1145,8.3775,7.0,7.0,7.0,0.7149,0.334,0.255,2.2243379289140726,2.2636831754162445,2.156253202818861,0.550428023098,0.558242067238,0.536232572922,0.951194,0.938855,0.9162250000000001,2.0,0.0,0.0,5.0,6.0,5.0,62.0,37.0,70.0,15.423920542261225,17.643896856701314,18.53481244604079,0.0,16.653589808976022,17.427593359429554,CHANDIPUR,TMC,BJP,0,TMC Strongholds (C0),2,2
CHANDITALA,0.482785,0.4979,0.471016,0.067488,0.298258,0.38457500000000006,0.006222,0.17943,0.12263500000000001,0.443505,0.024412,0.021774,79.1653,78.695,84.37755,7.4493,19.9642,8.6441,6.0,5.0,8.0,1.7367,1.041,0.6379,2.3021774345041193,2.7052374721360484,2.595599477040696,0.565628615322,0.630346684792,0.614732546818,0.925507,0.800358,0.913559,0.0,0.0,0.0,5.0,5.0,5.0,48.0,48.0,58.0,15.153452034294167,15.620399786749955,16.393780114061727,0.0,13.864301674514206,13.997832948091215,Chanditala,TMC,TMC,0,TMC Strongholds (C0),2,0
CHANDITALA,0.482785,0.4979,0.471016,0.067488,0.298258,0.38457500000000006,0.006222,0.17943,0.12263500000000001,0.443505,0.024412,0.021774,79.1653,78.695,84.37755,7.4493,19.9642,8.6441,6.0,5.0,8.0,1.7367,1.041,0.6379,2.3021774345041193,2.7052374721360484,2.595599477040696,0.565628615322,0.630346684792,0.614732546818,0.925507,0.800358,0.913559,0.0,0.0,0.0,5.0,5.0,5.0,48.0,48.0,58.0,15.153452034294167,15.620399786749955,16.393780114061727,0.0,13.864301674514206,13.997832948091215,CHANDITALA,TMC,TMC,0,TMC Strongholds (C0),2,0
CHANDRAKONA,0.520415,0.488723,0.404382,0.09109400000000001,0.44347499999999995,0.5308740000000001,0.006595999999999999,0.006125,0.057962999999999994,0.38189500000000004,0.061677,0.006781000000000001,89.9453,89.1298,84.37755,17.0468,4.5248,12.6492,5.0,5.0,5.0,1.2196,1.1656,0.6782,2.352846025705404,2.276028474561477,2.2283740343517966,0.574982812698,0.560638185692,0.55124230287,0.8295319999999999,0.954752,0.873508,1.0,1.0,1.0,6.0,6.0,6.0,56.0,56.0,56.0,0.0,0.0,0.0,0.0,0.0,0.0,Chandrakona,TMC,BJP,3,TMC Strongholds (C3),0,3
CHANDRAKONA,0.520415,0.488723,0.404382,0.09109400000000001,0.44347499999999995,0.5308740000000001,0.006595999999999999,0.006125,0.057962999999999994,0.38189500000000004,0.061677,0.006781000000000001,89.9453,89.1298,84.37755,17.0468,4.5248,12.6492,5.0,5.0,5.0,1.2196,1.1656,0.6782,2.352846025705404,2.276028474561477,2.2283740343517966,0.574982812698,0.560638185692,0.55124230287,0.8295319999999999,0.954752,0.873508,1.0,1.0,1.0,6.0,6.0,6.0,56.0,56.0,56.0,0.0,0.0,0.0,0.0,0.0,0.0,CHANDRAKONA,TMC,BJP,3,TMC Strongholds (C3),0,3
CHAPRA,0.4779,0.346504,0.460638,0.079442,0.272865,0.314597,0.004717,0.058333,0.014381999999999999,0.437941,0.322298,0.210383,85.2322,86.1093,84.37755,7.1843,5.6845,14.6041,5.0,7.0,9.0,1.0107,0.949,0.7354,2.344588863118832,3.3134628288241195,2.8119390246724594,0.573485989066,0.6982009300659999,0.6443735119339999,0.928157,0.943155,0.853959,0.0,0.0,1.0,7.0,7.0,3.0,46.0,52.0,49.0,12.519773280380509,15.046876228351563,15.389096604302228,0.0,0.0,13.482514472522709,Chapra,TMC,TMC,0,TMC Strongholds (C0),2,2
CHAPRA,0.4779,0.346504,0.460638,0.079442,0.272865,0.314597,0.004717,0.058333,0.014381999999999999,0.437941,0.322298,0.210383,85.2322,86.1093,84.37755,7.1843,5.6845,14.6041,5.0,7.0,9.0,1.0107,0.949,0.7354,2.344588863118832,3.3134628288241195,2.8119390246724594,0.573485989066,0.6982009300659999,0.6443735119339999,0.928157,0.943155,0.853959,0.0,0.0,1.0,7.0,7.0,3.0,46.0,52.0,49.0,12.519773280380509,15.046876228351563,15.389096604302228,0.0,0.0,13.482514472522709,CHAPRA,TMC,TMC,0,TMC Strongholds (C0),2,2
CHHATNA,0.397785,0.42202100000000003,0.355015,0.0742,0.458417,0.567551,0.43528500000000003,0.054249,0.044809999999999996,0.09272999999999999,0.065313,0.032624,80.9403,81.3225,84.37755,1.3498,3.6396,21.2536,10.0,9.0,8.0,4.305,1.7852,1.166,2.7638783078548688,2.5287224158016683,2.2162037549958167,0.63818956965,0.6045433876999999,0.548777950698,0.986502,0.963604,0.787464,0.0,0.0,0.0,5.0,7.0,7.0,63.0,51.0,55.0,14.03073402807304,14.825541510629053,16.091197415268645,12.182169221448614,12.899222326086994,14.04506312757471,Chhatna,BJP,BJP,0,TMC Strongholds (C0),3,2
CHHATNA,0.397785,0.42202100000000003,0.355015,0.0742,0.458417,0.567551,0.43528500000000003,0.054249,0.044809999999999996,0.09272999999999999,0.065313,0.032624,80.9403,81.3225,84.37755,1.3498,3.6396,21.2536,10.0,9.0,8.0,4.305,1.7852,1.166,2.7638783078548688,2.5287224158016683,2.2162037549958167,0.63818956965,0.6045433876999999,0.548777950698,0.986502,0.963604,0.787464,0.0,0.0,0.0,5.0,7.0,7.0,63.0,51.0,55.0,14.03073402807304,14.825541510629053,16.091197415268645,12.182169221448614,12.899222326086994,14.04506312757471,CHHATNA,BJP,BJP,0,TMC Strongholds (C0),3,2
CHOPRA,0.41818,0.612038,0.572951,0.088903,0.294047,0.245602,0.0,0.060159000000000004,0.148611,0.492917,0.033756,0.032836,84.7232,82.3949,84.37755,9.4778,31.7991,32.7349,8.0,5.0,8.0,1.4925,0.7501,0.5801,2.3488214834236776,2.1467854944018465,2.428619101887696,0.5742545753020001,0.53418727553,0.588243376978,0.905222,0.6820090000000001,0.6726509999999999,1.0,3.0,1.0,5.0,5.0,5.0,56.0,61.0,66.0,16.223122110825724,16.39617690771939,16.939342775494552,0.0,11.605969442513219,14.285514812209815,Chopra,TMC,TMC,2,TMC Strongholds (C2),1,0
CHOPRA,0.41818,0.612038,0.572951,0.088903,0.294047,0.245602,0.0,0.060159000000000004,0.148611,0.492917,0.033756,0.032836,84.7232,82.3949,84.37755,9.4778,31.7991,32.7349,8.0,5.0,8.0,1.4925,0.7501,0.5801,2.3488214834236776,2.1467854944018465,2.428619101887696,0.5742545753020001,0.53418727553,0.588243376978,0.905222,0.6820090000000001,0.6726509999999999,1.0,3.0,1.0,5.0,5.0,5.0,56.0,61.0,66.0,16.223122110825724,16.39617690771939,16.939342775494552,0.0,11.605969442513219,14.285514812209815,CHOPRA,TMC,TMC,2,TMC Strongholds (C2),1,0
CHOWRANGEE,0.47289299999999995,0.628748,0.57153,0.134758,0.22204999999999997,0.371733,0.36475799999999997,0.129784,0.044467999999999994,0.027591,0.019418,0.012269,56.1991,53.6141,84.37755,11.3386,40.6698,19.9797,8.0,11.0,11.0,1.8729,1.0871,0.7555,2.662426877119614,2.1651995491070744,2.141511529102028,0.624402830142,0.538148804616,0.533040104426,0.886614,0.593302,0.800203,1.0,2.0,0.0,5.0,5.0,5.0,47.0,52.0,57.0,17.01456947863438,18.06423081755243,18.468235163952002,10.714439990727769,11.80036500801413,0.0,Chowrangee,TMC,TMC,2,TMC Strongholds (C2),1,0
CHOWRANGEE,0.47289299999999995,0.628748,0.57153,0.134758,0.22204999999999997,0.371733,0.36475799999999997,0.129784,0.044467999999999994,0.027591,0.019418,0.012269,56.1991,53.6141,84.37755,11.3386,40.6698,19.9797,8.0,11.0,11.0,1.8729,1.0871,0.7555,2.662426877119614,2.1651995491070744,2.141511529102028,0.624402830142,0.538148804616,0.533040104426,0.886614,0.593302,0.800203,1.0,2.0,0.0,5.0,5.0,5.0,47.0,52.0,57.0,17.01456947863438,18.06423081755243,18.468235163952002,10.714439990727769,11.80036500801413,0.0,CHOWRANGEE,TMC,TMC,2,TMC Strongholds (C2),1,0
CHUNCHURA,0.49061,0.45970599999999995,0.36938699999999997,0.10400000000000001,0.38740699999999995,0.539584,0.376855,0.112967,0.065191,0.028534999999999998,0.03992,0.025838,81.9487,81.6561,84.37755,12.2896,7.2299,17.0197,5.0,9.0,10.0,2.3197,1.7029,1.1814,2.535830593047067,2.6612098411690854,2.3120579129454297,0.60565189065,0.6242310604260001,0.5674848824500001,0.877104,0.927701,0.829803,1.0,1.0,8.0,7.0,7.0,5.0,59.0,63.0,52.0,16.596175764919483,17.13166357225886,17.43398267642259,9.229652683008556,0.0,0.0,Chunchura,TMC,BJP,0,TMC Strongholds (C0),3,2
CHUNCHURA,0.49061,0.45970599999999995,0.36938699999999997,0.10400000000000001,0.38740699999999995,0.539584,0.376855,0.112967,0.065191,0.028534999999999998,0.03992,0.025838,81.9487,81.6561,84.37755,12.2896,7.2299,17.0197,5.0,9.0,10.0,2.3197,1.7029,1.1814,2.535830593047067,2.6612098411690854,2.3120579129454297,0.60565189065,0.6242310604260001,0.5674848824500001,0.877104,0.927701,0.829803,1.0,1.0,8.0,7.0,7.0,5.0,59.0,63.0,52.0,16.596175764919483,17.13166357225886,17.43398267642259,9.229652683008556,0.0,0.0,CHUNCHURA,TMC,BJP,0,TMC Strongholds (C0),3,2
DABGRAM-FULBARI,0.474886,0.39191899999999996,0.272283,0.11761100000000001,0.498469,0.660211,0.004566,0.07161100000000001,0.041038,0.402937,0.038001,0.026468,85.4367,83.5504,84.37755,10.6908,10.655,38.7928,7.0,10.0,14.0,1.474,1.3048,0.445,2.4892456210246516,2.447117438281093,1.9515954786750842,0.598271865358,0.5913559421560001,0.487598730922,0.893092,0.89345,0.612072,1.0,6.0,6.0,6.0,5.0,4.0,56.0,68.0,71.0,0.0,15.747706234953107,16.16937424023775,0.0,0.0,13.768943969816327,Dabgram-Fulbari,BJP,BJP,0,TMC Strongholds (C0),3,2
DABGRAM-FULBARI,0.474886,0.39191899999999996,0.272283,0.11761100000000001,0.498469,0.660211,0.004566,0.07161100000000001,0.041038,0.402937,0.038001,0.026468,85.4367,83.5504,84.37755,10.6908,10.655,38.7928,7.0,10.0,14.0,1.474,1.3048,0.445,2.4892456210246516,2.447117438281093,1.9515954786750842,0.598271865358,0.5913559421560001,0.487598730922,0.893092,0.89345,0.612072,1.0,6.0,6.0,6.0,5.0,4.0,56.0,68.0,71.0,0.0,15.747706234953107,16.16937424023775,0.0,0.0,13.768943969816327,DABGRAM-FULBARI,BJP,BJP,0,TMC Strongholds (C0),3,2
DANTAN,0.534555,0.481345,0.457394,0.074655,0.478195,0.504909,0.38106,0.034141,0.026917,0.009729999999999999,0.006319,0.010780000000000001,84.54,84.6785,84.37755,16.3539,0.315,4.7515,4.0,4.0,7.0,0.9731,0.632,0.5546,2.2903010989470114,2.166523293017236,2.150615783595946,0.56337618645,0.538430995308,0.5350168971939999,0.836461,0.99685,0.952485,2.0,2.0,0.0,5.0,5.0,6.0,62.0,67.0,71.0,13.809309370282568,14.34109079509875,18.76982167132783,0.0,11.52720305338836,17.617336258193237,Dantan,TMC,BJP,0,TMC Strongholds (C0),2,2
DANTAN,0.534555,0.481345,0.457394,0.074655,0.478195,0.504909,0.38106,0.034141,0.026917,0.009729999999999999,0.006319,0.010780000000000001,84.54,84.6785,84.37755,16.3539,0.315,4.7515,4.0,4.0,7.0,0.9731,0.632,0.5546,2.2903010989470114,2.166523293017236,2.150615783595946,0.56337618645,0.538430995308,0.5350168971939999,0.836461,0.99685,0.952485,2.0,2.0,0.0,5.0,5.0,6.0,62.0,67.0,71.0,13.809309370282568,14.34109079509875,18.76982167132783,0.0,11.52720305338836,17.617336258193237,DANTAN,TMC,BJP,0,TMC Strongholds (C0),2,2
DARJEELING,0.285323,0.0,0.0,0.0,0.40876199999999996,0.357155,0.0,0.011348,0.009948,0.7146769999999999,0.57989,0.632897,67.1133,68.8993,84.37755,31.3181,12.6211,3.4849,4.0,9.0,6.0,3.6499,1.5067,1.1737,1.6886973313942224,1.9861463832981323,1.8931603679926483,0.4078275713420001,0.49651243815199997,0.47178273066199994,0.6868190000000001,0.873789,0.965151,0.0,8.0,2.0,7.0,7.0,3.0,68.0,39.0,45.0,16.408788461586,15.684084606986234,14.065510233447482,13.281823934846463,0.0,11.257865459335703,Darjeeling,OTHERS,OTHERS,1,Mixed Profile (C1),3,1
DARJEELING,0.285323,0.0,0.0,0.0,0.40876199999999996,0.357155,0.0,0.011348,0.009948,0.7146769999999999,0.57989,0.632897,67.1133,68.8993,84.37755,31.3181,12.6211,3.4849,4.0,9.0,6.0,3.6499,1.5067,1.1737,1.6886973313942224,1.9861463832981323,1.8931603679926483,0.4078275713420001,0.49651243815199997,0.47178273066199994,0.6868190000000001,0.873789,0.965151,0.0,8.0,2.0,7.0,7.0,3.0,68.0,39.0,45.0,16.408788461586,15.684084606986234,14.065510233447482,13.281823934846463,0.0,11.257865459335703,DARJEELING,OTHERS,OTHERS,1,Mixed Profile (C1),3,1
DASPUR,0.52815,0.515827,0.400469,0.058699,0.39517,0.527961,0.008829,0.082854,0.057057000000000004,0.404322,0.006149,0.014513,78.404,74.6759,84.37755,13.361,12.0657,12.7492,4.0,4.0,8.0,0.9782,0.6149,0.6788,2.242442948073046,2.330245037508382,2.2594562235981592,0.554057773974,0.570860581654,0.5574156341000001,0.86639,0.879343,0.8725080000000001,0.0,0.0,3.0,4.0,4.0,5.0,55.0,59.0,64.0,13.768793094266366,13.298326428344948,16.95700357116366,0.0,0.0,13.45883704259595,Daspur,TMC,BJP,0,TMC Strongholds (C0),2,2
DASPUR,0.52815,0.515827,0.400469,0.058699,0.39517,0.527961,0.008829,0.082854,0.057057000000000004,0.404322,0.006149,0.014513,78.404,74.6759,84.37755,13.361,12.0657,12.7492,4.0,4.0,8.0,0.9782,0.6149,0.6788,2.242442948073046,2.330245037508382,2.2594562235981592,0.554057773974,0.570860581654,0.5574156341000001,0.86639,0.879343,0.8725080000000001,0.0,0.0,3.0,4.0,4.0,5.0,55.0,59.0,64.0,13.768793094266366,13.298326428344948,16.95700357116366,0.0,0.0,13.45883704259595,DASPUR,TMC,BJP,0,TMC Strongholds (C0),2,2
DEBRA,0.479593,0.46786700000000003,0.394169,0.081513,0.41307000000000005,0.526695,0.008807,0.10852,0.065396,0.430087,0.010543,0.01374,89.1215,87.5512,84.37755,6.2915,5.4797,13.2526,4.0,5.0,8.0,1.3409,0.6604,0.5002,2.371319147395142,2.491193010917088,2.28706170222468,0.5782937943640001,0.598585900162,0.562757751998,0.937085,0.945203,0.867474,0.0,0.0,1.0,7.0,8.0,7.0,34.0,59.0,41.0,15.229663490344066,17.132522747030933,15.721519270798352,14.984892228079548,0.0,0.0,Debra,TMC,BJP,0,TMC Strongholds (C0),2,2
DEBRA,0.479593,0.46786700000000003,0.394169,0.081513,0.41307000000000005,0.526695,0.008807,0.10852,0.065396,0.430087,0.010543,0.01374,89.1215,87.5512,84.37755,6.2915,5.4797,13.2526,4.0,5.0,8.0,1.3409,0.6604,0.5002,2.371319147395142,2.491193010917088,2.28706170222468,0.5782937943640001,0.598585900162,0.562757751998,0.937085,0.945203,0.867474,0.0,0.0,1.0,7.0,8.0,7.0,34.0,59.0,41.0,15.229663490344066,17.132522747030933,15.721519270798352,14.984892228079548,0.0,0.0,DEBRA,TMC,BJP,0,TMC Strongholds (C0),2,2
DEGANGA,0.508655,0.46695099999999995,0.43308599999999997,0.063047,0.179336,0.178719,0.382102,0.017394,0.005294,0.046196,0.33631900000000003,0.38290100000000005,88.752,88.3941,84.37755,13.5712,15.1772,7.6317,7.0,7.0,14.0,0.8297,0.9796,0.9928,2.4340325927687645,2.750141466428615,2.731157178182417,0.589159157946,0.636382341706,0.633854833406,0.864288,0.848228,0.923683,0.0,0.0,1.0,4.0,4.0,6.0,46.0,51.0,38.0,15.190511892218012,15.72737850505903,19.0197996886666,0.0,0.0,18.36966717885798,Deganga,TMC,TMC,0,TMC Strongholds (C0),2,2
DEGANGA,0.508655,0.46695099999999995,0.43308599999999997,0.063047,0.179336,0.178719,0.382102,0.017394,0.005294,0.046196,0.33631900000000003,0.38290100000000005,88.752,88.3941,84.37755,13.5712,15.1772,7.6317,7.0,7.0,14.0,0.8297,0.9796,0.9928,2.4340325927687645,2.750141466428615,2.731157178182417,0.589159157946,0.636382341706,0.633854833406,0.864288,0.848228,0.923683,0.0,0.0,1.0,4.0,4.0,6.0,46.0,51.0,38.0,15.190511892218012,15.72737850505903,19.0197996886666,0.0,0.0,18.36966717885798,DEGANGA,TMC,TMC,0,TMC Strongholds (C0),2,2
DHANEKHALI,0.575421,0.5336,0.498452,0.075031,0.40462600000000004,0.44573700000000005,0.314158,0.052442,0.033368,0.035390000000000005,0.009332,0.022443,87.1394,86.1998,84.37755,26.9318,12.8974,5.2715,6.0,4.0,7.0,1.7033,0.9331,1.1692,2.289971385618721,2.215877871066333,2.228397452527795,0.563313320734,0.5487115905359999,0.551247018854,0.730682,0.871026,0.947285,1.0,1.0,1.0,6.0,6.0,6.0,56.0,56.0,56.0,0.0,0.0,0.0,0.0,0.0,0.0,Dhanekhali,TMC,TMC,3,TMC Strongholds (C3),0,3
DHANEKHALI,0.575421,0.5336,0.498452,0.075031,0.40462600000000004,0.44573700000000005,0.314158,0.052442,0.033368,0.035390000000000005,0.009332,0.022443,87.1394,86.1998,84.37755,26.9318,12.8974,5.2715,6.0,4.0,7.0,1.7033,0.9331,1.1692,2.289971385618721,2.215877871066333,2.228397452527795,0.563313320734,0.5487115905359999,0.551247018854,0.730682,0.871026,0.947285,1.0,1.0,1.0,6.0,6.0,6.0,56.0,56.0,56.0,0.0,0.0,0.0,0.0,0.0,0.0,DHANEKHALI,TMC,TMC,3,TMC Strongholds (C3),0,3
DHUPGURI,0.43491199999999997,0.437518,0.387322,0.17326799999999998,0.456509,0.542455,0.011311,0.064189,0.037744,0.380509,0.041784,0.032479,87.915,87.2665,84.37755,9.2289,1.8991,15.5133,6.0,8.0,14.0,1.5628,0.8652,0.4664,2.7466092154308153,2.464944801178164,2.238362037713933,0.63591471463,0.594311402218,0.553244746314,0.907711,0.981009,0.844867,1.0,1.0,1.0,6.0,6.0,6.0,56.0,56.0,56.0,0.0,0.0,0.0,0.0,0.0,0.0,Dhupguri,BJP,BJP,3,TMC Strongholds (C3),0,3
DHUPGURI,0.43491199999999997,0.437518,0.387322,0.17326799999999998,0.456509,0.542455,0.011311,0.064189,0.037744,0.380509,0.041784,0.032479,87.915,87.2665,84.37755,9.2289,1.8991,15.5133,6.0,8.0,14.0,1.5628,0.8652,0.4664,2.7466092154308153,2.464944801178164,2.238362037713933,0.63591471463,0.594311402218,0.553244746314,0.907711,0.981009,0.844867,1.0,1.0,1.0,6.0,6.0,6.0,56.0,56.0,56.0,0.0,0.0,0.0,0.0,0.0,0.0,DHUPGURI,BJP,BJP,3,TMC Strongholds (C3),0,3
DIAMOND HARBOUR,0.485753,0.436909,0.513783,0.07331,0.361504,0.379154,0.001896,0.173862,0.08331899999999999,0.439041,0.027725,0.023744,88.0861,88.404,84.37755,7.5431,7.5405,13.4629,10.0,11.0,10.0,1.058,0.6429,0.5938,2.303664823208754,2.836305839325011,2.40826578409752,0.565909072394,0.647428713034,0.584763439898,0.924569,0.9245950000000001,0.865371,4.0,0.0,0.0,6.0,7.0,7.0,50.0,70.0,75.0,14.729495433393643,17.900654137335184,18.016781748848775,0.0,0.0,0.0,Diamond harbour,TMC,TMC,0,TMC Strongholds (C0),2,2
DIAMOND HARBOUR,0.485753,0.436909,0.513783,0.07331,0.361504,0.379154,0.001896,0.173862,0.08331899999999999,0.439041,0.027725,0.023744,88.0861,88.404,84.37755,7.5431,7.5405,13.4629,10.0,11.0,10.0,1.058,0.6429,0.5938,2.303664823208754,2.836305839325011,2.40826578409752,0.565909072394,0.647428713034,0.584763439898,0.924569,0.9245950000000001,0.865371,4.0,0.0,0.0,6.0,7.0,7.0,50.0,70.0,75.0,14.729495433393643,17.900654137335184,18.016781748848775,0.0,0.0,0.0,Diamond Harbour,TMC,TMC,0,TMC Strongholds (C0),2,2
DIAMOND HARBOUR,0.485753,0.436909,0.513783,0.07331,0.361504,0.379154,0.001896,0.173862,0.08331899999999999,0.439041,0.027725,0.023744,88.0861,88.404,84.37755,7.5431,7.5405,13.4629,10.0,11.0,10.0,1.058,0.6429,0.5938,2.303664823208754,2.836305839325011,2.40826578409752,0.565909072394,0.647428713034,0.584763439898,0.924569,0.9245950000000001,0.865371,4.0,0.0,0.0,6.0,7.0,7.0,50.0,70.0,75.0,14.729495433393643,17.900654137335184,18.016781748848775,0.0,0.0,0.0,DIAMOND HARBOUR,TMC,TMC,0,TMC Strongholds (C0),2,2
DINHATA,0.450426,0.47580500000000003,0.450902,0.114462,0.47603900000000005,0.516021,0.356242,0.030539,0.018968,0.07887,0.017617,0.014109,81.8302,81.5382,84.37755,9.7448,0.0234,6.5119,9.0,6.0,8.0,1.1711,0.6306,0.6771,2.8643941086060596,2.2014478110729314,2.126984664358362,0.650886029616,0.545753483244,0.52985086505,0.902552,0.999766,0.934881,2.0,13.0,20.0,6.0,4.0,5.0,61.0,35.0,48.0,17.27368850246664,15.619529077040246,17.467401805027645,13.936906614349036,0.0,13.786771519624468,Dinhata,BJP,BJP,0,TMC Strongholds (C0),3,2
DINHATA,0.450426,0.47580500000000003,0.450902,0.114462,0.47603900000000005,0.516021,0.356242,0.030539,0.018968,0.07887,0.017617,0.014109,81.8302,81.5382,84.37755,9.7448,0.0234,6.5119,9.0,6.0,8.0,1.1711,0.6306,0.6771,2.8643941086060596,2.2014478110729314,2.126984664358362,0.650886029616,0.545753483244,0.52985086505,0.902552,0.999766,0.934881,2.0,13.0,20.0,6.0,4.0,5.0,61.0,35.0,48.0,17.27368850246664,15.619529077040246,17.467401805027645,13.936906614349036,0.0,13.786771519624468,DINHATA,BJP,BJP,0,TMC Strongholds (C0),3,2
DOMJUR,0.677583,0.519962,0.5273129999999999,0.070547,0.350146,0.361384,0.0,0.09071699999999999,0.084922,0.25187000000000004,0.039175,0.026381,84.5292,83.9465,84.37755,49.0538,16.9816,16.5929,8.0,14.0,14.0,1.2343,0.8296,0.4654,1.8956120633623785,2.483071921165247,2.400585174304757,0.472465902002,0.597273042526,0.5834349013300001,0.509462,0.830184,0.834071,0.0,2.0,1.0,7.0,6.0,5.0,46.0,60.0,46.0,15.873244306170818,17.737077059024113,17.527960849372416,0.0,14.077875591662238,0.0,Domjur,TMC,TMC,0,TMC Strongholds (C0),2,2
DOMJUR,0.677583,0.519962,0.5273129999999999,0.070547,0.350146,0.361384,0.0,0.09071699999999999,0.084922,0.25187000000000004,0.039175,0.026381,84.5292,83.9465,84.37755,49.0538,16.9816,16.5929,8.0,14.0,14.0,1.2343,0.8296,0.4654,1.8956120633623785,2.483071921165247,2.400585174304757,0.472465902002,0.597273042526,0.5834349013300001,0.509462,0.830184,0.834071,0.0,2.0,1.0,7.0,6.0,5.0,46.0,60.0,46.0,15.873244306170818,17.737077059024113,17.527960849372416,0.0,14.077875591662238,0.0,DOMJUR,TMC,TMC,0,TMC Strongholds (C0),2,2
DOMKAL,0.330743,0.564459,0.355274,0.023739,0.054592999999999996,0.051127000000000006,0.238067,0.35694499999999996,0.541239,0.407451,0.024003,0.05236,83.8014,85.0032,84.37755,3.516,20.8809,6.3214,12.0,9.0,13.0,0.8063,1.0695,0.4682,3.006192581818261,2.224297069443802,2.3556304199948093,0.66735331394,0.550419764636,0.575485190074,0.96484,0.791191,0.936786,0.0,0.0,2.0,7.0,7.0,7.0,66.0,45.0,45.0,16.142123750125617,17.55790710574025,17.376977035144687,0.0,15.614742207456988,0.0,Domkal,TMC,LEFT,2,TMC Strongholds (C2),1,0
DOMKAL,0.330743,0.564459,0.355274,0.023739,0.054592999999999996,0.051127000000000006,0.238067,0.35694499999999996,0.541239,0.407451,0.024003,0.05236,83.8014,85.0032,84.37755,3.516,20.8809,6.3214,12.0,9.0,13.0,0.8063,1.0695,0.4682,3.006192581818261,2.224297069443802,2.3556304199948093,0.66735331394,0.550419764636,0.575485190074,0.96484,0.791191,0.936786,0.0,0.0,2.0,7.0,7.0,7.0,66.0,45.0,45.0,16.142123750125617,17.55790710574025,17.376977035144687,0.0,15.614742207456988,0.0,DOMKAL,TMC,LEFT,2,TMC Strongholds (C2),1,0
DUBRAJPUR,0.517164,0.460511,0.407779,0.138508,0.479391,0.533337,0.298397,0.029394,0.036055000000000004,0.045931,0.030704,0.022829000000000002,84.2806,84.7474,84.37755,21.8767,1.888,12.5558,5.0,5.0,7.0,2.0059,1.543,1.1295,2.646948696473737,2.253811367616133,2.2096849867913058,0.62220650467,0.556307145146,0.547446805324,0.7812330000000001,0.98112,0.8744419999999999,1.0,1.0,1.0,6.0,6.0,6.0,56.0,56.0,56.0,0.0,0.0,0.0,0.0,0.0,0.0,Dubrajpur,BJP,BJP,3,TMC Strongholds (C3),0,3
DUBRAJPUR,0.517164,0.460511,0.407779,0.138508,0.479391,0.533337,0.298397,0.029394,0.036055000000000004,0.045931,0.030704,0.022829000000000002,84.2806,84.7474,84.37755,21.8767,1.888,12.5558,5.0,5.0,7.0,2.0059,1.543,1.1295,2.646948696473737,2.253811367616133,2.2096849867913058,0.62220650467,0.556307145146,0.547446805324,0.7812330000000001,0.98112,0.8744419999999999,1.0,1.0,1.0,6.0,6.0,6.0,56.0,56.0,56.0,0.0,0.0,0.0,0.0,0.0,0.0,DUBRAJPUR,BJP,BJP,3,TMC Strongholds (C3),0,3
DUM DUM,0.467335,0.474813,0.373088,0.08335100000000001,0.330582,0.500666,0.0,0.165393,0.112576,0.449314,0.029212,0.01367,79.065,74.9034,84.37755,5.3367,14.4231,12.7578,5.0,8.0,9.0,2.0085,1.1002,0.7365,2.340646109303618,2.755276133410587,2.4831066558064716,0.572767537978,0.637059970914,0.597278676024,0.946633,0.855769,0.872422,0.0,0.0,6.0,7.0,7.0,7.0,47.0,52.0,41.0,16.78742021287339,17.24318293031648,16.14146788003079,0.0,0.0,14.183794950708007,Dum dum,TMC,BJP,0,TMC Strongholds (C0),3,2
DUM DUM,0.467335,0.474813,0.373088,0.08335100000000001,0.330582,0.500666,0.0,0.165393,0.112576,0.449314,0.029212,0.01367,79.065,74.9034,84.37755,5.3367,14.4231,12.7578,5.0,8.0,9.0,2.0085,1.1002,0.7365,2.340646109303618,2.755276133410587,2.4831066558064716,0.572767537978,0.637059970914,0.597278676024,0.946633,0.855769,0.872422,0.0,0.0,6.0,7.0,7.0,7.0,47.0,52.0,41.0,16.78742021287339,17.24318293031648,16.14146788003079,0.0,0.0,14.183794950708007,Dum Dum,TMC,BJP,0,TMC Strongholds (C0),3,2
DUM DUM,0.467335,0.474813,0.373088,0.08335100000000001,0.330582,0.500666,0.0,0.165393,0.112576,0.449314,0.029212,0.01367,79.065,74.9034,84.37755,5.3367,14.4231,12.7578,5.0,8.0,9.0,2.0085,1.1002,0.7365,2.340646109303618,2.755276133410587,2.4831066558064716,0.572767537978,0.637059970914,0.597278676024,0.946633,0.855769,0.872422,0.0,0.0,6.0,7.0,7.0,7.0,47.0,52.0,41.0,16.78742021287339,17.24318293031648,16.14146788003079,0.0,0.0,14.183794950708007,DUM DUM,TMC,BJP,0,TMC Strongholds (C0),3,2
DUM DUM UTTAR,0.430811,0.447879,0.344215,0.077779,0.314175,0.462433,0.0,0.21453499999999998,0.17924900000000002,0.49140999999999996,0.023411,0.014103000000000001,82.5714,78.1477,84.37755,3.3033,13.3704,11.8218,4.0,6.0,9.0,1.7745,0.9904,0.6604,2.308767774369878,2.8912190087959204,2.7423004515480005,0.566868521338,0.654125129588,0.635342655676,0.966967,0.866296,0.8817820000000001,0.0,0.0,3.0,6.0,7.0,6.0,58.0,66.0,48.0,15.715972851109866,15.621989331429779,16.67095840267082,0.0,0.0,15.036658128015999,Dum Dum Uttar,TMC,BJP,0,TMC Strongholds (C0),3,2
DUM DUM UTTAR,0.430811,0.447879,0.344215,0.077779,0.314175,0.462433,0.0,0.21453499999999998,0.17924900000000002,0.49140999999999996,0.023411,0.014103000000000001,82.5714,78.1477,84.37755,3.3033,13.3704,11.8218,4.0,6.0,9.0,1.7745,0.9904,0.6604,2.308767774369878,2.8912190087959204,2.7423004515480005,0.566868521338,0.654125129588,0.635342655676,0.966967,0.866296,0.8817820000000001,0.0,0.0,3.0,6.0,7.0,6.0,58.0,66.0,48.0,15.715972851109866,15.621989331429779,16.67095840267082,0.0,0.0,15.036658128015999,DUM DUM UTTAR,TMC,BJP,0,TMC Strongholds (C0),3,2
DURGAPUR PASCHIM,0.319544,0.38863,0.355813,0.091852,0.463103,0.5292560000000001,0.553981,0.095077,0.07968700000000001,0.034623,0.05319,0.035244,81.2886,73.1451,84.37755,22.4822,7.4473,17.3443,7.0,10.0,14.0,1.9456,1.3326,1.3595,2.388693691715859,2.6499439126765103,2.4136693121170945,0.5813611416700001,0.6226335224620001,0.5856930379899999,0.775178,0.925527,0.826557,3.0,11.0,12.0,5.0,5.0,5.0,50.0,49.0,52.0,15.190123961560177,16.268271527424954,17.010726277023476,0.0,0.0,14.999965624409187,Durgapur paschim,BJP,BJP,0,TMC Strongholds (C0),3,2
DURGAPUR PASCHIM,0.319544,0.38863,0.355813,0.091852,0.463103,0.5292560000000001,0.553981,0.095077,0.07968700000000001,0.034623,0.05319,0.035244,81.2886,73.1451,84.37755,22.4822,7.4473,17.3443,7.0,10.0,14.0,1.9456,1.3326,1.3595,2.388693691715859,2.6499439126765103,2.4136693121170945,0.5813611416700001,0.6226335224620001,0.5856930379899999,0.775178,0.925527,0.826557,3.0,11.0,12.0,5.0,5.0,5.0,50.0,49.0,52.0,15.190123961560177,16.268271527424954,17.010726277023476,0.0,0.0,14.999965624409187,Durgapur Paschim,BJP,BJP,0,TMC Strongholds (C0),3,2
DURGAPUR PASCHIM,0.319544,0.38863,0.355813,0.091852,0.463103,0.5292560000000001,0.553981,0.095077,0.07968700000000001,0.034623,0.05319,0.035244,81.2886,73.1451,84.37755,22.4822,7.4473,17.3443,7.0,10.0,14.0,1.9456,1.3326,1.3595,2.388693691715859,2.6499439126765103,2.4136693121170945,0.5813611416700001,0.6226335224620001,0.5856930379899999,0.775178,0.925527,0.826557,3.0,11.0,12.0,5.0,5.0,5.0,50.0,49.0,52.0,15.190123961560177,16.268271527424954,17.010726277023476,0.0,0.0,14.999965624409187,DURGAPUR PASCHIM,BJP,BJP,0,TMC Strongholds (C0),3,2
DURGAPUR PURBA,0.394231,0.41159199999999996,0.362911,0.122372,0.392149,0.506923,0.008801999999999999,0.154141,0.10469200000000001,0.474595,0.042118,0.025474,81.3753,75.2069,84.37755,4.7952,1.9443,14.4012,6.0,9.0,9.0,1.9326,1.364,1.2076,2.52709758105968,2.867612210518267,2.498222131538769,0.604289123026,0.65127781353,0.59971533861,0.952048,0.980557,0.855988,0.0,0.0,6.0,5.0,7.0,6.0,73.0,74.0,47.0,15.85922051240539,19.016366859211328,16.905713886628646,0.0,14.450550227375052,14.61551373539238,Durgapur Purba,TMC,BJP,0,TMC Strongholds (C0),3,2
DURGAPUR PURBA,0.394231,0.41159199999999996,0.362911,0.122372,0.392149,0.506923,0.008801999999999999,0.154141,0.10469200000000001,0.474595,0.042118,0.025474,81.3753,75.2069,84.37755,4.7952,1.9443,14.4012,6.0,9.0,9.0,1.9326,1.364,1.2076,2.52709758105968,2.867612210518267,2.498222131538769,0.604289123026,0.65127781353,0.59971533861,0.952048,0.980557,0.855988,0.0,0.0,6.0,5.0,7.0,6.0,73.0,74.0,47.0,15.85922051240539,19.016366859211328,16.905713886628646,0.0,14.450550227375052,14.61551373539238,DURGAPUR PURBA,TMC,BJP,0,TMC Strongholds (C0),3,2
EGRA,0.513079,0.522235,0.43426000000000003,0.058862,0.44545,0.529637,0.010594,0.026531,0.031422,0.417465,0.005784,0.004681,84.8748,84.7464,84.37755,11.7507,7.6785,9.5377,5.0,4.0,6.0,1.3613,0.5784,0.268,2.267038786307787,2.1191269488455817,2.1271782292735444,0.558895945654,0.528107553658,0.529893646786,0.882493,0.923215,0.904623,0.0,0.0,2.0,7.0,7.0,6.0,72.0,53.0,49.0,16.667395844197,15.965225900390777,17.686820417114646,0.0,15.529450277471494,15.436712798527537,Egra,TMC,BJP,0,TMC Strongholds (C0),2,2
EGRA,0.513079,0.522235,0.43426000000000003,0.058862,0.44545,0.529637,0.010594,0.026531,0.031422,0.417465,0.005784,0.004681,84.8748,84.7464,84.37755,11.7507,7.6785,9.5377,5.0,4.0,6.0,1.3613,0.5784,0.268,2.267038786307787,2.1191269488455817,2.1271782292735444,0.558895945654,0.528107553658,0.529893646786,0.882493,0.923215,0.904623,0.0,0.0,2.0,7.0,7.0,6.0,72.0,53.0,49.0,16.667395844197,15.965225900390777,17.686820417114646,0.0,15.529450277471494,15.436712798527537,EGRA,TMC,BJP,0,TMC Strongholds (C0),2,2
ENTALLY,0.519687,0.648348,0.571568,0.10060600000000001,0.276987,0.36572899999999997,0.0,0.0,0.04271,0.379707,0.074665,0.019993,70.6811,67.9846,84.37755,19.1783,37.1361,20.5839,10.0,15.0,15.0,1.5904,0.6317,0.4189,2.3564145256374696,1.9894488011247373,2.161360499701423,0.5756264489459999,0.49734821050199995,0.5373284557860001,0.808217,0.628639,0.794161,0.0,0.0,0.0,7.0,7.0,7.0,68.0,72.0,47.0,18.019239070962946,18.47132565368401,18.597820758043266,0.0,0.0,14.914123179965662,Entally,TMC,TMC,2,TMC Strongholds (C2),1,0
ENTALLY,0.519687,0.648348,0.571568,0.10060600000000001,0.276987,0.36572899999999997,0.0,0.0,0.04271,0.379707,0.074665,0.019993,70.6811,67.9846,84.37755,19.1783,37.1361,20.5839,10.0,15.0,15.0,1.5904,0.6317,0.4189,2.3564145256374696,1.9894488011247373,2.161360499701423,0.5756264489459999,0.49734821050199995,0.5373284557860001,0.808217,0.628639,0.794161,0.0,0.0,0.0,7.0,7.0,7.0,68.0,72.0,47.0,18.019239070962946,18.47132565368401,18.597820758043266,0.0,0.0,14.914123179965662,ENTALLY,TMC,TMC,2,TMC Strongholds (C2),1,0
FALAKATA,0.437744,0.448993,0.374528,0.15478899999999998,0.46708799999999995,0.569478,0.006790000000000001,0.051633,0.038592,0.400677,0.032286,0.017402,87.1307,86.7722,84.37755,8.5071,1.8095,19.495,7.0,8.0,8.0,1.9258,0.8934,0.6069,2.6583894592667896,2.361418578723095,2.14422674930192,0.623832393514,0.576525733722,0.5336314126639998,0.914929,0.981905,0.80505,1.0,1.0,1.0,6.0,6.0,6.0,56.0,56.0,56.0,0.0,0.0,0.0,0.0,0.0,0.0,Falakata,BJP,BJP,3,TMC Strongholds (C3),0,3
FALAKATA,0.437744,0.448993,0.374528,0.15478899999999998,0.46708799999999995,0.569478,0.006790000000000001,0.051633,0.038592,0.400677,0.032286,0.017402,87.1307,86.7722,84.37755,8.5071,1.8095,19.495,7.0,8.0,8.0,1.9258,0.8934,0.6069,2.6583894592667896,2.361418578723095,2.14422674930192,0.623832393514,0.576525733722,0.5336314126639998,0.914929,0.981905,0.80505,1.0,1.0,1.0,6.0,6.0,6.0,56.0,56.0,56.0,0.0,0.0,0.0,0.0,0.0,0.0,FALAKATA,BJP,BJP,3,TMC Strongholds (C3),0,3
FALTA,0.5015379999999999,0.563545,0.0,0.083764,0.36745199999999995,0.0,0.009555000000000001,0.035838999999999996,0.0,0.405143,0.033164,1.0,88.6234,87.916,84.37755,12.5303,19.6093,10.798,7.0,10.0,6.0,0.9634,0.5699,0.0,2.3652464595867184,2.1978590805882328,1.0,0.577211078386,0.5450117758540001,0.0,0.8746970000000001,0.8039069999999999,0.5,0.0,0.0,1.0,7.0,3.0,6.0,60.0,68.0,56.0,16.989968974216993,16.614619794334768,0.0,13.049392604548153,0.0,0.0,Falta,TMC,OTHERS,1,Mixed Profile (C1),2,1
FALTA,0.5015379999999999,0.563545,0.0,0.083764,0.36745199999999995,0.0,0.009555000000000001,0.035838999999999996,0.0,0.405143,0.033164,1.0,88.6234,87.916,84.37755,12.5303,19.6093,10.798,7.0,10.0,6.0,0.9634,0.5699,0.0,2.3652464595867184,2.1978590805882328,1.0,0.577211078386,0.5450117758540001,0.0,0.8746970000000001,0.8039069999999999,0.5,0.0,0.0,1.0,7.0,3.0,6.0,60.0,68.0,56.0,16.989968974216993,16.614619794334768,0.0,13.049392604548153,0.0,0.0,FALTA,TMC,OTHERS,1,Mixed Profile (C1),2,1
FARAKKA,0.33791499999999997,0.548851,0.27027999999999996,0.097746,0.227299,0.313754,0.510509,0.194208,0.384503,0.05383,0.029641999999999998,0.031463,84.9941,81.9744,84.37755,17.2594,32.1552,4.6859,6.0,6.0,12.0,1.1275,0.8786,1.0198,2.582258251559415,2.5542937419141025,3.1218261925331845,0.612742064278,0.6085023489700001,0.679674671706,0.827406,0.6784479999999999,0.953141,2.0,1.0,0.0,4.0,4.0,3.0,53.0,45.0,57.0,16.34060732267866,17.2287937115737,18.95271900636351,15.458715686384755,17.055630284718756,18.727629263216553,Farakka,TMC,LEFT,2,TMC Strongholds (C2),1,0
FARAKKA,0.33791499999999997,0.548851,0.27027999999999996,0.097746,0.227299,0.313754,0.510509,0.194208,0.384503,0.05383,0.029641999999999998,0.031463,84.9941,81.9744,84.37755,17.2594,32.1552,4.6859,6.0,6.0,12.0,1.1275,0.8786,1.0198,2.582258251559415,2.5542937419141025,3.1218261925331845,0.612742064278,0.6085023489700001,0.679674671706,0.827406,0.6784479999999999,0.953141,2.0,1.0,0.0,4.0,4.0,3.0,53.0,45.0,57.0,16.34060732267866,17.2287937115737,18.95271900636351,15.458715686384755,17.055630284718756,18.727629263216553,FARAKKA,TMC,LEFT,2,TMC Strongholds (C2),1,0
GAIGHATA,0.486201,0.42782200000000004,0.352001,0.149242,0.472738,0.5799300000000001,0.337691,0.07339999999999999,0.050816999999999994,0.026865999999999998,0.02604,0.017252,86.0185,84.7461,84.37755,15.3263,4.4916,22.7929,7.0,8.0,11.0,0.8225,0.6607,0.4751,2.6779384279919465,2.423781042519979,2.159344472572837,0.626578419598,0.587421478072,0.536896492106,0.846737,0.955084,0.772071,1.0,1.0,1.0,6.0,6.0,6.0,56.0,56.0,56.0,0.0,0.0,0.0,0.0,0.0,0.0,Gaighata,BJP,BJP,3,TMC Strongholds (C3),0,3
GAIGHATA,0.486201,0.42782200000000004,0.352001,0.149242,0.472738,0.5799300000000001,0.337691,0.07339999999999999,0.050816999999999994,0.026865999999999998,0.02604,0.017252,86.0185,84.7461,84.37755,15.3263,4.4916,22.7929,7.0,8.0,11.0,0.8225,0.6607,0.4751,2.6779384279919465,2.423781042519979,2.159344472572837,0.626578419598,0.587421478072,0.536896492106,0.846737,0.955084,0.772071,1.0,1.0,1.0,6.0,6.0,6.0,56.0,56.0,56.0,0.0,0.0,0.0,0.0,0.0,0.0,GAIGHATA,BJP,BJP,3,TMC Strongholds (C3),0,3
GALSI,0.46441200000000005,0.492069,0.431023,0.104563,0.40551299999999996,0.476188,0.41186900000000004,0.07648100000000001,0.067012,0.019156,0.025937,0.025777,86.5525,86.7668,84.37755,5.2543,8.6556,4.5165,3.0,4.0,8.0,1.9156,1.0129,1.1965,2.5213371165858596,2.420752050369374,2.3941148840161595,0.60338504779,0.5869052347400001,0.5823091002540001,0.947457,0.913444,0.954835,1.0,1.0,1.0,6.0,6.0,6.0,56.0,56.0,56.0,0.0,0.0,0.0,0.0,0.0,0.0,Galsi,TMC,BJP,3,TMC Strongholds (C3),0,3
GALSI,0.46441200000000005,0.492069,0.431023,0.104563,0.40551299999999996,0.476188,0.41186900000000004,0.07648100000000001,0.067012,0.019156,0.025937,0.025777,86.5525,86.7668,84.37755,5.2543,8.6556,4.5165,3.0,4.0,8.0,1.9156,1.0129,1.1965,2.5213371165858596,2.420752050369374,2.3941148840161595,0.60338504779,0.5869052347400001,0.5823091002540001,0.947457,0.913444,0.954835,1.0,1.0,1.0,6.0,6.0,6.0,56.0,56.0,56.0,0.0,0.0,0.0,0.0,0.0,0.0,GALSI,TMC,BJP,3,TMC Strongholds (C3),0,3
GANGARAMPUR,0.401827,0.444011,0.39800199999999997,0.10153499999999999,0.468245,0.544971,0.463732,0.064771,0.041961000000000005,0.032906,0.022973,0.015066,87.2456,84.6786,84.37755,6.1905,2.4234,14.6969,6.0,6.0,8.0,1.4027,0.6064,0.7458,2.5779543303880015,2.374607715694658,2.1863338306779316,0.6120955331860001,0.578877810684,0.5426133072780002,0.938095,0.975766,0.853031,1.0,1.0,1.0,6.0,6.0,6.0,56.0,56.0,56.0,0.0,0.0,0.0,0.0,0.0,0.0,Gangarampur,BJP,BJP,3,TMC Strongholds (C3),0,3
GANGARAMPUR,0.401827,0.444011,0.39800199999999997,0.10153499999999999,0.468245,0.544971,0.463732,0.064771,0.041961000000000005,0.032906,0.022973,0.015066,87.2456,84.6786,84.37755,6.1905,2.4234,14.6969,6.0,6.0,8.0,1.4027,0.6064,0.7458,2.5779543303880015,2.374607715694658,2.1863338306779316,0.6120955331860001,0.578877810684,0.5426133072780002,0.938095,0.975766,0.853031,1.0,1.0,1.0,6.0,6.0,6.0,56.0,56.0,56.0,0.0,0.0,0.0,0.0,0.0,0.0,GANGARAMPUR,BJP,BJP,3,TMC Strongholds (C3),0,3
GARBETA,0.588601,0.457086,0.39417900000000006,0.119983,0.40618099999999996,0.5122829999999999,0.010643,0.119631,0.075177,0.280773,0.017102,0.018361000000000002,90.5572,89.7951,84.37755,32.5762,5.0905,11.8104,4.0,5.0,7.0,1.7935,1.3092,1.1056,2.273792810961688,2.5739053769620606,2.35960545858081,0.560206191532,0.611485329278,0.57620033622,0.674238,0.949095,0.881896,0.0,1.0,1.0,5.0,6.0,6.0,54.0,56.0,65.0,15.43603518502582,16.689656158696945,18.008199117551197,13.122365377402328,15.663732902905409,17.13097672469776,Garbeta,TMC,BJP,0,TMC Strongholds (C0),2,2
GARBETA,0.588601,0.457086,0.39417900000000006,0.119983,0.40618099999999996,0.5122829999999999,0.010643,0.119631,0.075177,0.280773,0.017102,0.018361000000000002,90.5572,89.7951,84.37755,32.5762,5.0905,11.8104,4.0,5.0,7.0,1.7935,1.3092,1.1056,2.273792810961688,2.5739053769620606,2.35960545858081,0.560206191532,0.611485329278,0.57620033622,0.674238,0.949095,0.881896,0.0,1.0,1.0,5.0,6.0,6.0,54.0,56.0,65.0,15.43603518502582,16.689656158696945,18.008199117551197,13.122365377402328,15.663732902905409,17.13097672469776,GARBETA,TMC,BJP,0,TMC Strongholds (C0),2,2
GAZOLE,0.32949100000000003,0.446884,0.382758,0.145053,0.45501199999999997,0.539357,0.010145,0.06930399999999999,0.046653,0.5153110000000001,0.0288,0.031232000000000003,84.8157,82.8365,84.37755,10.3879,0.8128,15.6599,12.0,8.0,13.0,1.7597,0.7848,0.6122,2.5300248188373926,2.424984828109583,2.2698301428032353,0.6047469603639999,0.587626285984,0.559438399754,0.896121,0.991872,0.843401,1.0,1.0,1.0,6.0,6.0,6.0,56.0,56.0,56.0,0.0,0.0,0.0,0.0,0.0,0.0,Gazole,BJP,BJP,3,TMC Strongholds (C3),0,3
GAZOLE,0.32949100000000003,0.446884,0.382758,0.145053,0.45501199999999997,0.539357,0.010145,0.06930399999999999,0.046653,0.5153110000000001,0.0288,0.031232000000000003,84.8157,82.8365,84.37755,10.3879,0.8128,15.6599,12.0,8.0,13.0,1.7597,0.7848,0.6122,2.5300248188373926,2.424984828109583,2.2698301428032353,0.6047469603639999,0.587626285984,0.559438399754,0.896121,0.991872,0.843401,1.0,1.0,1.0,6.0,6.0,6.0,56.0,56.0,56.0,0.0,0.0,0.0,0.0,0.0,0.0,GAZOLE,BJP,BJP,3,TMC Strongholds (C3),0,3
GHATAL,0.497673,0.465207,0.387948,0.04838,0.469493,0.543539,0.011850000000000001,0.054013,0.048263999999999994,0.44209699999999996,0.011287,0.020249000000000003,84.1377,80.6229,84.37755,9.0026,0.4286,15.5591,5.0,5.0,9.0,1.0584,0.579,0.5404,2.2441187408779792,2.273316111013651,2.2287711893903737,0.554390780762,0.5601139695640001,0.551322269078,0.9099740000000001,0.995714,0.844409,1.0,1.0,1.0,6.0,6.0,6.0,56.0,56.0,56.0,0.0,0.0,0.0,0.0,0.0,0.0,Ghatal,BJP,BJP,3,TMC Strongholds (C3),0,3
GHATAL,0.497673,0.465207,0.387948,0.04838,0.469493,0.543539,0.011850000000000001,0.054013,0.048263999999999994,0.44209699999999996,0.011287,0.020249000000000003,84.1377,80.6229,84.37755,9.0026,0.4286,15.5591,5.0,5.0,9.0,1.0584,0.579,0.5404,2.2441187408779792,2.273316111013651,2.2287711893903737,0.554390780762,0.5601139695640001,0.551322269078,0.9099740000000001,0.995714,0.844409,1.0,1.0,1.0,6.0,6.0,6.0,56.0,56.0,56.0,0.0,0.0,0.0,0.0,0.0,0.0,GHATAL,BJP,BJP,3,TMC Strongholds (C3),0,3
GOALPOKHAR,0.439144,0.654032,0.6665989999999999,0.114855,0.198935,0.20917000000000002,0.39905999999999997,0.122394,0.021116000000000003,0.046941,0.024639,0.10311500000000001,74.3096,71.9507,84.37755,5.2452,45.5097,45.7429,7.0,7.0,11.0,1.054,1.248,0.5099,2.721151633902415,2.0707347981549553,2.0032657061976233,0.632508535158,0.5170796371940001,0.5008150956180002,0.9475480000000001,0.5449029999999999,0.542571,0.0,3.0,1.0,7.0,7.0,7.0,46.0,51.0,56.0,14.676289002741061,16.49176299288143,17.264357644195155,0.0,15.237657707525285,16.03119470423468,Goalpokhar,TMC,TMC,2,TMC Strongholds (C2),1,0
GOALPOKHAR,0.439144,0.654032,0.6665989999999999,0.114855,0.198935,0.20917000000000002,0.39905999999999997,0.122394,0.021116000000000003,0.046941,0.024639,0.10311500000000001,74.3096,71.9507,84.37755,5.2452,45.5097,45.7429,7.0,7.0,11.0,1.054,1.248,0.5099,2.721151633902415,2.0707347981549553,2.0032657061976233,0.632508535158,0.5170796371940001,0.5008150956180002,0.9475480000000001,0.5449029999999999,0.542571,0.0,3.0,1.0,7.0,7.0,7.0,46.0,51.0,56.0,14.676289002741061,16.49176299288143,17.264357644195155,0.0,15.237657707525285,16.03119470423468,GOALPOKHAR,TMC,TMC,2,TMC Strongholds (C2),1,0
GOGHAT,0.518779,0.446742,0.362392,0.095782,0.46563099999999996,0.57399,0.363153,0.06549,0.048156,0.022286,0.022136999999999997,0.015462,88.5442,89.1398,84.37755,15.5626,1.8889,21.1598,3.0,4.0,5.0,2.2286,1.1305,1.0332,2.434970404632028,2.374340241398655,2.1581931607396974,0.58931739043,0.578830370406,0.5366494444559999,0.844374,0.981111,0.788402,1.0,1.0,1.0,6.0,6.0,6.0,56.0,56.0,56.0,0.0,0.0,0.0,0.0,0.0,0.0,Goghat,BJP,BJP,3,TMC Strongholds (C3),0,3
GOGHAT,0.518779,0.446742,0.362392,0.095782,0.46563099999999996,0.57399,0.363153,0.06549,0.048156,0.022286,0.022136999999999997,0.015462,88.5442,89.1398,84.37755,15.5626,1.8889,21.1598,3.0,4.0,5.0,2.2286,1.1305,1.0332,2.434970404632028,2.374340241398655,2.1581931607396974,0.58931739043,0.578830370406,0.5366494444559999,0.844374,0.981111,0.788402,1.0,1.0,1.0,6.0,6.0,6.0,56.0,56.0,56.0,0.0,0.0,0.0,0.0,0.0,0.0,GOGHAT,BJP,BJP,3,TMC Strongholds (C3),0,3
GOPIBALLAVPUR,0.55508,0.523007,0.41244100000000006,0.118062,0.40361199999999997,0.537451,0.007204,0.029230999999999997,0.023831,0.319654,0.04415,0.026277,87.7351,88.0261,84.37755,27.4201,11.9395,12.501,6.0,9.0,9.0,2.004,1.402,1.1866,2.356917326079495,2.2766459886797663,2.172875952591838,0.575716980424,0.560757357546,0.5397804468279999,0.725799,0.880605,0.87499,0.0,0.0,6.0,4.0,7.0,7.0,58.0,39.0,51.0,13.269468725636356,15.998388377643558,15.945075541270676,0.0,13.597456533010224,14.794212925758327,Gopiballavpur,TMC,BJP,0,TMC Strongholds (C0),2,2
GOPIBALLAVPUR,0.55508,0.523007,0.41244100000000006,0.118062,0.40361199999999997,0.537451,0.007204,0.029230999999999997,0.023831,0.319654,0.04415,0.026277,87.7351,88.0261,84.37755,27.4201,11.9395,12.501,6.0,9.0,9.0,2.004,1.402,1.1866,2.356917326079495,2.2766459886797663,2.172875952591838,0.575716980424,0.560757357546,0.5397804468279999,0.725799,0.880605,0.87499,0.0,0.0,6.0,4.0,7.0,7.0,58.0,39.0,51.0,13.269468725636356,15.998388377643558,15.945075541270676,0.0,13.597456533010224,14.794212925758327,GOPIBALLAVPUR,TMC,BJP,0,TMC Strongholds (C0),2,2
GOSABA,0.505162,0.539932,0.43719700000000006,0.064061,0.418849,0.513382,0.401469,0.029533999999999998,0.027280000000000002,0.029308,0.011685000000000001,0.022141,84.7478,85.0821,84.37755,10.954,12.1083,7.6185,7.0,5.0,9.0,1.7313,0.5194,1.051,2.373443400580516,2.136889820919267,2.1932868371495817,0.5786712252099999,0.532030154194,0.5440632829859999,0.89046,0.878917,0.923815,1.0,1.0,1.0,6.0,6.0,6.0,56.0,56.0,56.0,0.0,0.0,0.0,0.0,0.0,0.0,Gosaba,TMC,BJP,3,TMC Strongholds (C3),0,3
GOSABA,0.505162,0.539932,0.43719700000000006,0.064061,0.418849,0.513382,0.401469,0.029533999999999998,0.027280000000000002,0.029308,0.011685000000000001,0.022141,84.7478,85.0821,84.37755,10.954,12.1083,7.6185,7.0,5.0,9.0,1.7313,0.5194,1.051,2.373443400580516,2.136889820919267,2.1932868371495817,0.5786712252099999,0.532030154194,0.5440632829859999,0.89046,0.878917,0.923815,1.0,1.0,1.0,6.0,6.0,6.0,56.0,56.0,56.0,0.0,0.0,0.0,0.0,0.0,0.0,GOSABA,TMC,BJP,3,TMC Strongholds (C3),0,3
HABIBPUR,0.33402,0.376576,0.280625,0.22593800000000003,0.47515300000000005,0.624138,0.004057,0.069726,0.050718,0.435985,0.078545,0.044519,82.6456,79.8271,84.37755,1.3625,9.8577,34.3513,9.0,10.0,10.0,2.0367,1.092,0.931,2.835136368923788,2.6412341226789358,2.114822643525322,0.647283280282,0.6213891107139999,0.5271471094460001,0.986375,0.901423,0.656487,1.0,1.0,1.0,6.0,6.0,6.0,56.0,56.0,56.0,0.0,0.0,0.0,0.0,0.0,0.0,Habibpur,BJP,BJP,3,TMC Strongholds (C3),0,3
HABIBPUR,0.33402,0.376576,0.280625,0.22593800000000003,0.47515300000000005,0.624138,0.004057,0.069726,0.050718,0.435985,0.078545,0.044519,82.6456,79.8271,84.37755,1.3625,9.8577,34.3513,9.0,10.0,10.0,2.0367,1.092,0.931,2.835136368923788,2.6412341226789358,2.114822643525322,0.647283280282,0.6213891107139999,0.5271471094460001,0.986375,0.901423,0.656487,1.0,1.0,1.0,6.0,6.0,6.0,56.0,56.0,56.0,0.0,0.0,0.0,0.0,0.0,0.0,HABIBPUR,BJP,BJP,3,TMC Strongholds (C3),0,3
HABRA,0.543099,0.443418,0.36823999999999996,0.122781,0.424605,0.52655,0.010868,0.112925,0.083743,0.32325200000000004,0.019052,0.021467,85.2972,84.4533,84.37755,24.5632,1.8813,15.831,7.0,7.0,13.0,1.0986,0.6318,0.4971,2.4117209637487624,2.563945025603497,2.37908693753651,0.58535833331,0.609976036922,0.5796706777620001,0.754368,0.981187,0.84169,0.0,0.0,13.0,7.0,7.0,5.0,58.0,63.0,58.0,16.53040978418846,17.956590937534404,16.533757594188444,0.0,0.0,0.0,Habra,TMC,BJP,0,TMC Strongholds (C0),2,2
HABRA,0.543099,0.443418,0.36823999999999996,0.122781,0.424605,0.52655,0.010868,0.112925,0.083743,0.32325200000000004,0.019052,0.021467,85.2972,84.4533,84.37755,24.5632,1.8813,15.831,7.0,7.0,13.0,1.0986,0.6318,0.4971,2.4117209637487624,2.563945025603497,2.37908693753651,0.58535833331,0.609976036922,0.5796706777620001,0.754368,0.981187,0.84169,0.0,0.0,13.0,7.0,7.0,5.0,58.0,63.0,58.0,16.53040978418846,17.956590937534404,16.533757594188444,0.0,0.0,0.0,HABRA,TMC,BJP,0,TMC Strongholds (C0),2,2
HALDIA,0.39527,0.403572,0.34713900000000003,0.066694,0.47153599999999996,0.552037,0.004748,0.109789,0.086608,0.533288,0.015103,0.014216,90.4244,88.1721,84.37755,10.6411,6.7964,20.4898,6.0,5.0,7.0,1.1798,0.6399,0.4452,2.246660410711825,2.5157341332853056,2.309717530154148,0.554894903016,0.6025017163899999,0.5670466249899999,0.893589,0.932036,0.795102,1.0,1.0,1.0,6.0,6.0,6.0,56.0,56.0,56.0,0.0,0.0,0.0,0.0,0.0,0.0,Haldia,BJP,BJP,3,TMC Strongholds (C3),0,3
HALDIA,0.39527,0.403572,0.34713900000000003,0.066694,0.47153599999999996,0.552037,0.004748,0.109789,0.086608,0.533288,0.015103,0.014216,90.4244,88.1721,84.37755,10.6411,6.7964,20.4898,6.0,5.0,7.0,1.1798,0.6399,0.4452,2.246660410711825,2.5157341332853056,2.309717530154148,0.554894903016,0.6025017163899999,0.5670466249899999,0.893589,0.932036,0.795102,1.0,1.0,1.0,6.0,6.0,6.0,56.0,56.0,56.0,0.0,0.0,0.0,0.0,0.0,0.0,HALDIA,BJP,BJP,3,TMC Strongholds (C3),0,3
HANSAN,0.41226999999999997,0.514178,0.45561999999999997,0.041311,0.273857,0.33071399999999995,0.5092110000000001,0.194886,0.188493,0.037208,0.017079,0.025173,84.4156,85.1128,84.37755,8.7096,24.0321,12.4906,9.0,5.0,12.0,1.294,1.1491,0.5089,2.3129225582271333,2.647962046241626,2.831861412970722,0.5676465705939999,0.6223510826299999,0.6468753748260001,0.9129039999999999,0.759679,0.875094,0.0,0.0,6.0,7.0,7.0,6.0,41.0,63.0,51.0,15.047372616271543,18.80984026897128,17.30861229588951,0.0,16.98111209599547,0.0,Hansan,TMC,TMC,2,TMC Strongholds (C2),1,0
HANSAN,0.41226999999999997,0.514178,0.45561999999999997,0.041311,0.273857,0.33071399999999995,0.5092110000000001,0.194886,0.188493,0.037208,0.017079,0.025173,84.4156,85.1128,84.37755,8.7096,24.0321,12.4906,9.0,5.0,12.0,1.294,1.1491,0.5089,2.3129225582271333,2.647962046241626,2.831861412970722,0.5676465705939999,0.6223510826299999,0.6468753748260001,0.9129039999999999,0.759679,0.875094,0.0,0.0,6.0,7.0,7.0,6.0,41.0,63.0,51.0,15.047372616271543,18.80984026897128,17.30861229588951,0.0,16.98111209599547,0.0,HANSAN,TMC,TMC,2,TMC Strongholds (C2),1,0
HARIHARPARA,0.377736,0.475113,0.341434,0.028496,0.085054,0.136241,0.36611899999999997,0.417998,0.198708,0.22764900000000002,0.021835,0.323617,86.7118,87.3822,84.37755,2.643,6.5098,5.3826,9.0,11.0,11.0,0.6123,0.517,0.5525,3.036157320566281,2.4499857404967087,3.5797179402909705,0.6706363029260001,0.591834359086,0.72064838161,0.97357,0.934902,0.946174,1.0,1.0,1.0,3.0,3.0,5.0,65.0,70.0,75.0,16.406116565996467,17.041749488514984,16.87067394138258,14.218306105965533,14.296810146951861,14.331872229500656,Hariharpara,TMC,TMC,2,TMC Strongholds (C2),1,0
HARIHARPARA,0.377736,0.475113,0.341434,0.028496,0.085054,0.136241,0.36611899999999997,0.417998,0.198708,0.22764900000000002,0.021835,0.323617,86.7118,87.3822,84.37755,2.643,6.5098,5.3826,9.0,11.0,11.0,0.6123,0.517,0.5525,3.036157320566281,2.4499857404967087,3.5797179402909705,0.6706363029260001,0.591834359086,0.72064838161,0.97357,0.934902,0.946174,1.0,1.0,1.0,3.0,3.0,5.0,65.0,70.0,75.0,16.406116565996467,17.041749488514984,16.87067394138258,14.218306105965533,14.296810146951861,14.331872229500656,HARIHARPARA,TMC,TMC,2,TMC Strongholds (C2),1,0
HARINGHATA,0.49399299999999996,0.39106799999999997,0.40348999999999996,0.082531,0.46314900000000003,0.507154,0.004358,0.11952199999999999,0.065122,0.419118,0.026261,0.024234,87.255,87.7289,84.37755,11.1565,7.2081,10.3664,7.0,9.0,11.0,1.0206,0.6767,0.7403,2.3445595685537572,2.6149511239499805,2.3538410556883194,0.5734806599020001,0.6175836745700001,0.575162478544,0.888435,0.9279189999999999,0.896336,1.0,1.0,1.0,6.0,6.0,6.0,56.0,56.0,56.0,0.0,0.0,0.0,0.0,0.0,0.0,Haringhata,BJP,BJP,3,TMC Strongholds (C3),0,3
HARINGHATA,0.49399299999999996,0.39106799999999997,0.40348999999999996,0.082531,0.46314900000000003,0.507154,0.004358,0.11952199999999999,0.065122,0.419118,0.026261,0.024234,87.255,87.7289,84.37755,11.1565,7.2081,10.3664,7.0,9.0,11.0,1.0206,0.6767,0.7403,2.3445595685537572,2.6149511239499805,2.3538410556883194,0.5734806599020001,0.6175836745700001,0.575162478544,0.888435,0.9279189999999999,0.896336,1.0,1.0,1.0,6.0,6.0,6.0,56.0,56.0,56.0,0.0,0.0,0.0,0.0,0.0,0.0,HARINGHATA,BJP,BJP,3,TMC Strongholds (C3),0,3
HARIPAL,0.53215,0.499221,0.446531,0.053379,0.394716,0.46070999999999995,0.008704,0.009612,0.009528,0.40576700000000004,0.096451,0.083231,84.5126,82.1286,84.37755,15.1033,10.4505,1.4179,6.0,5.0,11.0,1.692,1.5251,0.7102,2.2184973255458984,2.413025433443597,2.38856268170801,0.549244441954,0.5855824865579999,0.581338179794,0.848967,0.895495,0.985821,21.0,0.0,2.0,4.0,5.0,5.0,45.0,46.0,52.0,16.017308218353953,16.864992486580256,16.244528193765664,0.0,14.129162962959882,0.0,Haripal,TMC,BJP,0,TMC Strongholds (C0),2,2
HARIPAL,0.53215,0.499221,0.446531,0.053379,0.394716,0.46070999999999995,0.008704,0.009612,0.009528,0.40576700000000004,0.096451,0.083231,84.5126,82.1286,84.37755,15.1033,10.4505,1.4179,6.0,5.0,11.0,1.692,1.5251,0.7102,2.2184973255458984,2.413025433443597,2.38856268170801,0.549244441954,0.5855824865579999,0.581338179794,0.848967,0.895495,0.985821,21.0,0.0,2.0,4.0,5.0,5.0,45.0,46.0,52.0,16.017308218353953,16.864992486580256,16.244528193765664,0.0,14.129162962959882,0.0,HARIPAL,TMC,BJP,0,TMC Strongholds (C0),2,2
HARIRAMPUR,0.40129800000000004,0.512311,0.456197,0.118963,0.39148499999999997,0.44646500000000006,0.0,0.0678,0.073356,0.479739,0.028404,0.023982,84.8859,82.3493,84.37755,2.7,12.0826,0.9732,7.0,8.0,10.0,0.9879,0.9715,0.4964,2.467053802196891,2.37458231985147,2.418947491303554,0.594658211706,0.5788733068380001,0.5865970619059999,0.973,0.879174,0.990268,3.0,0.0,0.0,5.0,7.0,7.0,61.0,69.0,74.0,14.475896398628919,16.94254662613762,17.431618331304715,0.0,13.719470912164311,11.062740149172154,Harirampur,TMC,TMC,0,TMC Strongholds (C0),2,2
HARIRAMPUR,0.40129800000000004,0.512311,0.456197,0.118963,0.39148499999999997,0.44646500000000006,0.0,0.0678,0.073356,0.479739,0.028404,0.023982,84.8859,82.3493,84.37755,2.7,12.0826,0.9732,7.0,8.0,10.0,0.9879,0.9715,0.4964,2.467053802196891,2.37458231985147,2.418947491303554,0.594658211706,0.5788733068380001,0.5865970619059999,0.973,0.879174,0.990268,3.0,0.0,0.0,5.0,7.0,7.0,61.0,69.0,74.0,14.475896398628919,16.94254662613762,17.431618331304715,0.0,13.719470912164311,11.062740149172154,HARIRAMPUR,TMC,TMC,0,TMC Strongholds (C0),2,2
HARISCHANDRAPUR,0.24522200000000002,0.603127,0.49803800000000004,0.150475,0.221774,0.285483,0.5571240000000001,0.15412,0.195689,0.047179,0.020979,0.020790000000000003,80.0253,80.5186,84.37755,10.3791,38.1353,21.2555,8.0,8.0,12.0,1.0148,0.4981,0.4201,2.529151222553503,2.287601998956886,2.7154078645279105,0.6046104356739999,0.562861021954,0.631731198446,0.896209,0.618647,0.787445,0.0,0.0,2.0,7.0,5.0,3.0,59.0,63.0,38.0,16.166516508847344,15.744092145269153,19.36388577084693,0.0,0.0,17.121757788337394,Harischandrapur,TMC,TMC,2,TMC Strongholds (C2),1,0
HARISCHANDRAPUR,0.24522200000000002,0.603127,0.49803800000000004,0.150475,0.221774,0.285483,0.5571240000000001,0.15412,0.195689,0.047179,0.020979,0.020790000000000003,80.0253,80.5186,84.37755,10.3791,38.1353,21.2555,8.0,8.0,12.0,1.0148,0.4981,0.4201,2.529151222553503,2.287601998956886,2.7154078645279105,0.6046104356739999,0.562861021954,0.631731198446,0.896209,0.618647,0.787445,0.0,0.0,2.0,7.0,5.0,3.0,59.0,63.0,38.0,16.166516508847344,15.744092145269153,19.36388577084693,0.0,0.0,17.121757788337394,HARISCHANDRAPUR,TMC,TMC,2,TMC Strongholds (C2),1,0
HAROA,0.563253,0.5734429999999999,0.49518500000000004,0.055217999999999996,0.16933499999999999,0.173261,0.0,0.0,0.005209,0.381529,0.257222,0.32634500000000005,86.7806,87.7503,84.37755,21.1377,35.6112,20.7779,4.0,6.0,10.0,1.3663,1.2885,1.1947,2.1465337839983802,2.360303246877975,2.619475927328694,0.534132652626,0.576325626242,0.6182442489479999,0.7886230000000001,0.643888,0.7922210000000001,0.0,0.0,1.0,5.0,5.0,5.0,52.0,57.0,52.0,15.889603069053766,16.30773371008597,16.119529522473048,13.75204772473363,0.0,0.0,Haroa,TMC,TMC,2,TMC Strongholds (C2),2,2
HAROA,0.563253,0.5734429999999999,0.49518500000000004,0.055217999999999996,0.16933499999999999,0.173261,0.0,0.0,0.005209,0.381529,0.257222,0.32634500000000005,86.7806,87.7503,84.37755,21.1377,35.6112,20.7779,4.0,6.0,10.0,1.3663,1.2885,1.1947,2.1465337839983802,2.360303246877975,2.619475927328694,0.534132652626,0.576325626242,0.6182442489479999,0.7886230000000001,0.643888,0.7922210000000001,0.0,0.0,1.0,5.0,5.0,5.0,52.0,57.0,52.0,15.889603069053766,16.30773371008597,16.119529522473048,13.75204772473363,0.0,0.0,HAROA,TMC,TMC,2,TMC Strongholds (C2),2,2
HEMTABAD,0.340267,0.521381,0.43099400000000004,0.20631,0.39950600000000003,0.48263399999999995,0.010357,0.049131,0.062,0.443066,0.029982,0.024371999999999998,84.9988,84.3045,84.37755,6.6432,12.1875,5.164,7.0,8.0,13.0,1.2325,0.9673,0.3162,2.818805529896475,2.300140944888848,2.363343221036834,0.645239804806,0.565244033318,0.576870599624,0.933568,0.878125,0.94836,1.0,1.0,1.0,6.0,6.0,6.0,56.0,56.0,56.0,0.0,0.0,0.0,0.0,0.0,0.0,Hemtabad,TMC,BJP,3,TMC Strongholds (C3),0,3
HEMTABAD,0.340267,0.521381,0.43099400000000004,0.20631,0.39950600000000003,0.48263399999999995,0.010357,0.049131,0.062,0.443066,0.029982,0.024371999999999998,84.9988,84.3045,84.37755,6.6432,12.1875,5.164,7.0,8.0,13.0,1.2325,0.9673,0.3162,2.818805529896475,2.300140944888848,2.363343221036834,0.645239804806,0.565244033318,0.576870599624,0.933568,0.878125,0.94836,1.0,1.0,1.0,6.0,6.0,6.0,56.0,56.0,56.0,0.0,0.0,0.0,0.0,0.0,0.0,HEMTABAD,TMC,BJP,3,TMC Strongholds (C3),0,3
HOWRAH DAKSHIN,0.47791200000000006,0.538577,0.452773,0.08303,0.30547599999999997,0.41752,0.003861,0.127265,0.111257,0.435197,0.028682,0.01845,73.5202,73.7673,84.37755,8.2606,23.3101,3.5253,10.0,12.0,12.0,1.9466,1.3589,0.7088,2.3545744379768765,2.4975036897798217,2.550728489793986,0.5752948032259999,0.599600191146,0.607955137522,0.917394,0.766899,0.964747,0.0,0.0,0.0,7.0,5.0,5.0,76.0,60.0,65.0,15.56230351852609,18.873960740803454,19.39303774482668,0.0,14.173475869021154,15.762776359136453,Howrah Dakshin,TMC,TMC,2,TMC Strongholds (C2),3,2
HOWRAH DAKSHIN,0.47791200000000006,0.538577,0.452773,0.08303,0.30547599999999997,0.41752,0.003861,0.127265,0.111257,0.435197,0.028682,0.01845,73.5202,73.7673,84.37755,8.2606,23.3101,3.5253,10.0,12.0,12.0,1.9466,1.3589,0.7088,2.3545744379768765,2.4975036897798217,2.550728489793986,0.5752948032259999,0.599600191146,0.607955137522,0.917394,0.766899,0.964747,0.0,0.0,0.0,7.0,5.0,5.0,76.0,60.0,65.0,15.56230351852609,18.873960740803454,19.39303774482668,0.0,14.173475869021154,15.762776359136453,HOWRAH DAKSHIN,TMC,TMC,2,TMC Strongholds (C2),3,2
HOWRAH MADHYA,0.5219590000000001,0.57165,0.49595999999999996,0.20293299999999997,0.333123,0.412826,0.0075390000000000006,0.067775,0.073374,0.267569,0.027452,0.01784,71.739,73.256,84.37755,30.1315,23.8527,8.3134,12.0,13.0,15.0,2.3511,1.4015,0.5738,2.5955620644411455,2.2568181483347254,2.3690864316482583,0.614726993548,0.556898281442,0.577896362648,0.698685,0.7614730000000001,0.916866,0.0,0.0,0.0,7.0,7.0,7.0,60.0,65.0,70.0,17.122524834434827,17.22619374015985,17.696993651620282,14.674794864447652,14.901308424850354,14.640989974948253,Howrah madhya,TMC,TMC,2,TMC Strongholds (C2),1,0
HOWRAH MADHYA,0.5219590000000001,0.57165,0.49595999999999996,0.20293299999999997,0.333123,0.412826,0.0075390000000000006,0.067775,0.073374,0.267569,0.027452,0.01784,71.739,73.256,84.37755,30.1315,23.8527,8.3134,12.0,13.0,15.0,2.3511,1.4015,0.5738,2.5955620644411455,2.2568181483347254,2.3690864316482583,0.614726993548,0.556898281442,0.577896362648,0.698685,0.7614730000000001,0.916866,0.0,0.0,0.0,7.0,7.0,7.0,60.0,65.0,70.0,17.122524834434827,17.22619374015985,17.696993651620282,14.674794864447652,14.901308424850354,14.640989974948253,Howrah Madhya,TMC,TMC,2,TMC Strongholds (C2),1,0
HOWRAH MADHYA,0.5219590000000001,0.57165,0.49595999999999996,0.20293299999999997,0.333123,0.412826,0.0075390000000000006,0.067775,0.073374,0.267569,0.027452,0.01784,71.739,73.256,84.37755,30.1315,23.8527,8.3134,12.0,13.0,15.0,2.3511,1.4015,0.5738,2.5955620644411455,2.2568181483347254,2.3690864316482583,0.614726993548,0.556898281442,0.577896362648,0.698685,0.7614730000000001,0.916866,0.0,0.0,0.0,7.0,7.0,7.0,60.0,65.0,70.0,17.122524834434827,17.22619374015985,17.696993651620282,14.674794864447652,14.901308424850354,14.640989974948253,HOWRAH MADHYA,TMC,TMC,2,TMC Strongholds (C2),1,0
HOWRAH UTTAR,0.45985,0.478059,0.42302500000000004,0.233323,0.441177,0.507572,0.259629,0.054321,0.051982999999999994,0.047198000000000004,0.026442999999999998,0.01742,67.9241,68.5262,84.37755,20.0221,3.6882,8.4547,15.0,13.0,13.0,0.7947,1.1154,0.6373,2.9803015744855075,2.342866541085537,2.2748719884422526,0.664463486326,0.5731724439,0.560414825502,0.799779,0.963118,0.915453,0.0,4.0,19.0,4.0,5.0,6.0,35.0,48.0,48.0,17.759176522366793,16.329139252242687,15.845975199290562,10.819798284210286,0.0,0.0,Howrah Uttar,TMC,BJP,0,TMC Strongholds (C0),3,0
HOWRAH UTTAR,0.45985,0.478059,0.42302500000000004,0.233323,0.441177,0.507572,0.259629,0.054321,0.051982999999999994,0.047198000000000004,0.026442999999999998,0.01742,67.9241,68.5262,84.37755,20.0221,3.6882,8.4547,15.0,13.0,13.0,0.7947,1.1154,0.6373,2.9803015744855075,2.342866541085537,2.2748719884422526,0.664463486326,0.5731724439,0.560414825502,0.799779,0.963118,0.915453,0.0,4.0,19.0,4.0,5.0,6.0,35.0,48.0,48.0,17.759176522366793,16.329139252242687,15.845975199290562,10.819798284210286,0.0,0.0,HOWRAH UTTAR,TMC,BJP,0,TMC Strongholds (C0),3,0
ISLAMPUR,0.387145,0.589096,0.581396,0.12494999999999999,0.368827,0.36595799999999995,0.443596,0.02714,0.031141000000000002,0.044309,0.014937,0.021505,79.3567,77.5008,84.37755,5.1659,22.0269,21.5438,8.0,5.0,12.0,1.3005,1.1625,1.0862,2.745484382104806,2.065999824160433,2.11247316897303,0.635765547778,0.5159728532860001,0.5266212065139999,0.948341,0.779731,0.784562,6.0,4.0,0.0,7.0,6.0,7.0,62.0,75.0,71.0,16.660691881548896,16.23298374475564,17.85339192345053,0.0,14.188380846457308,13.90527813314762,Islampur,TMC,TMC,2,TMC Strongholds (C2),1,0
ISLAMPUR,0.387145,0.589096,0.581396,0.12494999999999999,0.368827,0.36595799999999995,0.443596,0.02714,0.031141000000000002,0.044309,0.014937,0.021505,79.3567,77.5008,84.37755,5.1659,22.0269,21.5438,8.0,5.0,12.0,1.3005,1.1625,1.0862,2.745484382104806,2.065999824160433,2.11247316897303,0.635765547778,0.5159728532860001,0.5266212065139999,0.948341,0.779731,0.784562,6.0,4.0,0.0,7.0,6.0,7.0,62.0,75.0,71.0,16.660691881548896,16.23298374475564,17.85339192345053,0.0,14.188380846457308,13.90527813314762,ISLAMPUR,TMC,TMC,2,TMC Strongholds (C2),1,0
ITAHAR,0.522637,0.5909960000000001,0.48086100000000004,0.042079000000000005,0.36430500000000005,0.34430999999999995,0.409733,0.025301,0.152778,0.025551,0.019398,0.022050999999999998,83.7444,84.9783,84.37755,11.2904,22.6691,13.6551,5.0,8.0,15.0,1.0292,0.6392,0.3424,2.255025014249452,2.0703469610514897,2.676630575259091,0.5565459391,0.5169891719539998,0.626395958694,0.887096,0.773309,0.863449,0.0,1.0,1.0,5.0,5.0,5.0,57.0,40.0,45.0,16.31319834656699,17.261775947061995,17.758362587686463,14.16566941826645,14.151983508870947,15.897103034723802,Itahar,TMC,TMC,2,TMC Strongholds (C2),1,0
ITAHAR,0.522637,0.5909960000000001,0.48086100000000004,0.042079000000000005,0.36430500000000005,0.34430999999999995,0.409733,0.025301,0.152778,0.025551,0.019398,0.022050999999999998,83.7444,84.9783,84.37755,11.2904,22.6691,13.6551,5.0,8.0,15.0,1.0292,0.6392,0.3424,2.255025014249452,2.0703469610514897,2.676630575259091,0.5565459391,0.5169891719539998,0.626395958694,0.887096,0.773309,0.863449,0.0,1.0,1.0,5.0,5.0,5.0,57.0,40.0,45.0,16.31319834656699,17.261775947061995,17.758362587686463,14.16566941826645,14.151983508870947,15.897103034723802,ITAHAR,TMC,TMC,2,TMC Strongholds (C2),1,0
JADAVPUR,0.411902,0.455392,0.33964300000000003,0.068239,0.246677,0.459587,0.003,0.274957,0.186606,0.516859,0.022974,0.014164000000000001,74.5123,71.9977,84.37755,7.3239,18.0435,11.9944,9.0,11.0,13.0,2.0062,1.2673,0.8551,2.265149089774119,2.903932911621957,2.765486755108197,0.558527955394,0.6556394274819999,0.63840000385,0.926761,0.819565,0.880056,0.0,0.0,2.0,8.0,7.0,6.0,57.0,56.0,56.0,15.456923574331269,16.145906810456665,15.967286482059837,11.678448377988165,0.0,15.452331509324388,Jadavpur,TMC,BJP,2,TMC Strongholds (C2),3,2
JADAVPUR,0.411902,0.455392,0.33964300000000003,0.068239,0.246677,0.459587,0.003,0.274957,0.186606,0.516859,0.022974,0.014164000000000001,74.5123,71.9977,84.37755,7.3239,18.0435,11.9944,9.0,11.0,13.0,2.0062,1.2673,0.8551,2.265149089774119,2.903932911621957,2.765486755108197,0.558527955394,0.6556394274819999,0.63840000385,0.926761,0.819565,0.880056,0.0,0.0,2.0,8.0,7.0,6.0,57.0,56.0,56.0,15.456923574331269,16.145906810456665,15.967286482059837,11.678448377988165,0.0,15.452331509324388,JADAVPUR,TMC,BJP,2,TMC Strongholds (C2),3,2
JAGATBALLAVPUR,0.487004,0.494491,0.431408,0.094552,0.370633,0.457826,0.0,0.0,0.007148,0.418444,0.134876,0.103618,82.8455,81.8516,84.37755,11.6304,12.3858,2.6418,9.0,5.0,8.0,1.105,1.1747,0.8708,2.374121931222157,2.499489447124493,2.459992571517923,0.578791642144,0.5999182948540001,0.5934947074320001,0.883696,0.876142,0.973582,0.0,0.0,1.0,7.0,5.0,6.0,66.0,67.0,47.0,17.27860826503397,16.98985878102228,15.621775972061085,0.0,0.0,14.52217743418315,Jagatballavpur,TMC,BJP,0,TMC Strongholds (C0),2,2
JAGATBALLAVPUR,0.487004,0.494491,0.431408,0.094552,0.370633,0.457826,0.0,0.0,0.007148,0.418444,0.134876,0.103618,82.8455,81.8516,84.37755,11.6304,12.3858,2.6418,9.0,5.0,8.0,1.105,1.1747,0.8708,2.374121931222157,2.499489447124493,2.459992571517923,0.578791642144,0.5999182948540001,0.5934947074320001,0.883696,0.876142,0.973582,0.0,0.0,1.0,7.0,5.0,6.0,66.0,67.0,47.0,17.27860826503397,16.98985878102228,15.621775972061085,0.0,0.0,14.52217743418315,JAGATBALLAVPUR,TMC,BJP,0,TMC Strongholds (C0),2,2
JAGATDAL,0.463626,0.480068,0.40090000000000003,0.184787,0.37877000000000005,0.5150359999999999,0.30887,0.096836,0.059025,0.042717,0.044326,0.025039,79.4901,77.5389,84.37755,16.3453,10.1298,11.4136,7.0,12.0,13.0,1.5762,1.4165,0.5306,2.8874968657645783,2.595555352820026,2.3250742401955966,0.6536792777660001,0.614725997304,0.5699062065580001,0.8365469999999999,0.898702,0.885864,0.0,6.0,0.0,6.0,6.0,8.0,68.0,50.0,60.0,15.594860175863523,17.029161396333606,17.87133235541045,0.0,13.853637403832051,16.279793748665835,Jagatdal,TMC,BJP,0,TMC Strongholds (C0),3,2
JAGATDAL,0.463626,0.480068,0.40090000000000003,0.184787,0.37877000000000005,0.5150359999999999,0.30887,0.096836,0.059025,0.042717,0.044326,0.025039,79.4901,77.5389,84.37755,16.3453,10.1298,11.4136,7.0,12.0,13.0,1.5762,1.4165,0.5306,2.8874968657645783,2.595555352820026,2.3250742401955966,0.6536792777660001,0.614725997304,0.5699062065580001,0.8365469999999999,0.898702,0.885864,0.0,6.0,0.0,6.0,6.0,8.0,68.0,50.0,60.0,15.594860175863523,17.029161396333606,17.87133235541045,0.0,13.853637403832051,16.279793748665835,JAGATDAL,TMC,BJP,0,TMC Strongholds (C0),3,2
JALANGI,0.370618,0.557419,0.350106,0.07335799999999999,0.197027,0.204073,0.0025380000000000003,0.201776,0.411624,0.5534859999999999,0.043778,0.034197000000000005,83.8709,85.1201,84.37755,13.1925,35.6831,8.4941,12.0,10.0,9.0,1.2766,1.1482,0.531,2.2267137922858544,2.5499428767852854,2.986645934724534,0.5509077082720001,0.6078343522499999,0.66517624725,0.8680749999999999,0.643169,0.9150590000000001,0.0,0.0,1.0,7.0,7.0,7.0,58.0,63.0,32.0,15.72085016897674,15.98901252155354,12.55777474534986,0.0,0.0,0.0,Jalangi,TMC,LEFT,2,TMC Strongholds (C2),1,0
JALANGI,0.370618,0.557419,0.350106,0.07335799999999999,0.197027,0.204073,0.0025380000000000003,0.201776,0.411624,0.5534859999999999,0.043778,0.034197000000000005,83.8709,85.1201,84.37755,13.1925,35.6831,8.4941,12.0,10.0,9.0,1.2766,1.1482,0.531,2.2267137922858544,2.5499428767852854,2.986645934724534,0.5509077082720001,0.6078343522499999,0.66517624725,0.8680749999999999,0.643169,0.9150590000000001,0.0,0.0,1.0,7.0,7.0,7.0,58.0,63.0,32.0,15.72085016897674,15.98901252155354,12.55777474534986,0.0,0.0,0.0,JALANGI,TMC,LEFT,2,TMC Strongholds (C2),1,0
JALPAIGURI,0.42934300000000003,0.423435,0.311878,0.076983,0.41927,0.6011489999999999,0.46653,0.11121,0.060759,0.027143999999999998,0.046085,0.026214,86.1322,86.3398,84.37755,2.4767,0.4165,28.9271,5.0,10.0,14.0,1.6248,1.4965,1.0965,2.4470888516878464,2.705803235461486,2.1597020305802896,0.591351168426,0.6304239765499999,0.5369731630380001,0.975233,0.995835,0.7107289999999999,1.0,1.0,1.0,6.0,6.0,6.0,56.0,56.0,56.0,0.0,0.0,0.0,0.0,0.0,0.0,Jalpaiguri,TMC,BJP,3,TMC Strongholds (C3),0,3
JALPAIGURI,0.42934300000000003,0.423435,0.311878,0.076983,0.41927,0.6011489999999999,0.46653,0.11121,0.060759,0.027143999999999998,0.046085,0.026214,86.1322,86.3398,84.37755,2.4767,0.4165,28.9271,5.0,10.0,14.0,1.6248,1.4965,1.0965,2.4470888516878464,2.705803235461486,2.1597020305802896,0.591351168426,0.6304239765499999,0.5369731630380001,0.975233,0.995835,0.7107289999999999,1.0,1.0,1.0,6.0,6.0,6.0,56.0,56.0,56.0,0.0,0.0,0.0,0.0,0.0,0.0,JALPAIGURI,TMC,BJP,3,TMC Strongholds (C3),0,3
JAMALPUR,0.437886,0.46929699999999996,0.413262,0.07862,0.38234999999999997,0.465308,0.0,0.118453,0.097264,0.48349400000000003,0.029900000000000003,0.024166,88.5961,87.6698,84.37755,0.7412,8.6947,5.2046,6.0,6.0,8.0,1.3626,1.3861,0.8372,2.3164679716631515,2.622219556280127,2.5167280827696463,0.5683082985679999,0.6186436800820001,0.6026587032399999,0.992588,0.913053,0.947954,1.0,1.0,1.0,6.0,6.0,6.0,56.0,56.0,56.0,0.0,0.0,0.0,0.0,0.0,0.0,Jamalpur,TMC,BJP,3,TMC Strongholds (C3),0,3
JAMALPUR,0.437886,0.46929699999999996,0.413262,0.07862,0.38234999999999997,0.465308,0.0,0.118453,0.097264,0.48349400000000003,0.029900000000000003,0.024166,88.5961,87.6698,84.37755,0.7412,8.6947,5.2046,6.0,6.0,8.0,1.3626,1.3861,0.8372,2.3164679716631515,2.622219556280127,2.5167280827696463,0.5683082985679999,0.6186436800820001,0.6026587032399999,0.992588,0.913053,0.947954,1.0,1.0,1.0,6.0,6.0,6.0,56.0,56.0,56.0,0.0,0.0,0.0,0.0,0.0,0.0,JAMALPUR,TMC,BJP,3,TMC Strongholds (C3),0,3
JAMURIA,0.38287,0.42591900000000005,0.372457,0.141925,0.377624,0.496437,0.0,0.148876,0.094475,0.475205,0.047581,0.036631,77.9963,75.3924,84.37755,4.9951,4.8295,12.398,5.0,6.0,9.0,1.9434,1.4115,0.9367,2.547433631033675,2.8699766146028995,2.528820540301861,0.6074480654500001,0.6515651051259999,0.604558732396,0.950049,0.951705,0.87602,1.0,0.0,0.0,6.0,5.0,7.0,50.0,67.0,47.0,13.89371157075844,16.498883019698837,18.183099531887883,0.0,0.0,16.033494494325367,Jamuria,TMC,BJP,0,TMC Strongholds (C0),3,2
JAMURIA,0.38287,0.42591900000000005,0.372457,0.141925,0.377624,0.496437,0.0,0.148876,0.094475,0.475205,0.047581,0.036631,77.9963,75.3924,84.37755,4.9951,4.8295,12.398,5.0,6.0,9.0,1.9434,1.4115,0.9367,2.547433631033675,2.8699766146028995,2.528820540301861,0.6074480654500001,0.6515651051259999,0.604558732396,0.950049,0.951705,0.87602,1.0,0.0,0.0,6.0,5.0,7.0,50.0,67.0,47.0,13.89371157075844,16.498883019698837,18.183099531887883,0.0,0.0,16.033494494325367,JAMURIA,TMC,BJP,0,TMC Strongholds (C0),3,2
JANGIPARA,0.508012,0.484219,0.43715400000000004,0.070153,0.399024,0.440865,0.0,0.0,0.08485,0.421835,0.11675700000000001,0.037131,83.4286,82.0115,84.37755,12.0732,8.5195,0.3711,5.0,7.0,10.0,1.4454,1.4448,1.028,2.267869893437005,2.455069830941679,2.5377889359874763,0.559057597222,0.592679610414,0.605956198398,0.8792679999999999,0.914805,0.996289,2.0,1.0,2.0,7.0,7.0,4.0,46.0,51.0,50.0,15.184924492996089,15.380004659518898,13.83705480501483,13.122365377402328,12.263680958150488,11.736077016252437,Jangipara,TMC,BJP,0,TMC Strongholds (C0),2,2
JANGIPARA,0.508012,0.484219,0.43715400000000004,0.070153,0.399024,0.440865,0.0,0.0,0.08485,0.421835,0.11675700000000001,0.037131,83.4286,82.0115,84.37755,12.0732,8.5195,0.3711,5.0,7.0,10.0,1.4454,1.4448,1.028,2.267869893437005,2.455069830941679,2.5377889359874763,0.559057597222,0.592679610414,0.605956198398,0.8792679999999999,0.914805,0.996289,2.0,1.0,2.0,7.0,7.0,4.0,46.0,51.0,50.0,15.184924492996089,15.380004659518898,13.83705480501483,13.122365377402328,12.263680958150488,11.736077016252437,JANGIPARA,TMC,BJP,0,TMC Strongholds (C0),2,2
JANGIPUR,0.372347,0.688197,0.37938299999999997,0.129407,0.22174600000000003,0.42896700000000004,0.199407,0.050477999999999995,0.174257,0.298839,0.039579,0.017393000000000002,83.7455,77.7848,84.37755,11.4891,46.6451,4.9584,11.0,9.0,9.0,1.5886,2.2985,0.5376,3.515477739037924,1.8978900063709425,2.788527813722768,0.715543640372,0.47309907495000003,0.641387833724,0.885109,0.533549,0.950416,0.0,0.0,4.0,4.0,4.0,7.0,43.0,48.0,75.0,19.416386034255623,20.32620090486161,17.130735150390503,16.095149796896607,17.947523411006706,12.751902412893905,Jangipur,TMC,BJP,2,TMC Strongholds (C2),1,0
JANGIPUR,0.372347,0.688197,0.37938299999999997,0.129407,0.22174600000000003,0.42896700000000004,0.199407,0.050477999999999995,0.174257,0.298839,0.039579,0.017393000000000002,83.7455,77.7848,84.37755,11.4891,46.6451,4.9584,11.0,9.0,9.0,1.5886,2.2985,0.5376,3.515477739037924,1.8978900063709425,2.788527813722768,0.715543640372,0.47309907495000003,0.641387833724,0.885109,0.533549,0.950416,0.0,0.0,4.0,4.0,4.0,7.0,43.0,48.0,75.0,19.416386034255623,20.32620090486161,17.130735150390503,16.095149796896607,17.947523411006706,12.751902412893905,JANGIPUR,TMC,BJP,2,TMC Strongholds (C2),1,0
JAYNAGAR,0.362273,0.518458,0.493795,0.10128,0.32736600000000005,0.37353400000000003,0.498841,0.132346,0.10320499999999999,0.037606,0.02183,0.029466000000000003,84.3797,84.4021,84.37755,8.4429,19.1092,12.0261,10.0,9.0,13.0,0.8684,0.575,0.4121,2.552609802078156,2.5383338651323513,2.532410624577011,0.608244080554,0.606040791664,0.605119331638,0.915571,0.808908,0.879739,1.0,1.0,1.0,6.0,6.0,6.0,56.0,56.0,56.0,0.0,0.0,0.0,0.0,0.0,0.0,Jaynagar,TMC,TMC,3,TMC Strongholds (C3),0,3
JAYNAGAR,0.362273,0.518458,0.493795,0.10128,0.32736600000000005,0.37353400000000003,0.498841,0.132346,0.10320499999999999,0.037606,0.02183,0.029466000000000003,84.3797,84.4021,84.37755,8.4429,19.1092,12.0261,10.0,9.0,13.0,0.8684,0.575,0.4121,2.552609802078156,2.5383338651323513,2.532410624577011,0.608244080554,0.606040791664,0.605119331638,0.915571,0.808908,0.879739,1.0,1.0,1.0,6.0,6.0,6.0,56.0,56.0,56.0,0.0,0.0,0.0,0.0,0.0,0.0,JAYNAGAR,TMC,TMC,3,TMC Strongholds (C3),0,3
JHARGRAM,0.549655,0.54259,0.374446,0.104372,0.35309199999999996,0.547103,0.051845,0.057598,0.039105,0.294128,0.04672,0.039346,84.3107,85.6678,84.37755,30.591,18.9498,17.2657,8.0,10.0,12.0,2.5358,1.8018,1.0238,2.4862428858024446,2.355278962260606,2.259331448729366,0.597786682182,0.575421843432,0.557391191734,0.69409,0.8105020000000001,0.827343,0.0,0.0,2.0,7.0,6.0,6.0,62.0,38.0,48.0,16.890306336852714,12.632046014269688,18.32276488130316,13.199246637737831,0.0,17.38080581027364,Jhargram,TMC,BJP,0,TMC Strongholds (C0),3,2
JHARGRAM,0.549655,0.54259,0.374446,0.104372,0.35309199999999996,0.547103,0.051845,0.057598,0.039105,0.294128,0.04672,0.039346,84.3107,85.6678,84.37755,30.591,18.9498,17.2657,8.0,10.0,12.0,2.5358,1.8018,1.0238,2.4862428858024446,2.355278962260606,2.259331448729366,0.597786682182,0.575421843432,0.557391191734,0.69409,0.8105020000000001,0.827343,0.0,0.0,2.0,7.0,6.0,6.0,62.0,38.0,48.0,16.890306336852714,12.632046014269688,18.32276488130316,13.199246637737831,0.0,17.38080581027364,JHARGRAM,TMC,BJP,0,TMC Strongholds (C0),3,2
JORASANKO,0.427851,0.526734,0.440546,0.367734,0.397959,0.494801,0.006126,0.052317,0.05154,0.19828900000000002,0.02299,0.013113,53.7234,50.0758,84.37755,6.0117,12.8775,5.4255,11.0,10.0,12.0,2.2689,1.0389,0.6289,2.7961013416795364,2.2774598289411903,2.2637897787883805,0.642359171646,0.560914318974,0.558262869914,0.939883,0.871225,0.945745,1.0,0.0,7.0,6.0,6.0,4.0,58.0,45.0,52.0,16.873359046239056,19.583653603550847,16.931732689312827,14.92391375883848,0.0,14.21386309829157,Jorasanko,TMC,BJP,2,TMC Strongholds (C2),3,0
JORASANKO,0.427851,0.526734,0.440546,0.367734,0.397959,0.494801,0.006126,0.052317,0.05154,0.19828900000000002,0.02299,0.013113,53.7234,50.0758,84.37755,6.0117,12.8775,5.4255,11.0,10.0,12.0,2.2689,1.0389,0.6289,2.7961013416795364,2.2774598289411903,2.2637897787883805,0.642359171646,0.560914318974,0.558262869914,0.939883,0.871225,0.945745,1.0,0.0,7.0,6.0,6.0,4.0,58.0,45.0,52.0,16.873359046239056,19.583653603550847,16.931732689312827,14.92391375883848,0.0,14.21386309829157,JORASANKO,TMC,BJP,2,TMC Strongholds (C2),3,0
JOYPUR,0.47407299999999997,0.0,0.353555,0.045781,0.36682499999999996,0.448828,0.433661,0.40795000000000003,0.128874,0.046485000000000005,0.225225,0.068743,82.0079,81.4142,84.37755,4.8859,6.0168,9.5273,8.0,10.0,10.0,1.5824,1.4578,1.3889,2.3977145324439673,2.843250865422479,2.8753659444876116,0.5829361725640001,0.64828991625,0.652218180466,0.951141,0.939832,0.9047270000000001,0.0,3.0,4.0,3.0,7.0,7.0,79.0,65.0,35.0,14.183620571569953,16.277404518716498,14.36591260084345,0.0,12.206077645517674,11.433849789570226,Joypur,LEFT,BJP,0,TMC Strongholds (C0),3,2
JOYPUR,0.47407299999999997,0.0,0.353555,0.045781,0.36682499999999996,0.448828,0.433661,0.40795000000000003,0.128874,0.046485000000000005,0.225225,0.068743,82.0079,81.4142,84.37755,4.8859,6.0168,9.5273,8.0,10.0,10.0,1.5824,1.4578,1.3889,2.3977145324439673,2.843250865422479,2.8753659444876116,0.5829361725640001,0.64828991625,0.652218180466,0.951141,0.939832,0.9047270000000001,0.0,3.0,4.0,3.0,7.0,7.0,79.0,65.0,35.0,14.183620571569953,16.277404518716498,14.36591260084345,0.0,12.206077645517674,11.433849789570226,JOYPUR,LEFT,BJP,0,TMC Strongholds (C0),3,2
KAKDWIP,0.537034,0.521378,0.452277,0.033837,0.406158,0.472856,0.415841,0.06038299999999999,0.060505,0.013288,0.012081,0.014362,89.8473,88.6909,84.37755,12.7755,11.522,2.0579,6.0,5.0,11.0,0.5793,0.4659,0.5037,2.1614575599452435,2.269676635963847,2.31473763795771,0.53734923205,0.559408602902,0.567985596466,0.872245,0.88478,0.979421,2.0,2.0,3.0,4.0,4.0,6.0,53.0,57.0,56.0,13.595282751730961,15.718675733808006,19.230468823734675,0.0,0.0,18.505680508171704,Kakdwip,TMC,BJP,0,TMC Strongholds (C0),2,2
KAKDWIP,0.537034,0.521378,0.452277,0.033837,0.406158,0.472856,0.415841,0.06038299999999999,0.060505,0.013288,0.012081,0.014362,89.8473,88.6909,84.37755,12.7755,11.522,2.0579,6.0,5.0,11.0,0.5793,0.4659,0.5037,2.1614575599452435,2.269676635963847,2.31473763795771,0.53734923205,0.559408602902,0.567985596466,0.872245,0.88478,0.979421,2.0,2.0,3.0,4.0,4.0,6.0,53.0,57.0,56.0,13.595282751730961,15.718675733808006,19.230468823734675,0.0,0.0,18.505680508171704,KAKDWIP,TMC,BJP,0,TMC Strongholds (C0),2,2
KALCHINI,0.349923,0.380604,0.379632,0.341404,0.526538,0.566412,0.153776,0.027996,0.027595,0.15489699999999998,0.064862,0.026361,81.2516,79.3194,84.37755,0.8519,14.5934,18.678,12.0,11.0,7.0,2.5508,1.2139,0.886,3.4886608900915186,2.3414130211029756,2.144085111641151,0.71335706407,0.5729074746800001,0.533600604486,0.991481,0.854066,0.81322,1.0,1.0,1.0,6.0,6.0,6.0,56.0,56.0,56.0,0.0,0.0,0.0,0.0,0.0,0.0,Kalchini,BJP,BJP,3,TMC Strongholds (C3),0,3
KALCHINI,0.349923,0.380604,0.379632,0.341404,0.526538,0.566412,0.153776,0.027996,0.027595,0.15489699999999998,0.064862,0.026361,81.2516,79.3194,84.37755,0.8519,14.5934,18.678,12.0,11.0,7.0,2.5508,1.2139,0.886,3.4886608900915186,2.3414130211029756,2.144085111641151,0.71335706407,0.5729074746800001,0.533600604486,0.991481,0.854066,0.81322,1.0,1.0,1.0,6.0,6.0,6.0,56.0,56.0,56.0,0.0,0.0,0.0,0.0,0.0,0.0,KALCHINI,BJP,BJP,3,TMC Strongholds (C3),0,3
KALIAGANJ,0.308728,0.396069,0.317258,0.126965,0.487089,0.613221,0.53196,0.074431,0.041255,0.032347,0.042411000000000004,0.028266,85.6502,84.9208,84.37755,21.7115,9.102,29.5963,6.0,10.0,13.0,1.646,1.2543,1.1591,2.5286952594434746,2.490877079476215,2.0868393312908,0.604539140782,0.598534986636,0.520806424814,0.782885,0.90898,0.704037,1.0,1.0,1.0,6.0,6.0,6.0,56.0,56.0,56.0,0.0,0.0,0.0,0.0,0.0,0.0,Kaliaganj,BJP,BJP,3,TMC Strongholds (C3),0,3
KALIAGANJ,0.308728,0.396069,0.317258,0.126965,0.487089,0.613221,0.53196,0.074431,0.041255,0.032347,0.042411000000000004,0.028266,85.6502,84.9208,84.37755,21.7115,9.102,29.5963,6.0,10.0,13.0,1.646,1.2543,1.1591,2.5286952594434746,2.490877079476215,2.0868393312908,0.604539140782,0.598534986636,0.520806424814,0.782885,0.90898,0.704037,1.0,1.0,1.0,6.0,6.0,6.0,56.0,56.0,56.0,0.0,0.0,0.0,0.0,0.0,0.0,KALIAGANJ,BJP,BJP,3,TMC Strongholds (C3),0,3
KALIGANJ,0.449889,0.533463,0.407683,0.055623,0.309052,0.361241,0.46754199999999996,0.123962,0.130027,0.026945999999999998,0.033523,0.101049,85.928,84.3754,84.37755,0.658,22.4411,4.6442,8.0,8.0,10.0,1.2596,0.9796,0.9611,2.353962302442413,2.5215194027489054,3.088150549953121,0.57518436087,0.603413719954,0.6761815903,0.99342,0.775589,0.953558,5.0,2.0,0.0,5.0,7.0,7.0,42.0,67.0,39.0,16.530738206124024,17.09056117529771,18.03058746162087,0.0,0.0,16.16253034381825,Kaliganj,TMC,TMC,2,TMC Strongholds (C2),2,0
KALIGANJ,0.449889,0.533463,0.407683,0.055623,0.309052,0.361241,0.46754199999999996,0.123962,0.130027,0.026945999999999998,0.033523,0.101049,85.928,84.3754,84.37755,0.658,22.4411,4.6442,8.0,8.0,10.0,1.2596,0.9796,0.9611,2.353962302442413,2.5215194027489054,3.088150549953121,0.57518436087,0.603413719954,0.6761815903,0.99342,0.775589,0.953558,5.0,2.0,0.0,5.0,7.0,7.0,42.0,67.0,39.0,16.530738206124024,17.09056117529771,18.03058746162087,0.0,0.0,16.16253034381825,KALIGANJ,TMC,TMC,2,TMC Strongholds (C2),2,0
KALIMPONG,0.0,0.0,0.0,0.0,0.350865,0.49735399999999996,0.0,0.011073999999999999,0.016049,1.0,0.638061,0.486597,71.221,73.1444,84.37755,8.2842,2.499,12.6649,5.0,8.0,7.0,2.4379,1.3948,1.2155,1.0,1.8855447152381644,2.0644299839608693,0.0,0.469649278578,0.515604787874,0.917158,0.97501,0.873351,0.0,3.0,0.0,7.0,6.0,4.0,57.0,51.0,45.0,14.660740424382327,19.021517265643844,16.326231305064642,14.203572437914495,18.585239115373955,14.75766316978872,Kalimpong,OTHERS,BJP,1,Mixed Profile (C1),3,1
KALIMPONG,0.0,0.0,0.0,0.0,0.350865,0.49735399999999996,0.0,0.011073999999999999,0.016049,1.0,0.638061,0.486597,71.221,73.1444,84.37755,8.2842,2.499,12.6649,5.0,8.0,7.0,2.4379,1.3948,1.2155,1.0,1.8855447152381644,2.0644299839608693,0.0,0.469649278578,0.515604787874,0.917158,0.97501,0.873351,0.0,3.0,0.0,7.0,6.0,4.0,57.0,51.0,45.0,14.660740424382327,19.021517265643844,16.326231305064642,14.203572437914495,18.585239115373955,14.75766316978872,KALIMPONG,OTHERS,BJP,1,Mixed Profile (C1),3,1
KALNA,0.503179,0.45978700000000006,0.385306,0.090777,0.423999,0.519572,0.008325,0.094242,0.08219699999999999,0.39771900000000004,0.021972000000000002,0.012924999999999999,87.9956,86.7649,84.37755,13.0461,3.5788,13.4266,5.0,5.0,7.0,1.4796,1.1998,0.6251,2.3827719203037065,2.496607355782816,2.351064864877706,0.580320721644,0.5994564392819999,0.574660820746,0.8695390000000001,0.964212,0.865734,1.0,1.0,1.0,6.0,6.0,6.0,56.0,56.0,56.0,0.0,0.0,0.0,0.0,0.0,0.0,Kalna,TMC,BJP,3,TMC Strongholds (C3),0,3
KALNA,0.503179,0.45978700000000006,0.385306,0.090777,0.423999,0.519572,0.008325,0.094242,0.08219699999999999,0.39771900000000004,0.021972000000000002,0.012924999999999999,87.9956,86.7649,84.37755,13.0461,3.5788,13.4266,5.0,5.0,7.0,1.4796,1.1998,0.6251,2.3827719203037065,2.496607355782816,2.351064864877706,0.580320721644,0.5994564392819999,0.574660820746,0.8695390000000001,0.964212,0.865734,1.0,1.0,1.0,6.0,6.0,6.0,56.0,56.0,56.0,0.0,0.0,0.0,0.0,0.0,0.0,KALNA,TMC,BJP,3,TMC Strongholds (C3),0,3
KALYANI,0.504747,0.430339,0.36972099999999997,0.08277699999999999,0.440351,0.531164,0.0,0.100595,0.07775599999999999,0.412476,0.028715,0.021359,81.7541,85.6684,84.37755,13.7495,1.0012,16.1443,6.0,7.0,10.0,1.5022,1.1696,0.8997,2.3161121790793593,2.563809610252823,2.351109992855633,0.568241983686,0.609955436628,0.574668984846,0.862505,0.989988,0.838557,1.0,1.0,1.0,6.0,6.0,6.0,56.0,56.0,56.0,0.0,0.0,0.0,0.0,0.0,0.0,Kalyani,BJP,BJP,3,TMC Strongholds (C3),0,3
KALYANI,0.504747,0.430339,0.36972099999999997,0.08277699999999999,0.440351,0.531164,0.0,0.100595,0.07775599999999999,0.412476,0.028715,0.021359,81.7541,85.6684,84.37755,13.7495,1.0012,16.1443,6.0,7.0,10.0,1.5022,1.1696,0.8997,2.3161121790793593,2.563809610252823,2.351109992855633,0.568241983686,0.609955436628,0.574668984846,0.862505,0.989988,0.838557,1.0,1.0,1.0,6.0,6.0,6.0,56.0,56.0,56.0,0.0,0.0,0.0,0.0,0.0,0.0,KALYANI,BJP,BJP,3,TMC Strongholds (C3),0,3
KAMARHATI,0.420435,0.511711,0.437149,0.078271,0.26635000000000003,0.399071,0.002892,0.196175,0.145327,0.498402,0.025764,0.018453,74.8547,73.2495,84.37755,3.0432,24.5361,3.8078,11.0,9.0,11.0,1.9015,1.0762,0.7722,2.3185456556812425,2.6886137537598622,2.6894924870869406,0.568695144066,0.6280611156579999,0.62818263862,0.969568,0.754639,0.9619219999999999,0.0,6.0,6.0,6.0,6.0,6.0,61.0,66.0,71.0,15.697518935494898,17.134045202671768,17.378013334755803,0.0,14.324276862787787,14.731736487738818,Kamarhati,TMC,TMC,2,TMC Strongholds (C2),3,2
KAMARHATI,0.420435,0.511711,0.437149,0.078271,0.26635000000000003,0.399071,0.002892,0.196175,0.145327,0.498402,0.025764,0.018453,74.8547,73.2495,84.37755,3.0432,24.5361,3.8078,11.0,9.0,11.0,1.9015,1.0762,0.7722,2.3185456556812425,2.6886137537598622,2.6894924870869406,0.568695144066,0.6280611156579999,0.62818263862,0.969568,0.754639,0.9619219999999999,0.0,6.0,6.0,6.0,6.0,6.0,61.0,66.0,71.0,15.697518935494898,17.134045202671768,17.378013334755803,0.0,14.324276862787787,14.731736487738818,KAMARHATI,TMC,TMC,2,TMC Strongholds (C2),3,2
KANDI,0.381961,0.511575,0.31595300000000004,0.058394,0.30737200000000003,0.36776800000000004,0.516844,0.149179,0.16508099999999998,0.042801,0.031874,0.151198,76.6393,78.1561,84.37755,13.0239,20.4203,5.1815,9.0,8.0,13.0,1.5443,1.679,1.47,2.390836150572948,2.6353457377010807,3.506407604723085,0.5817362893060001,0.6205431470739999,0.714807828202,0.869761,0.795797,0.9481850000000001,4.0,4.0,2.0,5.0,5.0,6.0,52.0,57.0,61.0,17.596614139462893,17.266740633123778,18.91583023061849,14.563778299574157,0.0,16.639622195101797,Kandi,TMC,BJP,2,TMC Strongholds (C2),3,0
KANDI,0.381961,0.511575,0.31595300000000004,0.058394,0.30737200000000003,0.36776800000000004,0.516844,0.149179,0.16508099999999998,0.042801,0.031874,0.151198,76.6393,78.1561,84.37755,13.0239,20.4203,5.1815,9.0,8.0,13.0,1.5443,1.679,1.47,2.390836150572948,2.6353457377010807,3.506407604723085,0.5817362893060001,0.6205431470739999,0.714807828202,0.869761,0.795797,0.9481850000000001,4.0,4.0,2.0,5.0,5.0,6.0,52.0,57.0,61.0,17.596614139462893,17.266740633123778,18.91583023061849,14.563778299574157,0.0,16.639622195101797,KANDI,TMC,BJP,2,TMC Strongholds (C2),3,0
KANTHI DAKSHIN,0.537154,0.452967,0.40757899999999997,0.08758800000000001,0.505838,0.555449,0.347974,0.036726999999999996,0.023939,0.027284000000000003,0.004468,0.013033,84.9099,86.7442,84.37755,19.4991,5.2871,14.787,7.0,4.0,10.0,1.3297,0.4469,0.6052,2.3921361940962567,2.162536124807038,2.103548576919171,0.581963601208,0.537579979114,0.5246128323479999,0.805009,0.947129,0.85213,0.0,0.0,3.0,6.0,7.0,7.0,38.0,63.0,68.0,16.718270761204387,16.148895139540848,16.222938342568412,13.599677718157501,0.0,12.715257924666231,Kanthi Dakshin,BJP,BJP,0,TMC Strongholds (C0),2,2
KANTHI DAKSHIN,0.537154,0.452967,0.40757899999999997,0.08758800000000001,0.505838,0.555449,0.347974,0.036726999999999996,0.023939,0.027284000000000003,0.004468,0.013033,84.9099,86.7442,84.37755,19.4991,5.2871,14.787,7.0,4.0,10.0,1.3297,0.4469,0.6052,2.3921361940962567,2.162536124807038,2.103548576919171,0.581963601208,0.537579979114,0.5246128323479999,0.805009,0.947129,0.85213,0.0,0.0,3.0,6.0,7.0,7.0,38.0,63.0,68.0,16.718270761204387,16.148895139540848,16.222938342568412,13.599677718157501,0.0,12.715257924666231,KANTHI DAKSHIN,BJP,BJP,0,TMC Strongholds (C0),2,2
KANTHI UTTAR,0.500922,0.45615900000000004,0.441154,0.057654,0.497005,0.52156,0.005618,0.031858,0.025314,0.43580599999999997,0.014978,0.011972,87.949,88.7677,84.37755,8.966,4.0846,8.0406,6.0,8.0,9.0,0.8471,0.6532,0.5882,2.25121149608518,2.1913760431635936,2.1393769296398926,0.5557947346400001,0.543665724046,0.532574187304,0.91034,0.959154,0.919594,0.0,0.0,0.0,6.0,6.0,6.0,55.0,53.0,53.0,15.573874382007135,17.539049086760876,17.820698972091385,12.185058384502211,14.791208794797964,14.634483015160505,Kanthi Uttar,BJP,BJP,0,TMC Strongholds (C0),2,2
KANTHI UTTAR,0.500922,0.45615900000000004,0.441154,0.057654,0.497005,0.52156,0.005618,0.031858,0.025314,0.43580599999999997,0.014978,0.011972,87.949,88.7677,84.37755,8.966,4.0846,8.0406,6.0,8.0,9.0,0.8471,0.6532,0.5882,2.25121149608518,2.1913760431635936,2.1393769296398926,0.5557947346400001,0.543665724046,0.532574187304,0.91034,0.959154,0.919594,0.0,0.0,0.0,6.0,6.0,6.0,55.0,53.0,53.0,15.573874382007135,17.539049086760876,17.820698972091385,12.185058384502211,14.791208794797964,14.634483015160505,KANTHI UTTAR,BJP,BJP,0,TMC Strongholds (C0),2,2
KARANDIGHI,0.29435,0.54704,0.347274,0.156224,0.375197,0.437599,0.28148700000000004,0.043883,0.18715099999999998,0.267939,0.03388,0.027976,81.6295,81.2299,84.37755,1.7424,17.1843,9.0325,9.0,11.0,15.0,2.3592,1.149,0.7487,3.8157147221187446,2.2568313707380763,2.874386967691323,0.737925900434,0.556900877502,0.6520997307459999,0.982576,0.828157,0.909675,0.0,3.0,5.0,7.0,5.0,7.0,50.0,42.0,32.0,15.29628429932463,16.45458803023381,14.479744243027485,14.33031545391455,0.0,0.0,Karandighi,TMC,BJP,2,TMC Strongholds (C2),3,0
KARANDIGHI,0.29435,0.54704,0.347274,0.156224,0.375197,0.437599,0.28148700000000004,0.043883,0.18715099999999998,0.267939,0.03388,0.027976,81.6295,81.2299,84.37755,1.7424,17.1843,9.0325,9.0,11.0,15.0,2.3592,1.149,0.7487,3.8157147221187446,2.2568313707380763,2.874386967691323,0.737925900434,0.556900877502,0.6520997307459999,0.982576,0.828157,0.909675,0.0,3.0,5.0,7.0,5.0,7.0,50.0,42.0,32.0,15.29628429932463,16.45458803023381,14.479744243027485,14.33031545391455,0.0,0.0,KARANDIGHI,TMC,BJP,2,TMC Strongholds (C2),3,0
KARIMPUR,0.45244300000000004,0.500713,0.39453200000000005,0.115869,0.394283,0.436808,0.00549,0.084215,0.132872,0.42619799999999997,0.020789,0.035788,88.5282,88.2823,84.37755,7.9505,10.643,4.2276,8.0,7.0,9.0,0.7205,0.5995,0.4732,2.5012182889395023,2.417228411430012,2.7367832190175467,0.600194831286,0.5863030587960001,0.634607522784,0.9204950000000001,0.89357,0.957724,0.0,0.0,2.0,6.0,7.0,7.0,42.0,63.0,54.0,17.03676543065269,16.84361480899153,15.769421472509396,0.0,12.878060028254493,0.0,Karimpur,TMC,BJP,0,TMC Strongholds (C0),2,2
KARIMPUR,0.45244300000000004,0.500713,0.39453200000000005,0.115869,0.394283,0.436808,0.00549,0.084215,0.132872,0.42619799999999997,0.020789,0.035788,88.5282,88.2823,84.37755,7.9505,10.643,4.2276,8.0,7.0,9.0,0.7205,0.5995,0.4732,2.5012182889395023,2.417228411430012,2.7367832190175467,0.600194831286,0.5863030587960001,0.634607522784,0.9204950000000001,0.89357,0.957724,0.0,0.0,2.0,6.0,7.0,7.0,42.0,63.0,54.0,17.03676543065269,16.84361480899153,15.769421472509396,0.0,12.878060028254493,0.0,KARIMPUR,TMC,BJP,0,TMC Strongholds (C0),2,2
KASBA,0.465173,0.543893,0.488765,0.089047,0.25879,0.40181,0.0,0.17859000000000003,0.093153,0.44578,0.018727,0.016272,73.7506,72.9144,84.37755,6.0299,28.5103,8.6955,10.0,9.0,13.0,1.8839,1.1095,0.7885,2.363870062280218,2.5314087824245983,2.443286669764396,0.576964903462,0.604963051822,0.590715239282,0.939701,0.714897,0.913045,2.0,1.0,0.0,6.0,6.0,6.0,59.0,64.0,69.0,18.96869734928253,19.59409720308619,19.79529168646471,19.525890756362358,19.84403360492238,19.895993569846297,Kasba,TMC,TMC,2,TMC Strongholds (C2),1,2
KASBA,0.465173,0.543893,0.488765,0.089047,0.25879,0.40181,0.0,0.17859000000000003,0.093153,0.44578,0.018727,0.016272,73.7506,72.9144,84.37755,6.0299,28.5103,8.6955,10.0,9.0,13.0,1.8839,1.1095,0.7885,2.363870062280218,2.5314087824245983,2.443286669764396,0.576964903462,0.604963051822,0.590715239282,0.939701,0.714897,0.913045,2.0,1.0,0.0,6.0,6.0,6.0,59.0,64.0,69.0,18.96869734928253,19.59409720308619,19.79529168646471,19.525890756362358,19.84403360492238,19.895993569846297,KASBA,TMC,TMC,2,TMC Strongholds (C2),1,2
KASHIPUR,0.487113,0.43896599999999997,0.40238399999999996,0.06394899999999999,0.476869,0.5027550000000001,0.016415,0.067709,0.068867,0.432523,0.016456,0.025994000000000003,82.7806,82.1724,84.37755,10.9012,3.7903,10.0371,7.0,5.0,8.0,1.5184,1.232,1.3195,2.3325565687729988,2.353215251663657,2.3804206108233874,0.571285852876,0.575049499066,0.579906174794,0.890988,0.962097,0.899629,1.0,0.0,0.0,3.0,7.0,7.0,53.0,47.0,51.0,15.42244854819516,15.320034521681354,15.681600296064875,13.8924725250259,14.077875591662238,13.864301674514206,Kashipur,BJP,BJP,0,TMC Strongholds (C0),2,2
KASHIPUR,0.487113,0.43896599999999997,0.40238399999999996,0.06394899999999999,0.476869,0.5027550000000001,0.016415,0.067709,0.068867,0.432523,0.016456,0.025994000000000003,82.7806,82.1724,84.37755,10.9012,3.7903,10.0371,7.0,5.0,8.0,1.5184,1.232,1.3195,2.3325565687729988,2.353215251663657,2.3804206108233874,0.571285852876,0.575049499066,0.579906174794,0.890988,0.962097,0.899629,1.0,0.0,0.0,3.0,7.0,7.0,53.0,47.0,51.0,15.42244854819516,15.320034521681354,15.681600296064875,13.8924725250259,14.077875591662238,13.864301674514206,KASHIPUR,BJP,BJP,0,TMC Strongholds (C0),2,2
KATWA,0.448056,0.48068500000000003,0.36301,0.073162,0.439898,0.509402,0.451871,0.064368,0.09442500000000001,0.026911,0.015049,0.033163,83.9518,84.1345,84.37755,0.4462,4.0787,14.6392,6.0,5.0,10.0,1.0191,0.793,0.6204,2.432980747728734,2.3313390901949935,2.492009850760894,0.588981540058,0.5710619685459999,0.5987174771020001,0.995538,0.959213,0.853608,1.0,0.0,5.0,6.0,6.0,3.0,66.0,71.0,47.0,16.567548808341822,17.089087537861122,14.807384344950727,0.0,0.0,0.0,Katwa,TMC,BJP,0,TMC Strongholds (C0),2,2
KATWA,0.448056,0.48068500000000003,0.36301,0.073162,0.439898,0.509402,0.451871,0.064368,0.09442500000000001,0.026911,0.015049,0.033163,83.9518,84.1345,84.37755,0.4462,4.0787,14.6392,6.0,5.0,10.0,1.0191,0.793,0.6204,2.432980747728734,2.3313390901949935,2.492009850760894,0.588981540058,0.5710619685459999,0.5987174771020001,0.995538,0.959213,0.853608,1.0,0.0,5.0,6.0,6.0,3.0,66.0,71.0,47.0,16.567548808341822,17.089087537861122,14.807384344950727,0.0,0.0,0.0,KATWA,TMC,BJP,0,TMC Strongholds (C0),2,2
KESHIARY,0.539946,0.50012,0.437031,0.092948,0.42804000000000003,0.5080060000000001,0.009868,0.050803,0.039314,0.35723799999999994,0.021037,0.015649,89.3663,89.1151,84.37755,20.9765,7.208,7.0975,6.0,5.0,8.0,1.5654,1.2084,0.5977,2.3370089359489574,2.291676540948014,2.217999777629792,0.572102620312,0.5636382438219999,0.5491433272059999,0.790235,0.92792,0.929025,1.0,1.0,1.0,6.0,6.0,6.0,56.0,56.0,56.0,0.0,0.0,0.0,0.0,0.0,0.0,Keshiary,TMC,BJP,3,TMC Strongholds (C3),0,3
KESHIARY,0.539946,0.50012,0.437031,0.092948,0.42804000000000003,0.5080060000000001,0.009868,0.050803,0.039314,0.35723799999999994,0.021037,0.015649,89.3663,89.1151,84.37755,20.9765,7.208,7.0975,6.0,5.0,8.0,1.5654,1.2084,0.5977,2.3370089359489574,2.291676540948014,2.217999777629792,0.572102620312,0.5636382438219999,0.5491433272059999,0.790235,0.92792,0.929025,1.0,1.0,1.0,6.0,6.0,6.0,56.0,56.0,56.0,0.0,0.0,0.0,0.0,0.0,0.0,KESHIARY,TMC,BJP,3,TMC Strongholds (C3),0,3
KESHPUR,0.716274,0.5081479999999999,0.563558,0.044336,0.41815199999999997,0.36626600000000004,0.0,0.059375,0.054449,0.23939,0.014325000000000001,0.015727,87.948,88.0824,84.37755,49.4285,8.9996,19.7292,3.0,3.0,7.0,1.7401,1.4325,0.6115,1.74726907412959,2.2893978286616896,2.1979933302299024,0.427678303928,0.5632039187420002,0.54503956575,0.505715,0.910004,0.802708,1.0,1.0,1.0,6.0,6.0,6.0,56.0,56.0,56.0,0.0,0.0,0.0,0.0,0.0,0.0,Keshpur,TMC,TMC,3,TMC Strongholds (C3),0,2
KESHPUR,0.716274,0.5081479999999999,0.563558,0.044336,0.41815199999999997,0.36626600000000004,0.0,0.059375,0.054449,0.23939,0.014325000000000001,0.015727,87.948,88.0824,84.37755,49.4285,8.9996,19.7292,3.0,3.0,7.0,1.7401,1.4325,0.6115,1.74726907412959,2.2893978286616896,2.1979933302299024,0.427678303928,0.5632039187420002,0.54503956575,0.505715,0.910004,0.802708,1.0,1.0,1.0,6.0,6.0,6.0,56.0,56.0,56.0,0.0,0.0,0.0,0.0,0.0,0.0,KESHPUR,TMC,TMC,3,TMC Strongholds (C3),0,2
KETUGRAM,0.46199100000000004,0.465481,0.38093299999999997,0.08595599999999999,0.40657699999999997,0.506901,0.012350000000000002,0.10048,0.012935,0.439703,0.027462,0.099231,83.3358,83.533,84.37755,4.5088,5.8904,12.5968,4.0,5.0,10.0,2.28,1.6812,1.8405,2.4136203372685694,2.5456446162986364,2.4267563680778785,0.585684631274,0.6071721898660001,0.5879273201240001,0.954912,0.941096,0.874032,15.0,6.0,0.0,5.0,5.0,5.0,57.0,62.0,46.0,14.885095603088478,16.442771945347264,16.347774202567805,10.853232402669228,0.0,12.495007682693725,Ketugram,TMC,BJP,0,TMC Strongholds (C0),3,2
KETUGRAM,0.46199100000000004,0.465481,0.38093299999999997,0.08595599999999999,0.40657699999999997,0.506901,0.012350000000000002,0.10048,0.012935,0.439703,0.027462,0.099231,83.3358,83.533,84.37755,4.5088,5.8904,12.5968,4.0,5.0,10.0,2.28,1.6812,1.8405,2.4136203372685694,2.5456446162986364,2.4267563680778785,0.585684631274,0.6071721898660001,0.5879273201240001,0.954912,0.941096,0.874032,15.0,6.0,0.0,5.0,5.0,5.0,57.0,62.0,46.0,14.885095603088478,16.442771945347264,16.347774202567805,10.853232402669228,0.0,12.495007682693725,KETUGRAM,TMC,BJP,0,TMC Strongholds (C0),3,2
KHANAKUL,0.540388,0.433591,0.38900199999999996,0.08942299999999999,0.492695,0.5344169999999999,0.0,0.0,0.0147,0.37018900000000005,0.073714,0.061881000000000005,78.8864,78.6943,84.37755,21.9875,5.9104,14.5415,6.0,6.0,9.0,1.8394,1.5037,0.7148,2.288038623382709,2.292614283855786,2.267730873785558,0.5629444408059999,0.563816727898,0.5590305659460002,0.780125,0.940896,0.854585,4.0,2.0,10.0,4.0,4.0,5.0,60.0,32.0,37.0,18.43161805292888,15.075602886671334,15.798714977861781,15.444751293772967,11.918397239722838,12.179733803647622,Khanakul,BJP,BJP,0,TMC Strongholds (C0),2,2
KHANAKUL,0.540388,0.433591,0.38900199999999996,0.08942299999999999,0.492695,0.5344169999999999,0.0,0.0,0.0147,0.37018900000000005,0.073714,0.061881000000000005,78.8864,78.6943,84.37755,21.9875,5.9104,14.5415,6.0,6.0,9.0,1.8394,1.5037,0.7148,2.288038623382709,2.292614283855786,2.267730873785558,0.5629444408059999,0.563816727898,0.5590305659460002,0.780125,0.940896,0.854585,4.0,2.0,10.0,4.0,4.0,5.0,60.0,32.0,37.0,18.43161805292888,15.075602886671334,15.798714977861781,15.444751293772967,11.918397239722838,12.179733803647622,KHANAKUL,BJP,BJP,0,TMC Strongholds (C0),2,2
KHANDAGHOSH,0.458837,0.47850099999999995,0.46667400000000003,0.071118,0.38264899999999996,0.429566,0.0,0.10520099999999999,0.08690400000000001,0.470045,0.033649,0.016856,89.1161,89.8064,84.37755,1.6297,9.5852,3.7108,4.0,5.0,7.0,1.3355,0.8922,0.5693,2.290785616345339,2.58009272312893,2.4381442761542753,0.563468535482,0.6124170301960001,0.589851999416,0.983703,0.904148,0.962892,1.0,1.0,1.0,6.0,6.0,6.0,56.0,56.0,56.0,0.0,0.0,0.0,0.0,0.0,0.0,Khandaghosh,TMC,TMC,3,TMC Strongholds (C3),0,3
KHANDAGHOSH,0.458837,0.47850099999999995,0.46667400000000003,0.071118,0.38264899999999996,0.429566,0.0,0.10520099999999999,0.08690400000000001,0.470045,0.033649,0.016856,89.1161,89.8064,84.37755,1.6297,9.5852,3.7108,4.0,5.0,7.0,1.3355,0.8922,0.5693,2.290785616345339,2.58009272312893,2.4381442761542753,0.563468535482,0.6124170301960001,0.589851999416,0.983703,0.904148,0.962892,1.0,1.0,1.0,6.0,6.0,6.0,56.0,56.0,56.0,0.0,0.0,0.0,0.0,0.0,0.0,KHANDAGHOSH,TMC,TMC,3,TMC Strongholds (C3),0,3
KHARAGPUR,0.484341,0.548514,0.471423,0.100239,0.367404,0.457652,0.013586,0.060982,0.04859,0.40183399999999997,0.0231,0.022334999999999997,88.7754,88.3222,84.37755,10.8028,18.111,1.3771,5.0,6.0,9.0,1.392,1.1567,0.736,2.461300938551888,2.2721813205597354,2.301258493320658,0.5937107956459999,0.559894278264,0.565455161642,0.891972,0.81889,0.986229,0.0,13.0,17.0,6.0,6.0,6.0,60.0,65.0,70.0,16.819915415707666,17.42695500763922,17.870817487606157,0.0,0.0,13.30784992034144,Kharagpur,TMC,TMC,0,TMC Strongholds (C0),2,2
KHARAGPUR,0.484341,0.548514,0.471423,0.100239,0.367404,0.457652,0.013586,0.060982,0.04859,0.40183399999999997,0.0231,0.022334999999999997,88.7754,88.3222,84.37755,10.8028,18.111,1.3771,5.0,6.0,9.0,1.392,1.1567,0.736,2.461300938551888,2.2721813205597354,2.301258493320658,0.5937107956459999,0.559894278264,0.565455161642,0.891972,0.81889,0.986229,0.0,13.0,17.0,6.0,6.0,6.0,60.0,65.0,70.0,16.819915415707666,17.42695500763922,17.870817487606157,0.0,0.0,13.30784992034144,KHARAGPUR,TMC,TMC,0,TMC Strongholds (C0),2,2
KHARAGPUR SADAR,0.217961,0.44248899999999997,0.367306,0.39291200000000004,0.46449199999999996,0.556009,0.36093400000000003,0.067673,0.056513999999999995,0.028193000000000003,0.025346,0.020171,71.6608,73.0637,84.37755,4.0342,2.2003,18.8703,6.0,5.0,9.0,1.5295,1.5421,0.798,3.0034085545228146,2.399396957662309,2.2338361490521303,0.66704496513,0.5832286121700001,0.552339592846,0.959658,0.977997,0.8112969999999999,1.0,2.0,28.0,5.0,6.0,4.0,52.0,45.0,61.0,14.923766529813895,17.59310661559233,17.240414570361448,0.0,15.622687235586831,0.0,Kharagpur sadar,BJP,BJP,0,TMC Strongholds (C0),3,2
KHARAGPUR SADAR,0.217961,0.44248899999999997,0.367306,0.39291200000000004,0.46449199999999996,0.556009,0.36093400000000003,0.067673,0.056513999999999995,0.028193000000000003,0.025346,0.020171,71.6608,73.0637,84.37755,4.0342,2.2003,18.8703,6.0,5.0,9.0,1.5295,1.5421,0.798,3.0034085545228146,2.399396957662309,2.2338361490521303,0.66704496513,0.5832286121700001,0.552339592846,0.959658,0.977997,0.8112969999999999,1.0,2.0,28.0,5.0,6.0,4.0,52.0,45.0,61.0,14.923766529813895,17.59310661559233,17.240414570361448,0.0,15.622687235586831,0.0,Kharagpur Sadar,BJP,BJP,0,TMC Strongholds (C0),3,2
KHARAGPUR SADAR,0.217961,0.44248899999999997,0.367306,0.39291200000000004,0.46449199999999996,0.556009,0.36093400000000003,0.067673,0.056513999999999995,0.028193000000000003,0.025346,0.020171,71.6608,73.0637,84.37755,4.0342,2.2003,18.8703,6.0,5.0,9.0,1.5295,1.5421,0.798,3.0034085545228146,2.399396957662309,2.2338361490521303,0.66704496513,0.5832286121700001,0.552339592846,0.959658,0.977997,0.8112969999999999,1.0,2.0,28.0,5.0,6.0,4.0,52.0,45.0,61.0,14.923766529813895,17.59310661559233,17.240414570361448,0.0,15.622687235586831,0.0,KHARAGPUR SADAR,BJP,BJP,0,TMC Strongholds (C0),3,2
KHARDAHA,0.4965,0.490355,0.37284500000000004,0.096828,0.336708,0.497453,0.0,0.146964,0.10878600000000001,0.40667200000000003,0.025973000000000003,0.020916,82.273,78.7644,84.37755,12.5775,15.3647,12.4608,5.0,6.0,12.0,1.8801,1.3186,0.6697,2.3737743858079083,2.6589145671128764,2.5078699838752567,0.578729972832,0.623906682686,0.6012552459139999,0.874225,0.846353,0.875392,0.0,1.0,0.0,8.0,5.0,8.0,68.0,59.0,59.0,18.58179190901461,16.388234919289033,17.08550906266619,0.0,14.28976451674856,15.713153356159458,Khardaha,TMC,BJP,0,TMC Strongholds (C0),3,2
KHARDAHA,0.4965,0.490355,0.37284500000000004,0.096828,0.336708,0.497453,0.0,0.146964,0.10878600000000001,0.40667200000000003,0.025973000000000003,0.020916,82.273,78.7644,84.37755,12.5775,15.3647,12.4608,5.0,6.0,12.0,1.8801,1.3186,0.6697,2.3737743858079083,2.6589145671128764,2.5078699838752567,0.578729972832,0.623906682686,0.6012552459139999,0.874225,0.846353,0.875392,0.0,1.0,0.0,8.0,5.0,8.0,68.0,59.0,59.0,18.58179190901461,16.388234919289033,17.08550906266619,0.0,14.28976451674856,15.713153356159458,KHARDAHA,TMC,BJP,0,TMC Strongholds (C0),3,2
KHARGRAM,0.34437199999999996,0.501544,0.334585,0.055628000000000004,0.32636000000000004,0.380229,0.554788,0.155612,0.258968,0.045212,0.016484000000000002,0.026217999999999998,79.3031,81.2221,84.37755,20.4948,17.5184,4.5644,8.0,5.0,9.0,1.1553,0.9062,0.9189,2.3173875513523092,2.614078036559894,3.0838211272976053,0.5684796013440001,0.617455949664,0.675726976786,0.795052,0.824816,0.954356,1.0,1.0,1.0,6.0,6.0,6.0,56.0,56.0,56.0,0.0,0.0,0.0,0.0,0.0,0.0,Khargram,TMC,BJP,3,TMC Strongholds (C3),0,0
KHARGRAM,0.34437199999999996,0.501544,0.334585,0.055628000000000004,0.32636000000000004,0.380229,0.554788,0.155612,0.258968,0.045212,0.016484000000000002,0.026217999999999998,79.3031,81.2221,84.37755,20.4948,17.5184,4.5644,8.0,5.0,9.0,1.1553,0.9062,0.9189,2.3173875513523092,2.614078036559894,3.0838211272976053,0.5684796013440001,0.617455949664,0.675726976786,0.795052,0.824816,0.954356,1.0,1.0,1.0,6.0,6.0,6.0,56.0,56.0,56.0,0.0,0.0,0.0,0.0,0.0,0.0,KHARGRAM,TMC,BJP,3,TMC Strongholds (C3),0,0
KHEJURI,0.543023,0.43477400000000005,0.411229,0.089356,0.5192669999999999,0.549554,0.015139,0.040616000000000006,0.027694999999999997,0.35248199999999996,0.005343,0.011522,89.3914,89.2017,84.37755,22.2474,8.4493,13.8325,5.0,4.0,10.0,1.3746,0.5343,0.2543,2.3401051605597503,2.172284512616148,2.1185603179383787,0.57266877709,0.5396551445300001,0.527981341134,0.777526,0.9155070000000001,0.861675,1.0,1.0,1.0,6.0,6.0,6.0,56.0,56.0,56.0,0.0,0.0,0.0,0.0,0.0,0.0,Khejuri,BJP,BJP,3,TMC Strongholds (C3),0,3
KHEJURI,0.543023,0.43477400000000005,0.411229,0.089356,0.5192669999999999,0.549554,0.015139,0.040616000000000006,0.027694999999999997,0.35248199999999996,0.005343,0.011522,89.3914,89.2017,84.37755,22.2474,8.4493,13.8325,5.0,4.0,10.0,1.3746,0.5343,0.2543,2.3401051605597503,2.172284512616148,2.1185603179383787,0.57266877709,0.5396551445300001,0.527981341134,0.777526,0.9155070000000001,0.861675,1.0,1.0,1.0,6.0,6.0,6.0,56.0,56.0,56.0,0.0,0.0,0.0,0.0,0.0,0.0,KHEJURI,BJP,BJP,3,TMC Strongholds (C3),0,3
KOLKATA PORT,0.532119,0.692344,0.654329,0.084752,0.242642,0.29182600000000003,0.339812,0.03785,0.033852,0.043316999999999994,0.027164,0.019993,63.4173,64.6425,84.37755,19.2307,44.9702,36.2503,11.0,10.0,14.0,1.5675,0.8921,0.3704,2.452891666718427,1.8505295460404079,1.942296196175118,0.592317910502,0.45961414010400015,0.4851454675299999,0.807693,0.550298,0.637497,0.0,1.0,2.0,6.0,6.0,6.0,57.0,62.0,67.0,17.91842268027103,18.70904451149724,19.23495274794856,15.479953567515047,15.941344629880357,16.43137792401784,Kolkata port,TMC,TMC,2,TMC Strongholds (C2),1,0
KOLKATA PORT,0.532119,0.692344,0.654329,0.084752,0.242642,0.29182600000000003,0.339812,0.03785,0.033852,0.043316999999999994,0.027164,0.019993,63.4173,64.6425,84.37755,19.2307,44.9702,36.2503,11.0,10.0,14.0,1.5675,0.8921,0.3704,2.452891666718427,1.8505295460404079,1.942296196175118,0.592317910502,0.45961414010400015,0.4851454675299999,0.807693,0.550298,0.637497,0.0,1.0,2.0,6.0,6.0,6.0,57.0,62.0,67.0,17.91842268027103,18.70904451149724,19.23495274794856,15.479953567515047,15.941344629880357,16.43137792401784,Kolkata Port,TMC,TMC,2,TMC Strongholds (C2),1,0
KOLKATA PORT,0.532119,0.692344,0.654329,0.084752,0.242642,0.29182600000000003,0.339812,0.03785,0.033852,0.043316999999999994,0.027164,0.019993,63.4173,64.6425,84.37755,19.2307,44.9702,36.2503,11.0,10.0,14.0,1.5675,0.8921,0.3704,2.452891666718427,1.8505295460404079,1.942296196175118,0.592317910502,0.45961414010400015,0.4851454675299999,0.807693,0.550298,0.637497,0.0,1.0,2.0,6.0,6.0,6.0,57.0,62.0,67.0,17.91842268027103,18.70904451149724,19.23495274794856,15.479953567515047,15.941344629880357,16.43137792401784,KOLKATA PORT,TMC,TMC,2,TMC Strongholds (C2),1,0
KRISHNAGANJ,0.537162,0.41558999999999996,0.33957099999999996,0.083138,0.507325,0.601539,0.023853,0.049138,0.036473,0.35584699999999997,0.027947000000000003,0.022417,84.7557,84.7871,84.37755,20.5856,9.1735,26.1968,7.0,8.0,12.0,0.8412,0.905,0.397,2.366018330660778,2.307926926689927,2.0877243649175035,0.577349005694,0.5667107184219999,0.5210095658199999,0.794144,0.908265,0.738032,1.0,1.0,1.0,6.0,6.0,6.0,56.0,56.0,56.0,0.0,0.0,0.0,0.0,0.0,0.0,Krishnaganj,BJP,BJP,3,TMC Strongholds (C3),0,3
KRISHNAGANJ,0.537162,0.41558999999999996,0.33957099999999996,0.083138,0.507325,0.601539,0.023853,0.049138,0.036473,0.35584699999999997,0.027947000000000003,0.022417,84.7557,84.7871,84.37755,20.5856,9.1735,26.1968,7.0,8.0,12.0,0.8412,0.905,0.397,2.366018330660778,2.307926926689927,2.0877243649175035,0.577349005694,0.5667107184219999,0.5210095658199999,0.794144,0.908265,0.738032,1.0,1.0,1.0,6.0,6.0,6.0,56.0,56.0,56.0,0.0,0.0,0.0,0.0,0.0,0.0,KRISHNAGANJ,BJP,BJP,3,TMC Strongholds (C3),0,3
KRISHNANAGAR DAKSHIN,0.45582999999999996,0.468804,0.380858,0.129049,0.421254,0.52192,0.0069240000000000005,0.084187,0.065641,0.408197,0.025755,0.031581,87.7462,87.0979,84.37755,7.237,4.755,14.1062,5.0,7.0,11.0,1.4334,1.1064,0.5678,2.5568426657847203,2.4692400963057066,2.3654116097467557,0.6088926341140001,0.5950171060739999,0.577240596994,0.92763,0.95245,0.858938,0.0,0.0,1.0,6.0,6.0,5.0,62.0,67.0,49.0,16.90019561858454,18.10637624535061,17.00270007224916,11.405896892211706,16.79975884221196,15.830013631871878,Krishnanagar Dakshin,TMC,BJP,0,TMC Strongholds (C0),2,2
KRISHNANAGAR DAKSHIN,0.45582999999999996,0.468804,0.380858,0.129049,0.421254,0.52192,0.0069240000000000005,0.084187,0.065641,0.408197,0.025755,0.031581,87.7462,87.0979,84.37755,7.237,4.755,14.1062,5.0,7.0,11.0,1.4334,1.1064,0.5678,2.5568426657847203,2.4692400963057066,2.3654116097467557,0.6088926341140001,0.5950171060739999,0.577240596994,0.92763,0.95245,0.858938,0.0,0.0,1.0,6.0,6.0,5.0,62.0,67.0,49.0,16.90019561858454,18.10637624535061,17.00270007224916,11.405896892211706,16.79975884221196,15.830013631871878,KRISHNANAGAR DAKSHIN,TMC,BJP,0,TMC Strongholds (C0),2,2
KRISHNANAGAR UTTAR,0.441381,0.36801900000000004,0.27145800000000003,0.142731,0.541894,0.659274,0.382181,0.060127,0.055114,0.033707,0.02996,0.014154,85.5755,85.0105,84.37755,6.8793,17.3875,38.7816,7.0,7.0,7.0,1.6912,0.9172,0.5899,2.7594747632173333,2.3062733322603663,1.9547684503776348,0.637612195868,0.566400050674,0.48843045844800004,0.931207,0.826125,0.6121840000000001,0.0,19.0,3.0,6.0,7.0,7.0,72.0,67.0,45.0,16.43921469968734,15.88444837819861,16.10159668854686,0.0,0.0,14.54547219357453,Krishnanagar Uttar,BJP,BJP,0,TMC Strongholds (C0),3,2
KRISHNANAGAR UTTAR,0.441381,0.36801900000000004,0.27145800000000003,0.142731,0.541894,0.659274,0.382181,0.060127,0.055114,0.033707,0.02996,0.014154,85.5755,85.0105,84.37755,6.8793,17.3875,38.7816,7.0,7.0,7.0,1.6912,0.9172,0.5899,2.7594747632173333,2.3062733322603663,1.9547684503776348,0.637612195868,0.566400050674,0.48843045844800004,0.931207,0.826125,0.6121840000000001,0.0,19.0,3.0,6.0,7.0,7.0,72.0,67.0,45.0,16.43921469968734,15.88444837819861,16.10159668854686,0.0,0.0,14.54547219357453,KRISHNANAGAR UTTAR,BJP,BJP,0,TMC Strongholds (C0),3,2
KULPI,0.496473,0.500062,0.43939999999999996,0.049827,0.324957,0.389411,0.006363,0.006167000000000001,0.009359,0.447337,0.168814,0.16183,86.8356,87.872,84.37755,6.7675,17.5105,4.9989,6.0,5.0,9.0,0.7745,0.8725,0.6634,2.2265811308504673,2.602843187481681,2.6954917036128228,0.550880951004,0.615804745822,0.629010173298,0.932325,0.8248949999999999,0.950011,0.0,0.0,2.0,7.0,7.0,4.0,62.0,67.0,51.0,16.231097050570344,16.379756437273837,16.06259499169541,0.0,11.658271785639288,13.997832948091215,Kulpi,TMC,TMC,0,TMC Strongholds (C0),2,2
KULPI,0.496473,0.500062,0.43939999999999996,0.049827,0.324957,0.389411,0.006363,0.006167000000000001,0.009359,0.447337,0.168814,0.16183,86.8356,87.872,84.37755,6.7675,17.5105,4.9989,6.0,5.0,9.0,0.7745,0.8725,0.6634,2.2265811308504673,2.602843187481681,2.6954917036128228,0.550880951004,0.615804745822,0.629010173298,0.932325,0.8248949999999999,0.950011,0.0,0.0,2.0,7.0,7.0,4.0,62.0,67.0,51.0,16.231097050570344,16.379756437273837,16.06259499169541,0.0,11.658271785639288,13.997832948091215,KULPI,TMC,TMC,0,TMC Strongholds (C0),2,2
KULTALI,0.314426,0.51567,0.577537,0.052441,0.308162,0.34375300000000003,0.24289000000000002,0.155337,0.066831,0.39024299999999995,0.020831,0.011878999999999999,85.9584,85.6248,84.37755,5.9234,20.7508,23.3784,7.0,9.0,9.0,0.7844,0.461,0.5798,3.195920276289713,2.5944181319284234,2.191432092040239,0.687101080894,0.614557118726,0.54367739542,0.940766,0.792492,0.766216,1.0,1.0,1.0,6.0,6.0,6.0,56.0,56.0,56.0,0.0,0.0,0.0,0.0,0.0,0.0,Kultali,TMC,TMC,3,TMC Strongholds (C3),0,3
KULTALI,0.314426,0.51567,0.577537,0.052441,0.308162,0.34375300000000003,0.24289000000000002,0.155337,0.066831,0.39024299999999995,0.020831,0.011878999999999999,85.9584,85.6248,84.37755,5.9234,20.7508,23.3784,7.0,9.0,9.0,0.7844,0.461,0.5798,3.195920276289713,2.5944181319284234,2.191432092040239,0.687101080894,0.614557118726,0.54367739542,0.940766,0.792492,0.766216,1.0,1.0,1.0,6.0,6.0,6.0,56.0,56.0,56.0,0.0,0.0,0.0,0.0,0.0,0.0,KULTALI,TMC,TMC,3,TMC Strongholds (C3),0,3
KULTI,0.40808900000000004,0.46023000000000003,0.405132,0.29275,0.46411499999999994,0.54442,0.263513,0.033158,0.028869,0.035648,0.042497,0.021579,73.3474,69.5122,84.37755,11.5339,0.3885,13.9288,6.0,6.0,6.0,1.6856,2.033,1.3346,3.0964634237467537,2.324933473707601,2.165326365396746,0.677050924506,0.5698801659020001,0.538175853774,0.884661,0.996115,0.860712,0.0,2.0,0.0,6.0,7.0,7.0,57.0,63.0,68.0,14.745628847001178,16.16813646131511,17.057312362675017,0.0,13.3595250146307,14.82346884332769,Kulti,BJP,BJP,0,TMC Strongholds (C0),3,2
KULTI,0.40808900000000004,0.46023000000000003,0.405132,0.29275,0.46411499999999994,0.54442,0.263513,0.033158,0.028869,0.035648,0.042497,0.021579,73.3474,69.5122,84.37755,11.5339,0.3885,13.9288,6.0,6.0,6.0,1.6856,2.033,1.3346,3.0964634237467537,2.324933473707601,2.165326365396746,0.677050924506,0.5698801659020001,0.538175853774,0.884661,0.996115,0.860712,0.0,2.0,0.0,6.0,7.0,7.0,57.0,63.0,68.0,14.745628847001178,16.16813646131511,17.057312362675017,0.0,13.3595250146307,14.82346884332769,KULTI,BJP,BJP,0,TMC Strongholds (C0),3,2
KUMARGANJ,0.418778,0.5251509999999999,0.476169,0.144142,0.35334200000000004,0.43772,0.0044080000000000005,0.109362,0.070611,0.432672,0.012145,0.0155,85.8018,83.869,84.37755,2.2698,17.1809,3.8449,7.0,5.0,8.0,1.6037,0.6582,0.4538,2.608402471165636,2.4228228565963104,2.3609301291610048,0.616623580504,0.587258310166,0.576438121718,0.977302,0.828191,0.961551,0.0,1.0,0.0,6.0,6.0,6.0,57.0,61.0,66.0,15.118247479470416,15.959922675869938,16.04798097190906,12.611541086966115,0.0,0.0,Kumarganj,TMC,TMC,0,TMC Strongholds (C0),2,2
KUMARGANJ,0.418778,0.5251509999999999,0.476169,0.144142,0.35334200000000004,0.43772,0.0044080000000000005,0.109362,0.070611,0.432672,0.012145,0.0155,85.8018,83.869,84.37755,2.2698,17.1809,3.8449,7.0,5.0,8.0,1.6037,0.6582,0.4538,2.608402471165636,2.4228228565963104,2.3609301291610048,0.616623580504,0.587258310166,0.576438121718,0.977302,0.828191,0.961551,0.0,1.0,0.0,6.0,6.0,6.0,57.0,61.0,66.0,15.118247479470416,15.959922675869938,16.04798097190906,12.611541086966115,0.0,0.0,KUMARGANJ,TMC,TMC,0,TMC Strongholds (C0),2,2
KUMARGRAM,0.372676,0.434313,0.365304,0.216582,0.481631,0.579531,0.353608,0.048402,0.026945,0.057134,0.035654,0.028220000000000002,85.6373,85.2853,84.37755,2.9524,4.7318,21.4227,6.0,7.0,11.0,2.8185,1.1691,1.1846,3.183718967335951,2.3573221156872783,2.123928718328209,0.68590192468,0.57578983655,0.5291744061979999,0.970476,0.952682,0.785773,1.0,1.0,1.0,6.0,6.0,6.0,56.0,56.0,56.0,0.0,0.0,0.0,0.0,0.0,0.0,Kumargram,BJP,BJP,3,TMC Strongholds (C3),0,3
KUMARGRAM,0.372676,0.434313,0.365304,0.216582,0.481631,0.579531,0.353608,0.048402,0.026945,0.057134,0.035654,0.028220000000000002,85.6373,85.2853,84.37755,2.9524,4.7318,21.4227,6.0,7.0,11.0,2.8185,1.1691,1.1846,3.183718967335951,2.3573221156872783,2.123928718328209,0.68590192468,0.57578983655,0.5291744061979999,0.970476,0.952682,0.785773,1.0,1.0,1.0,6.0,6.0,6.0,56.0,56.0,56.0,0.0,0.0,0.0,0.0,0.0,0.0,KUMARGRAM,BJP,BJP,3,TMC Strongholds (C3),0,3
KURSEONG,0.324572,0.0,0.0,0.0,0.41855400000000004,0.41179499999999997,0.0,0.014498,0.018373999999999998,0.675428,0.566948,0.569831,72.618,74.6166,84.37755,20.568,8.8382,9.353,4.0,8.0,7.0,4.5288,1.3769,0.9723,1.7807854329825938,2.012770312600824,2.021753687722096,0.43845003363199997,0.503172322376,0.505379905538,0.79432,0.911618,0.90647,0.0,7.0,0.0,8.0,4.0,6.0,61.0,52.0,46.0,15.810632006988685,14.65217176346041,14.575417384885863,11.51293546492023,0.0,13.512222002077712,Kurseong,OTHERS,OTHERS,1,Mixed Profile (C1),3,1
KURSEONG,0.324572,0.0,0.0,0.0,0.41855400000000004,0.41179499999999997,0.0,0.014498,0.018373999999999998,0.675428,0.566948,0.569831,72.618,74.6166,84.37755,20.568,8.8382,9.353,4.0,8.0,7.0,4.5288,1.3769,0.9723,1.7807854329825938,2.012770312600824,2.021753687722096,0.43845003363199997,0.503172322376,0.505379905538,0.79432,0.911618,0.90647,0.0,7.0,0.0,8.0,4.0,6.0,61.0,52.0,46.0,15.810632006988685,14.65217176346041,14.575417384885863,11.51293546492023,0.0,13.512222002077712,KURSEONG,OTHERS,OTHERS,1,Mixed Profile (C1),3,1
KUSHMANDI,0.400228,0.488757,0.44292000000000004,0.123446,0.420394,0.48834200000000005,0.42181199999999996,0.06829299999999999,0.047642,0.05451399999999999,0.022556,0.021096,85.4207,83.7896,84.37755,2.1584,6.8363,4.5422,6.0,5.0,8.0,2.4104,0.8681,0.7939,2.8064778615937227,2.3764979904162953,2.2863892971110817,0.6436814935600002,0.57921277273,0.5626291632559999,0.978416,0.931637,0.954578,1.0,1.0,1.0,6.0,6.0,6.0,56.0,56.0,56.0,0.0,0.0,0.0,0.0,0.0,0.0,Kushmandi,TMC,BJP,3,TMC Strongholds (C3),0,3
KUSHMANDI,0.400228,0.488757,0.44292000000000004,0.123446,0.420394,0.48834200000000005,0.42181199999999996,0.06829299999999999,0.047642,0.05451399999999999,0.022556,0.021096,85.4207,83.7896,84.37755,2.1584,6.8363,4.5422,6.0,5.0,8.0,2.4104,0.8681,0.7939,2.8064778615937227,2.3764979904162953,2.2863892971110817,0.6436814935600002,0.57921277273,0.5626291632559999,0.978416,0.931637,0.954578,1.0,1.0,1.0,6.0,6.0,6.0,56.0,56.0,56.0,0.0,0.0,0.0,0.0,0.0,0.0,KUSHMANDI,TMC,BJP,3,TMC Strongholds (C3),0,3
LABPUR,0.523999,0.511364,0.461216,0.090735,0.42658700000000005,0.47713500000000003,0.0,0.030556999999999997,0.033269,0.385266,0.031492,0.028380000000000002,88.3807,88.4421,84.37755,15.7053,8.4777,1.5919,3.0,7.0,9.0,1.832,1.4418,1.4103,2.318906810474029,2.245197652217727,2.260958686567822,0.5687623170180001,0.5546049146219999,0.557709742358,0.842947,0.915223,0.984081,1.0,0.0,1.0,5.0,7.0,6.0,56.0,54.0,56.0,15.243143819985296,16.196899345217805,0.0,0.0,0.0,0.0,Labpur,TMC,BJP,3,TMC Strongholds (C3),0,2
LABPUR,0.523999,0.511364,0.461216,0.090735,0.42658700000000005,0.47713500000000003,0.0,0.030556999999999997,0.033269,0.385266,0.031492,0.028380000000000002,88.3807,88.4421,84.37755,15.7053,8.4777,1.5919,3.0,7.0,9.0,1.832,1.4418,1.4103,2.318906810474029,2.245197652217727,2.260958686567822,0.5687623170180001,0.5546049146219999,0.557709742358,0.842947,0.915223,0.984081,1.0,0.0,1.0,5.0,7.0,6.0,56.0,54.0,56.0,15.243143819985296,16.196899345217805,0.0,0.0,0.0,0.0,LABPUR,TMC,BJP,3,TMC Strongholds (C3),0,2
LALGOLA,0.282103,0.566379,0.377172,0.060117000000000004,0.154717,0.197017,0.605582,0.25103200000000003,0.39490699999999995,0.052198,0.027871999999999997,0.030903999999999997,82.906,81.4093,84.37755,32.3479,31.8776,10.5235,6.0,8.0,9.0,1.185,0.732,0.5795,2.2092107259777034,2.447881930777626,2.9587460989530134,0.5473496537740001,0.591483564862,0.662018988262,0.6765209999999999,0.681224,0.894765,0.0,1.0,0.0,7.0,7.0,7.0,66.0,57.0,30.0,16.15476696330306,17.53494581714722,17.957187762369042,12.229276345361809,14.712414983868499,15.163583966004193,Lalgola,TMC,LEFT,2,TMC Strongholds (C2),1,0
LALGOLA,0.282103,0.566379,0.377172,0.060117000000000004,0.154717,0.197017,0.605582,0.25103200000000003,0.39490699999999995,0.052198,0.027871999999999997,0.030903999999999997,82.906,81.4093,84.37755,32.3479,31.8776,10.5235,6.0,8.0,9.0,1.185,0.732,0.5795,2.2092107259777034,2.447881930777626,2.9587460989530134,0.5473496537740001,0.591483564862,0.662018988262,0.6765209999999999,0.681224,0.894765,0.0,1.0,0.0,7.0,7.0,7.0,66.0,57.0,30.0,16.15476696330306,17.53494581714722,17.957187762369042,12.229276345361809,14.712414983868499,15.163583966004193,LALGOLA,TMC,LEFT,2,TMC Strongholds (C2),1,0
MADARIHAT,0.295146,0.365642,0.348384,0.439846,0.543482,0.5798369999999999,0.211449,0.048160999999999995,0.037618,0.053559,0.042714999999999996,0.034161000000000004,79.4534,78.6476,84.37755,14.47,17.784,23.1453,5.0,7.0,9.0,3.3276,1.5708,1.0636,3.0473412590573816,2.3083449853083167,2.17313616680961,0.6718450888859999,0.5667891903659998,0.5398355541300001,0.8553,0.82216,0.768547,1.0,1.0,1.0,6.0,6.0,6.0,56.0,56.0,56.0,0.0,0.0,0.0,0.0,0.0,0.0,Madarihat,BJP,BJP,3,TMC Strongholds (C3),0,3
MADARIHAT,0.295146,0.365642,0.348384,0.439846,0.543482,0.5798369999999999,0.211449,0.048160999999999995,0.037618,0.053559,0.042714999999999996,0.034161000000000004,79.4534,78.6476,84.37755,14.47,17.784,23.1453,5.0,7.0,9.0,3.3276,1.5708,1.0636,3.0473412590573816,2.3083449853083167,2.17313616680961,0.6718450888859999,0.5667891903659998,0.5398355541300001,0.8553,0.82216,0.768547,1.0,1.0,1.0,6.0,6.0,6.0,56.0,56.0,56.0,0.0,0.0,0.0,0.0,0.0,0.0,MADARIHAT,BJP,BJP,3,TMC Strongholds (C3),0,3
MADHYAMGRAM,0.530905,0.489261,0.41214399999999995,0.08256000000000001,0.280409,0.401844,0.358525,0.002773,0.019316,0.02801,0.227557,0.16669599999999998,86.6282,84.6595,84.37755,17.238,20.8852,1.03,4.0,6.0,10.0,1.4116,1.3679,0.6328,2.392338726519726,2.7041979693827094,2.781626147167647,0.5819989916500001,0.6302045888200001,0.6404980586560001,0.82762,0.791148,0.9897,1.0,0.0,0.0,6.0,6.0,6.0,58.0,63.0,68.0,15.010464312660039,15.523812690748342,15.571499834141616,0.0,12.940987773056248,0.0,Madhyamgram,TMC,TMC,0,TMC Strongholds (C0),2,2
MADHYAMGRAM,0.530905,0.489261,0.41214399999999995,0.08256000000000001,0.280409,0.401844,0.358525,0.002773,0.019316,0.02801,0.227557,0.16669599999999998,86.6282,84.6595,84.37755,17.238,20.8852,1.03,4.0,6.0,10.0,1.4116,1.3679,0.6328,2.392338726519726,2.7041979693827094,2.781626147167647,0.5819989916500001,0.6302045888200001,0.6404980586560001,0.82762,0.791148,0.9897,1.0,0.0,0.0,6.0,6.0,6.0,58.0,63.0,68.0,15.010464312660039,15.523812690748342,15.571499834141616,0.0,12.940987773056248,0.0,MADHYAMGRAM,TMC,TMC,0,TMC Strongholds (C0),2,2
MAGRAHAT PASCHIM,0.5070830000000001,0.499305,0.554309,0.040158,0.25769200000000003,0.269432,0.41498399999999996,0.003166,0.007641,0.037774999999999996,0.239837,0.168618,85.7276,84.9933,84.37755,9.2099,24.1613,28.4877,10.0,10.0,12.0,1.0839,1.1766,0.5502,2.312756329265761,2.6792235801963447,2.448924706476239,0.567615495266,0.626757539986,0.5916575150899999,0.9079010000000001,0.758387,0.715123,1.0,0.0,1.0,4.0,3.0,7.0,59.0,64.0,38.0,15.614517368323973,16.570193359272587,15.043177818351474,13.161116673643035,15.666054997102066,0.0,Magrahat paschim,TMC,TMC,2,TMC Strongholds (C2),2,2
MAGRAHAT PASCHIM,0.5070830000000001,0.499305,0.554309,0.040158,0.25769200000000003,0.269432,0.41498399999999996,0.003166,0.007641,0.037774999999999996,0.239837,0.168618,85.7276,84.9933,84.37755,9.2099,24.1613,28.4877,10.0,10.0,12.0,1.0839,1.1766,0.5502,2.312756329265761,2.6792235801963447,2.448924706476239,0.567615495266,0.626757539986,0.5916575150899999,0.9079010000000001,0.758387,0.715123,1.0,0.0,1.0,4.0,3.0,7.0,59.0,64.0,38.0,15.614517368323973,16.570193359272587,15.043177818351474,13.161116673643035,15.666054997102066,0.0,Magrahat Paschim,TMC,TMC,2,TMC Strongholds (C2),2,2
MAGRAHAT PASCHIM,0.5070830000000001,0.499305,0.554309,0.040158,0.25769200000000003,0.269432,0.41498399999999996,0.003166,0.007641,0.037774999999999996,0.239837,0.168618,85.7276,84.9933,84.37755,9.2099,24.1613,28.4877,10.0,10.0,12.0,1.0839,1.1766,0.5502,2.312756329265761,2.6792235801963447,2.448924706476239,0.567615495266,0.626757539986,0.5916575150899999,0.9079010000000001,0.758387,0.715123,1.0,0.0,1.0,4.0,3.0,7.0,59.0,64.0,38.0,15.614517368323973,16.570193359272587,15.043177818351474,13.161116673643035,15.666054997102066,0.0,MAGRAHAT PASCHIM,TMC,TMC,2,TMC Strongholds (C2),2,2
MAGRAHAT PURBA,0.48701500000000003,0.538168,0.48795099999999997,0.051485,0.275844,0.34569099999999997,0.0061660000000000005,0.169928,0.155992,0.455334,0.01606,0.010366,86.6639,85.6179,84.37755,5.2029,26.2324,14.226,6.0,7.0,8.0,0.8115,0.7179,0.3862,2.2361290238561455,2.5326191382698515,2.6175310446681523,0.552798613438,0.6051518426560001,0.6179605960980001,0.947971,0.737676,0.85774,1.0,1.0,1.0,6.0,6.0,6.0,56.0,56.0,56.0,0.0,0.0,0.0,0.0,0.0,0.0,Magrahat Purba,TMC,TMC,3,TMC Strongholds (C3),0,3
MAGRAHAT PURBA,0.48701500000000003,0.538168,0.48795099999999997,0.051485,0.275844,0.34569099999999997,0.0061660000000000005,0.169928,0.155992,0.455334,0.01606,0.010366,86.6639,85.6179,84.37755,5.2029,26.2324,14.226,6.0,7.0,8.0,0.8115,0.7179,0.3862,2.2361290238561455,2.5326191382698515,2.6175310446681523,0.552798613438,0.6051518426560001,0.6179605960980001,0.947971,0.737676,0.85774,1.0,1.0,1.0,6.0,6.0,6.0,56.0,56.0,56.0,0.0,0.0,0.0,0.0,0.0,0.0,MAGRAHAT PURBA,TMC,TMC,3,TMC Strongholds (C3),0,3
MAHESHTALA,0.478356,0.563752,0.508336,0.07613400000000001,0.30030999999999997,0.365106,0.0,0.11490700000000001,0.107401,0.44551,0.021031,0.019157,80.8868,81.2503,84.37755,6.3587,26.3442,14.323,5.0,6.0,10.0,1.6055,0.9315,0.554,2.308935533825534,2.371644606381448,2.477640253195542,0.5668999912079999,0.578351664786,0.596390154418,0.9364129999999999,0.736558,0.85677,0.0,0.0,1.0,3.0,4.0,4.0,63.0,76.0,49.0,18.518356822809043,18.737840226983966,19.026200761601807,0.0,16.867611397399312,16.113138886473664,Maheshtala,TMC,TMC,2,TMC Strongholds (C2),2,0
MAHESHTALA,0.478356,0.563752,0.508336,0.07613400000000001,0.30030999999999997,0.365106,0.0,0.11490700000000001,0.107401,0.44551,0.021031,0.019157,80.8868,81.2503,84.37755,6.3587,26.3442,14.323,5.0,6.0,10.0,1.6055,0.9315,0.554,2.308935533825534,2.371644606381448,2.477640253195542,0.5668999912079999,0.578351664786,0.596390154418,0.9364129999999999,0.736558,0.85677,0.0,0.0,1.0,3.0,4.0,4.0,63.0,76.0,49.0,18.518356822809043,18.737840226983966,19.026200761601807,0.0,16.867611397399312,16.113138886473664,MAHESHTALA,TMC,TMC,2,TMC Strongholds (C2),2,0
MAHISADAL,0.48099899999999995,0.464936,0.40029699999999996,0.07177399999999999,0.454058,0.510454,0.0053159999999999995,0.004477,0.05548600000000001,0.441911,0.076529,0.033763,89.0669,89.564,84.37755,8.4755,1.0878,11.0157,8.0,6.0,9.0,1.0272,0.8046,0.3539,2.3157521752563004,2.3352979573781654,2.3528326101860237,0.568174863146,0.57178911717,0.5749803893100001,0.915245,0.989122,0.8898429999999999,1.0,1.0,1.0,6.0,6.0,6.0,56.0,56.0,56.0,0.0,0.0,0.0,0.0,0.0,0.0,Mahisadal,TMC,BJP,3,TMC Strongholds (C3),0,3
MAHISADAL,0.48099899999999995,0.464936,0.40029699999999996,0.07177399999999999,0.454058,0.510454,0.0053159999999999995,0.004477,0.05548600000000001,0.441911,0.076529,0.033763,89.0669,89.564,84.37755,8.4755,1.0878,11.0157,8.0,6.0,9.0,1.0272,0.8046,0.3539,2.3157521752563004,2.3352979573781654,2.3528326101860237,0.568174863146,0.57178911717,0.5749803893100001,0.915245,0.989122,0.8898429999999999,1.0,1.0,1.0,6.0,6.0,6.0,56.0,56.0,56.0,0.0,0.0,0.0,0.0,0.0,0.0,MAHISADAL,TMC,BJP,3,TMC Strongholds (C3),0,3
MAL,0.442838,0.464636,0.43039299999999997,0.153287,0.43901,0.499414,0.01332,0.065354,0.043787,0.39055500000000004,0.031,0.026406,84.2595,83.4867,84.37755,9.6324,2.5626,6.9021,5.0,5.0,8.0,2.2294,2.2035,1.345,2.6859119128434674,2.4163429573662967,2.2869319473398733,0.627686970962,0.586151462088,0.56273294395,0.903676,0.974374,0.930979,1.0,1.0,1.0,6.0,6.0,6.0,56.0,56.0,56.0,0.0,0.0,0.0,0.0,0.0,0.0,Mal,TMC,BJP,3,TMC Strongholds (C3),0,3
MAL,0.442838,0.464636,0.43039299999999997,0.153287,0.43901,0.499414,0.01332,0.065354,0.043787,0.39055500000000004,0.031,0.026406,84.2595,83.4867,84.37755,9.6324,2.5626,6.9021,5.0,5.0,8.0,2.2294,2.2035,1.345,2.6859119128434674,2.4163429573662967,2.2869319473398733,0.627686970962,0.586151462088,0.56273294395,0.903676,0.974374,0.930979,1.0,1.0,1.0,6.0,6.0,6.0,56.0,56.0,56.0,0.0,0.0,0.0,0.0,0.0,0.0,MAL,TMC,BJP,3,TMC Strongholds (C3),0,3
MALATIPUR,0.254538,0.68015,0.515371,0.082459,0.18442599999999998,0.214547,0.6288170000000001,0.10689299999999999,0.250016,0.034186,0.028531,0.020066,80.4143,80.0317,84.37755,1.6567,49.5724,29.5726,5.0,6.0,10.0,2.1066,1.0966,0.7192,2.1359827164810548,1.9651882490111126,2.669882433533108,0.5318314177899999,0.491142896614,0.6254516725379999,0.983433,0.504276,0.7042740000000001,0.0,1.0,2.0,7.0,5.0,5.0,34.0,57.0,62.0,15.250595321348806,17.58605656214422,17.88082199158756,0.0,13.890432484481533,13.863830135234581,Malatipur,TMC,TMC,2,TMC Strongholds (C2),1,0
MALATIPUR,0.254538,0.68015,0.515371,0.082459,0.18442599999999998,0.214547,0.6288170000000001,0.10689299999999999,0.250016,0.034186,0.028531,0.020066,80.4143,80.0317,84.37755,1.6567,49.5724,29.5726,5.0,6.0,10.0,2.1066,1.0966,0.7192,2.1359827164810548,1.9651882490111126,2.669882433533108,0.5318314177899999,0.491142896614,0.6254516725379999,0.983433,0.504276,0.7042740000000001,0.0,1.0,2.0,7.0,5.0,5.0,34.0,57.0,62.0,15.250595321348806,17.58605656214422,17.88082199158756,0.0,13.890432484481533,13.863830135234581,MALATIPUR,TMC,TMC,2,TMC Strongholds (C2),1,0
MALDAHA,0.301035,0.377463,0.33301200000000003,0.159526,0.45231499999999997,0.560044,0.483566,0.128641,0.070327,0.055873,0.041581,0.036617000000000004,86.3711,84.0418,84.37755,18.2531,7.4852,22.7032,7.0,7.0,12.0,1.2078,1.3647,0.9968,2.832632618127788,2.7371414007452035,2.321085152757247,0.646971515614,0.6346553379640001,0.569167034302,0.817469,0.925148,0.772968,1.0,1.0,1.0,6.0,6.0,6.0,56.0,56.0,56.0,0.0,0.0,0.0,0.0,0.0,0.0,Maldaha,BJP,BJP,3,TMC Strongholds (C3),0,3
MALDAHA,0.301035,0.377463,0.33301200000000003,0.159526,0.45231499999999997,0.560044,0.483566,0.128641,0.070327,0.055873,0.041581,0.036617000000000004,86.3711,84.0418,84.37755,18.2531,7.4852,22.7032,7.0,7.0,12.0,1.2078,1.3647,0.9968,2.832632618127788,2.7371414007452035,2.321085152757247,0.646971515614,0.6346553379640001,0.569167034302,0.817469,0.925148,0.772968,1.0,1.0,1.0,6.0,6.0,6.0,56.0,56.0,56.0,0.0,0.0,0.0,0.0,0.0,0.0,MALDAHA,BJP,BJP,3,TMC Strongholds (C3),0,3
MANBAZAR,0.487247,0.483313,0.394152,0.046216,0.41071599999999997,0.50953,0.007056,0.078833,0.068771,0.459481,0.027138,0.027547000000000002,84.0543,84.8235,84.37755,5.0342,7.2597,11.5378,5.0,5.0,8.0,1.3175,1.0719,0.8927,2.218681531106476,2.443612412262956,2.378319764138078,0.5492818658380001,0.5907697984420001,0.579535092346,0.949658,0.927403,0.884622,1.0,1.0,1.0,6.0,6.0,6.0,56.0,56.0,56.0,0.0,0.0,0.0,0.0,0.0,0.0,Manbazar,TMC,BJP,3,TMC Strongholds (C3),0,3
MANBAZAR,0.487247,0.483313,0.394152,0.046216,0.41071599999999997,0.50953,0.007056,0.078833,0.068771,0.459481,0.027138,0.027547000000000002,84.0543,84.8235,84.37755,5.0342,7.2597,11.5378,5.0,5.0,8.0,1.3175,1.0719,0.8927,2.218681531106476,2.443612412262956,2.378319764138078,0.5492818658380001,0.5907697984420001,0.579535092346,0.949658,0.927403,0.884622,1.0,1.0,1.0,6.0,6.0,6.0,56.0,56.0,56.0,0.0,0.0,0.0,0.0,0.0,0.0,MANBAZAR,TMC,BJP,3,TMC Strongholds (C3),0,3
MANDIRBAZAR,0.527207,0.48039499999999996,0.439368,0.048357000000000004,0.362635,0.43001199999999995,0.010327,0.005599,0.009154,0.414109,0.151371,0.12146599999999999,86.6165,87.463,84.37755,13.937,11.776,0.9356,8.0,10.0,11.0,0.8159,0.9133,0.4859,2.212984090100527,2.595865119138026,2.545874465617933,0.5481214688920001,0.6147719723080001,0.6072076555600001,0.86063,0.88224,0.990644,1.0,1.0,1.0,6.0,6.0,6.0,56.0,56.0,56.0,0.0,0.0,0.0,0.0,0.0,0.0,Mandirbazar,TMC,TMC,3,TMC Strongholds (C3),0,3
MANDIRBAZAR,0.527207,0.48039499999999996,0.439368,0.048357000000000004,0.362635,0.43001199999999995,0.010327,0.005599,0.009154,0.414109,0.151371,0.12146599999999999,86.6165,87.463,84.37755,13.937,11.776,0.9356,8.0,10.0,11.0,0.8159,0.9133,0.4859,2.212984090100527,2.595865119138026,2.545874465617933,0.5481214688920001,0.6147719723080001,0.6072076555600001,0.86063,0.88224,0.990644,1.0,1.0,1.0,6.0,6.0,6.0,56.0,56.0,56.0,0.0,0.0,0.0,0.0,0.0,0.0,MANDIRBAZAR,TMC,TMC,3,TMC Strongholds (C3),0,3
MANGALKOT,0.45872500000000005,0.495083,0.416412,0.106136,0.39230400000000004,0.47444200000000003,0.008841,0.083615,0.074619,0.426298,0.028998,0.034527,85.7533,86.6838,84.37755,6.0648,10.2779,5.803,5.0,5.0,9.0,1.1288,1.7605,1.5613,2.4783047700682093,2.457956908037022,2.467586560246703,0.5964983757939999,0.5931580424659999,0.5947457260019999,0.939352,0.897221,0.94197,1.0,1.0,1.0,6.0,6.0,6.0,67.0,56.0,56.0,16.44921953919981,0.0,0.0,11.788137610049741,0.0,0.0,Mangalkot,TMC,BJP,3,TMC Strongholds (C3),0,2
MANGALKOT,0.45872500000000005,0.495083,0.416412,0.106136,0.39230400000000004,0.47444200000000003,0.008841,0.083615,0.074619,0.426298,0.028998,0.034527,85.7533,86.6838,84.37755,6.0648,10.2779,5.803,5.0,5.0,9.0,1.1288,1.7605,1.5613,2.4783047700682093,2.457956908037022,2.467586560246703,0.5964983757939999,0.5931580424659999,0.5947457260019999,0.939352,0.897221,0.94197,1.0,1.0,1.0,6.0,6.0,6.0,67.0,56.0,56.0,16.44921953919981,0.0,0.0,11.788137610049741,0.0,0.0,MANGALKOT,TMC,BJP,3,TMC Strongholds (C3),0,2
MANIKTALA,0.505972,0.508224,0.402901,0.125523,0.356021,0.506694,0.0,0.101627,0.070281,0.36850499999999997,0.034128,0.020124,69.7,62.9934,84.37755,17.5057,15.2203,10.3793,7.0,11.0,13.0,2.1724,1.0679,0.702,2.4536287275216013,2.5218432343668415,2.356198719473151,0.592440376662,0.60346464587,0.575587580226,0.824943,0.847797,0.896207,0.0,0.0,0.0,7.0,7.0,7.0,65.0,70.0,70.0,17.565449833299294,17.88740996849601,17.509106720897485,0.0,0.0,14.978661680269907,Maniktala,TMC,BJP,0,TMC Strongholds (C0),3,0
MANIKTALA,0.505972,0.508224,0.402901,0.125523,0.356021,0.506694,0.0,0.101627,0.070281,0.36850499999999997,0.034128,0.020124,69.7,62.9934,84.37755,17.5057,15.2203,10.3793,7.0,11.0,13.0,2.1724,1.0679,0.702,2.4536287275216013,2.5218432343668415,2.356198719473151,0.592440376662,0.60346464587,0.575587580226,0.824943,0.847797,0.896207,0.0,0.0,0.0,7.0,7.0,7.0,65.0,70.0,70.0,17.565449833299294,17.88740996849601,17.509106720897485,0.0,0.0,14.978661680269907,MANIKTALA,TMC,BJP,0,TMC Strongholds (C0),3,0
MATHABHANGA,0.480989,0.40669400000000006,0.356633,0.15599,0.528699,0.5926939999999999,0.005135,0.038780999999999996,0.02268,0.35788600000000004,0.025825999999999998,0.027993,87.2673,86.5137,84.37755,15.9283,12.2005,23.6061,8.0,8.0,14.0,0.9881,0.6737,0.3775,2.6055776450305483,2.236668163683177,2.0843265810657874,0.616207944558,0.5529064095259999,0.520228735226,0.8407169999999999,0.877995,0.7639389999999999,1.0,1.0,1.0,6.0,6.0,6.0,56.0,56.0,56.0,0.0,0.0,0.0,0.0,0.0,0.0,Mathabhanga,BJP,BJP,3,TMC Strongholds (C3),0,3
MATHABHANGA,0.480989,0.40669400000000006,0.356633,0.15599,0.528699,0.5926939999999999,0.005135,0.038780999999999996,0.02268,0.35788600000000004,0.025825999999999998,0.027993,87.2673,86.5137,84.37755,15.9283,12.2005,23.6061,8.0,8.0,14.0,0.9881,0.6737,0.3775,2.6055776450305483,2.236668163683177,2.0843265810657874,0.616207944558,0.5529064095259999,0.520228735226,0.8407169999999999,0.877995,0.7639389999999999,1.0,1.0,1.0,6.0,6.0,6.0,56.0,56.0,56.0,0.0,0.0,0.0,0.0,0.0,0.0,MATHABHANGA,BJP,BJP,3,TMC Strongholds (C3),0,3
MATIGARA-NAXALBARI,0.323885,0.286532,0.249577,0.213132,0.581007,0.665,0.41828400000000004,0.10114200000000001,0.060028,0.044699,0.031319,0.025394999999999997,83.9496,83.6962,84.37755,8.8964,29.4475,41.5423,7.0,6.0,9.0,1.5794,1.626,0.7216,3.0554293264629013,2.320830143314723,1.9655558132387825,0.6727137520939999,0.569119695002,0.49123805426199996,0.911036,0.705525,0.584577,1.0,1.0,1.0,6.0,6.0,6.0,56.0,56.0,56.0,0.0,0.0,0.0,0.0,0.0,0.0,Matigara-naxalbari,BJP,BJP,3,TMC Strongholds (C3),0,3
MATIGARA-NAXALBARI,0.323885,0.286532,0.249577,0.213132,0.581007,0.665,0.41828400000000004,0.10114200000000001,0.060028,0.044699,0.031319,0.025394999999999997,83.9496,83.6962,84.37755,8.8964,29.4475,41.5423,7.0,6.0,9.0,1.5794,1.626,0.7216,3.0554293264629013,2.320830143314723,1.9655558132387825,0.6727137520939999,0.569119695002,0.49123805426199996,0.911036,0.705525,0.584577,1.0,1.0,1.0,6.0,6.0,6.0,56.0,56.0,56.0,0.0,0.0,0.0,0.0,0.0,0.0,Matigara-Naxalbari,BJP,BJP,3,TMC Strongholds (C3),0,3
MATIGARA-NAXALBARI,0.323885,0.286532,0.249577,0.213132,0.581007,0.665,0.41828400000000004,0.10114200000000001,0.060028,0.044699,0.031319,0.025394999999999997,83.9496,83.6962,84.37755,8.8964,29.4475,41.5423,7.0,6.0,9.0,1.5794,1.626,0.7216,3.0554293264629013,2.320830143314723,1.9655558132387825,0.6727137520939999,0.569119695002,0.49123805426199996,0.911036,0.705525,0.584577,1.0,1.0,1.0,6.0,6.0,6.0,56.0,56.0,56.0,0.0,0.0,0.0,0.0,0.0,0.0,MATIGARA-NAXALBARI,BJP,BJP,3,TMC Strongholds (C3),0,3
MAYNAGURI,0.478517,0.43794199999999994,0.36150799999999994,0.145885,0.488392,0.5862189999999999,0.32094,0.034139,0.016111,0.054658,0.039527,0.036162,89.0414,89.5215,84.37755,16.5649,5.045,22.4711,7.0,9.0,14.0,2.0728,1.3109,0.8471,2.8070101918331063,2.309213922935845,2.10124643913378,0.643749066922,0.5669522039220001,0.5240919954100001,0.834351,0.94955,0.775289,1.0,1.0,1.0,6.0,6.0,6.0,56.0,56.0,56.0,0.0,0.0,0.0,0.0,0.0,0.0,Maynaguri,BJP,BJP,3,TMC Strongholds (C3),0,3
MAYNAGURI,0.478517,0.43794199999999994,0.36150799999999994,0.145885,0.488392,0.5862189999999999,0.32094,0.034139,0.016111,0.054658,0.039527,0.036162,89.0414,89.5215,84.37755,16.5649,5.045,22.4711,7.0,9.0,14.0,2.0728,1.3109,0.8471,2.8070101918331063,2.309213922935845,2.10124643913378,0.643749066922,0.5669522039220001,0.5240919954100001,0.834351,0.94955,0.775289,1.0,1.0,1.0,6.0,6.0,6.0,56.0,56.0,56.0,0.0,0.0,0.0,0.0,0.0,0.0,MAYNAGURI,BJP,BJP,3,TMC Strongholds (C3),0,3
MAYURESWAR,0.48538600000000004,0.503573,0.403114,0.192223,0.443024,0.5014970000000001,0.002633,0.0,0.055473,0.319758,0.053403,0.039916,86.5315,86.6687,84.37755,21.0945,6.0549,9.8383,9.0,4.0,9.0,1.7166,1.4055,1.1505,2.6680799523313836,2.20892980884179,2.388512142503267,0.625198638022,0.547292088686,0.58132932121,0.7890550000000001,0.939451,0.901617,0.0,0.0,8.0,6.0,6.0,6.0,47.0,52.0,70.0,15.195421840514099,16.03110089201243,16.203121858802927,0.0,0.0,9.11250701162742,Mayureswar,TMC,BJP,0,TMC Strongholds (C0),2,2
MAYURESWAR,0.48538600000000004,0.503573,0.403114,0.192223,0.443024,0.5014970000000001,0.002633,0.0,0.055473,0.319758,0.053403,0.039916,86.5315,86.6687,84.37755,21.0945,6.0549,9.8383,9.0,4.0,9.0,1.7166,1.4055,1.1505,2.6680799523313836,2.20892980884179,2.388512142503267,0.625198638022,0.547292088686,0.58132932121,0.7890550000000001,0.939451,0.901617,0.0,0.0,8.0,6.0,6.0,6.0,47.0,52.0,70.0,15.195421840514099,16.03110089201243,16.203121858802927,0.0,0.0,9.11250701162742,MAYURESWAR,TMC,BJP,0,TMC Strongholds (C0),2,2
MEDINIPUR,0.501091,0.5072249999999999,0.386315,0.105907,0.40510199999999996,0.545058,0.355993,0.060629,0.046,0.037009,0.027044000000000002,0.022627,84.8436,85.386,84.37755,15.4808,10.2123,15.8743,6.0,6.0,10.0,1.9054,1.6442,0.667,2.561415277856798,2.3485640906766374,2.2273923278953074,0.6095908349400001,0.5742079153940001,0.5510445162819999,0.8451919999999999,0.897877,0.841257,0.0,0.0,29.0,7.0,5.0,8.0,73.0,50.0,42.0,16.04656613633939,17.355008234605144,16.372806394115806,0.0,0.0,15.088475233776661,Medinipur,TMC,BJP,0,TMC Strongholds (C0),3,2
MEDINIPUR,0.501091,0.5072249999999999,0.386315,0.105907,0.40510199999999996,0.545058,0.355993,0.060629,0.046,0.037009,0.027044000000000002,0.022627,84.8436,85.386,84.37755,15.4808,10.2123,15.8743,6.0,6.0,10.0,1.9054,1.6442,0.667,2.561415277856798,2.3485640906766374,2.2273923278953074,0.6095908349400001,0.5742079153940001,0.5510445162819999,0.8451919999999999,0.897877,0.841257,0.0,0.0,29.0,7.0,5.0,8.0,73.0,50.0,42.0,16.04656613633939,17.355008234605144,16.372806394115806,0.0,0.0,15.088475233776661,MEDINIPUR,TMC,BJP,0,TMC Strongholds (C0),3,2
MEKLIGANJ,0.413478,0.499829,0.40905299999999994,0.129062,0.42594,0.544227,0.38835200000000003,0.043378,0.023147,0.069108,0.030853000000000002,0.023573,89.2796,87.8732,84.37755,3.6676,7.3889,13.5174,9.0,9.0,11.0,1.2892,1.2312,0.9714,2.913631954763771,2.3036831653465755,2.152394459857921,0.6567857521039999,0.5659125286660001,0.535401145724,0.963324,0.926111,0.864826,1.0,1.0,1.0,6.0,6.0,6.0,56.0,56.0,56.0,0.0,0.0,0.0,0.0,0.0,0.0,Mekliganj,TMC,BJP,3,TMC Strongholds (C3),0,3
MEKLIGANJ,0.413478,0.499829,0.40905299999999994,0.129062,0.42594,0.544227,0.38835200000000003,0.043378,0.023147,0.069108,0.030853000000000002,0.023573,89.2796,87.8732,84.37755,3.6676,7.3889,13.5174,9.0,9.0,11.0,1.2892,1.2312,0.9714,2.913631954763771,2.3036831653465755,2.152394459857921,0.6567857521039999,0.5659125286660001,0.535401145724,0.963324,0.926111,0.864826,1.0,1.0,1.0,6.0,6.0,6.0,56.0,56.0,56.0,0.0,0.0,0.0,0.0,0.0,0.0,MEKLIGANJ,TMC,BJP,3,TMC Strongholds (C3),0,3
MEMARI,0.463515,0.479205,0.436596,0.074781,0.37373100000000004,0.467832,0.0,0.11708299999999999,0.08010400000000001,0.461704,0.029981,0.015467999999999999,87.3141,86.098,84.37755,4.3614,10.5474,3.1236,6.0,6.0,7.0,1.1229,0.7646,0.5402,2.30622552979491,2.6047121528385992,2.4030446155418956,0.566391063198,0.616080418364,0.58386124272,0.956386,0.894526,0.968764,0.0,2.0,3.0,4.0,7.0,6.0,51.0,71.0,49.0,15.781249664501338,15.874483668249566,16.926035801380035,0.0,0.0,14.80876270134486,Memari,TMC,BJP,0,TMC Strongholds (C0),2,2
MEMARI,0.463515,0.479205,0.436596,0.074781,0.37373100000000004,0.467832,0.0,0.11708299999999999,0.08010400000000001,0.461704,0.029981,0.015467999999999999,87.3141,86.098,84.37755,4.3614,10.5474,3.1236,6.0,6.0,7.0,1.1229,0.7646,0.5402,2.30622552979491,2.6047121528385992,2.4030446155418956,0.566391063198,0.616080418364,0.58386124272,0.956386,0.894526,0.968764,0.0,2.0,3.0,4.0,7.0,6.0,51.0,71.0,49.0,15.781249664501338,15.874483668249566,16.926035801380035,0.0,0.0,14.80876270134486,MEMARI,TMC,BJP,0,TMC Strongholds (C0),2,2
METIABURUZ,0.497536,0.768463,0.689906,0.08272,0.160045,0.201874,0.0,0.0,0.090144,0.419744,0.071492,0.018076000000000002,71.6563,76.7595,84.37755,11.2148,60.8418,48.8032,6.0,10.0,11.0,1.7188,1.5302,0.9358,2.3225043728662302,1.6096297310181389,1.9041232682591076,0.569430304768,0.37873910954199996,0.474823916776,0.887852,0.391582,0.511968,1.0,2.0,2.0,6.0,4.0,4.0,56.0,76.0,81.0,0.0,15.937250164236731,16.67516568692952,0.0,12.345012510962222,0.0,Metiaburuz,TMC,TMC,2,TMC Strongholds (C2),1,0
METIABURUZ,0.497536,0.768463,0.689906,0.08272,0.160045,0.201874,0.0,0.0,0.090144,0.419744,0.071492,0.018076000000000002,71.6563,76.7595,84.37755,11.2148,60.8418,48.8032,6.0,10.0,11.0,1.7188,1.5302,0.9358,2.3225043728662302,1.6096297310181389,1.9041232682591076,0.569430304768,0.37873910954199996,0.474823916776,0.887852,0.391582,0.511968,1.0,2.0,2.0,6.0,4.0,4.0,56.0,76.0,81.0,0.0,15.937250164236731,16.67516568692952,0.0,12.345012510962222,0.0,METIABURUZ,TMC,TMC,2,TMC Strongholds (C2),1,0
MONTESWAR,0.441116,0.504506,0.400465,0.081015,0.352356,0.47294600000000003,0.0,0.127332,0.102201,0.47786900000000004,0.015806,0.024388,87.054,86.3844,84.37755,0.3702,15.215,7.2481,6.0,5.0,8.0,1.2819,0.7707,0.6661,2.3282586933631655,2.530720910626129,2.531069164523297,0.570494463158,0.6048556773679999,0.604910045914,0.996298,0.84785,0.927519,0.0,0.0,2.0,5.0,7.0,7.0,54.0,71.0,34.0,15.366189057996841,16.294714729484845,15.311263401594315,11.798111925972618,13.007863446456861,14.001810025702452,Monteswar,TMC,BJP,0,TMC Strongholds (C0),2,2
MONTESWAR,0.441116,0.504506,0.400465,0.081015,0.352356,0.47294600000000003,0.0,0.127332,0.102201,0.47786900000000004,0.015806,0.024388,87.054,86.3844,84.37755,0.3702,15.215,7.2481,6.0,5.0,8.0,1.2819,0.7707,0.6661,2.3282586933631655,2.530720910626129,2.531069164523297,0.570494463158,0.6048556773679999,0.604910045914,0.996298,0.84785,0.927519,0.0,0.0,2.0,5.0,7.0,7.0,54.0,71.0,34.0,15.366189057996841,16.294714729484845,15.311263401594315,11.798111925972618,13.007863446456861,14.001810025702452,MONTESWAR,TMC,BJP,0,TMC Strongholds (C0),2,2
MOTHABARI,0.231707,0.597004,0.405141,0.20468,0.250234,0.340422,0.517819,0.10544700000000001,0.169265,0.045793999999999994,0.047314999999999996,0.08517200000000001,80.1277,83.1905,84.37755,28.6112,34.677,6.4719,8.0,10.0,8.0,1.3933,1.3111,0.8189,2.733617377813465,2.312734372093359,3.1652453250144656,0.634184356554,0.567611390194,0.684068722226,0.7138880000000001,0.65323,0.935281,0.0,1.0,0.0,7.0,7.0,6.0,38.0,43.0,47.0,16.528114242872352,16.750099447042746,16.16662187553686,0.0,12.749315119347651,13.611752880449902,Mothabari,TMC,TMC,2,TMC Strongholds (C2),1,0
MOTHABARI,0.231707,0.597004,0.405141,0.20468,0.250234,0.340422,0.517819,0.10544700000000001,0.169265,0.045793999999999994,0.047314999999999996,0.08517200000000001,80.1277,83.1905,84.37755,28.6112,34.677,6.4719,8.0,10.0,8.0,1.3933,1.3111,0.8189,2.733617377813465,2.312734372093359,3.1652453250144656,0.634184356554,0.567611390194,0.684068722226,0.7138880000000001,0.65323,0.935281,0.0,1.0,0.0,7.0,7.0,6.0,38.0,43.0,47.0,16.528114242872352,16.750099447042746,16.16662187553686,0.0,12.749315119347651,13.611752880449902,MOTHABARI,TMC,TMC,2,TMC Strongholds (C2),1,0
MOYNA,0.5025010000000001,0.47608199999999995,0.450305,0.032375,0.481696,0.516236,0.44975299999999996,0.030218,0.025584,0.015371,0.012003999999999999,0.007875,87.3341,88.0877,84.37755,6.0332,0.5614,6.5931,5.0,7.0,8.0,0.5882,0.5948,0.4307,2.192648633675624,2.1751314448702397,2.1277014159337266,0.5439305757239999,0.54025766932,0.530009242598,0.939668,0.994386,0.934069,0.0,0.0,6.0,7.0,6.0,6.0,36.0,35.0,43.0,15.917681322631307,18.133846019066883,17.90421122332128,12.106627930301652,16.752866935671307,15.54744641781309,Moyna,BJP,BJP,0,TMC Strongholds (C0),2,2
MOYNA,0.5025010000000001,0.47608199999999995,0.450305,0.032375,0.481696,0.516236,0.44975299999999996,0.030218,0.025584,0.015371,0.012003999999999999,0.007875,87.3341,88.0877,84.37755,6.0332,0.5614,6.5931,5.0,7.0,8.0,0.5882,0.5948,0.4307,2.192648633675624,2.1751314448702397,2.1277014159337266,0.5439305757239999,0.54025766932,0.530009242598,0.939668,0.994386,0.934069,0.0,0.0,6.0,7.0,6.0,6.0,36.0,35.0,43.0,15.917681322631307,18.133846019066883,17.90421122332128,12.106627930301652,16.752866935671307,15.54744641781309,MOYNA,BJP,BJP,0,TMC Strongholds (C0),2,2
MURARAI,0.475122,0.672256,0.398874,0.026827999999999998,0.221415,0.241476,0.47832,0.08785,0.300556,0.01973,0.018479000000000002,0.059094,85.1232,82.8233,84.37755,0.1405,45.0841,15.5204,6.0,6.0,11.0,0.8477,0.6925,0.48,2.1947153582993395,1.9645908907748373,3.2129841942694615,0.5443600482319999,0.49098817229800007,0.688762863576,0.998595,0.549159,0.844796,1.0,0.0,0.0,6.0,7.0,7.0,58.0,58.0,63.0,17.49167511934291,17.396017994173807,18.300850466626088,15.05887896399575,14.331102206170895,12.869749819906088,Murarai,TMC,TMC,2,TMC Strongholds (C2),1,0
MURARAI,0.475122,0.672256,0.398874,0.026827999999999998,0.221415,0.241476,0.47832,0.08785,0.300556,0.01973,0.018479000000000002,0.059094,85.1232,82.8233,84.37755,0.1405,45.0841,15.5204,6.0,6.0,11.0,0.8477,0.6925,0.48,2.1947153582993395,1.9645908907748373,3.2129841942694615,0.5443600482319999,0.49098817229800007,0.688762863576,0.998595,0.549159,0.844796,1.0,0.0,0.0,6.0,7.0,7.0,58.0,58.0,63.0,17.49167511934291,17.396017994173807,18.300850466626088,15.05887896399575,14.331102206170895,12.869749819906088,MURARAI,TMC,TMC,2,TMC Strongholds (C2),1,0
MURSHIDABAD,0.34521500000000005,0.407781,0.349095,0.11946799999999999,0.418648,0.481796,0.503673,0.13017,0.11554199999999999,0.031644,0.043400999999999995,0.053567000000000004,85.5768,85.5347,84.37755,12.4976,1.0867,13.2701,9.0,11.0,9.0,1.4745,1.2668,0.6071,2.5764308988275517,2.7748536403568096,2.7011398239743913,0.611866167086,0.6396206324339999,0.629785918106,0.875024,0.989133,0.867299,1.0,6.0,4.0,6.0,7.0,7.0,42.0,48.0,53.0,14.861831510507177,15.046550129952495,15.952064442978385,13.95353272694141,0.0,0.0,Murshidabad,BJP,BJP,0,TMC Strongholds (C0),3,0
MURSHIDABAD,0.34521500000000005,0.407781,0.349095,0.11946799999999999,0.418648,0.481796,0.503673,0.13017,0.11554199999999999,0.031644,0.043400999999999995,0.053567000000000004,85.5768,85.5347,84.37755,12.4976,1.0867,13.2701,9.0,11.0,9.0,1.4745,1.2668,0.6071,2.5764308988275517,2.7748536403568096,2.7011398239743913,0.611866167086,0.6396206324339999,0.629785918106,0.875024,0.989133,0.867299,1.0,6.0,4.0,6.0,7.0,7.0,42.0,48.0,53.0,14.861831510507177,15.046550129952495,15.952064442978385,13.95353272694141,0.0,0.0,MURSHIDABAD,BJP,BJP,0,TMC Strongholds (C0),3,0
NABADWIP,0.52486,0.485163,0.39960900000000005,0.090039,0.39697699999999997,0.497894,0.008379,0.088039,0.078265,0.37672199999999995,0.029821,0.024232,86.2071,86.8387,84.37755,18.3784,8.8186,9.8285,6.0,6.0,10.0,1.0982,1.1131,0.4657,2.349763665451023,2.4899528369980635,2.4137192626472936,0.574425285954,0.59838596734,0.5857016118339999,0.816216,0.911814,0.901715,0.0,0.0,1.0,6.0,6.0,7.0,61.0,66.0,53.0,11.230880805735858,10.322987049608095,15.700701625384822,0.0,0.0,0.0,Nabadwip,TMC,BJP,0,TMC Strongholds (C0),2,2
NABADWIP,0.52486,0.485163,0.39960900000000005,0.090039,0.39697699999999997,0.497894,0.008379,0.088039,0.078265,0.37672199999999995,0.029821,0.024232,86.2071,86.8387,84.37755,18.3784,8.8186,9.8285,6.0,6.0,10.0,1.0982,1.1131,0.4657,2.349763665451023,2.4899528369980635,2.4137192626472936,0.574425285954,0.59838596734,0.5857016118339999,0.816216,0.911814,0.901715,0.0,0.0,1.0,6.0,6.0,7.0,61.0,66.0,53.0,11.230880805735858,10.322987049608095,15.700701625384822,0.0,0.0,0.0,NABADWIP,TMC,BJP,0,TMC Strongholds (C0),2,2
NABAGRAM,0.33627,0.481762,0.32864,0.072007,0.311353,0.35535200000000006,0.0062900000000000005,0.194278,0.29143399999999997,0.585433,0.012607,0.024574,81.5607,82.9663,84.37755,21.1569,17.0409,2.6712,6.0,4.0,7.0,1.776,1.2608,0.8498,2.1690379771980783,2.7252546044945327,3.1267886077414295,0.538966117462,0.6330618070139999,0.6801830486639999,0.788431,0.829591,0.973288,1.0,1.0,1.0,6.0,6.0,6.0,56.0,56.0,56.0,0.0,0.0,0.0,0.0,0.0,0.0,Nabagram,TMC,BJP,3,TMC Strongholds (C3),0,0
NABAGRAM,0.33627,0.481762,0.32864,0.072007,0.311353,0.35535200000000006,0.0062900000000000005,0.194278,0.29143399999999997,0.585433,0.012607,0.024574,81.5607,82.9663,84.37755,21.1569,17.0409,2.6712,6.0,4.0,7.0,1.776,1.2608,0.8498,2.1690379771980783,2.7252546044945327,3.1267886077414295,0.538966117462,0.6330618070139999,0.6801830486639999,0.788431,0.829591,0.973288,1.0,1.0,1.0,6.0,6.0,6.0,56.0,56.0,56.0,0.0,0.0,0.0,0.0,0.0,0.0,NABAGRAM,TMC,BJP,3,TMC Strongholds (C3),0,0
NAGRAKATA,0.324603,0.372691,0.38055900000000004,0.270961,0.495488,0.507337,0.306318,0.065084,0.073033,0.098118,0.066737,0.039070999999999995,82.5495,80.5874,84.37755,1.8285,12.2797,12.6778,6.0,6.0,8.0,3.5096,2.853,1.4155,3.5430232658977032,2.5439033592625067,2.444531465429644,0.717755169822,0.60690330615,0.59092365382,0.981715,0.877203,0.8732219999999999,1.0,1.0,1.0,6.0,6.0,6.0,56.0,56.0,56.0,0.0,0.0,0.0,0.0,0.0,0.0,Nagrakata,BJP,BJP,3,TMC Strongholds (C3),0,3
NAGRAKATA,0.324603,0.372691,0.38055900000000004,0.270961,0.495488,0.507337,0.306318,0.065084,0.073033,0.098118,0.066737,0.039070999999999995,82.5495,80.5874,84.37755,1.8285,12.2797,12.6778,6.0,6.0,8.0,3.5096,2.853,1.4155,3.5430232658977032,2.5439033592625067,2.444531465429644,0.717755169822,0.60690330615,0.59092365382,0.981715,0.877203,0.8732219999999999,1.0,1.0,1.0,6.0,6.0,6.0,56.0,56.0,56.0,0.0,0.0,0.0,0.0,0.0,0.0,NAGRAKATA,BJP,BJP,3,TMC Strongholds (C3),0,3
NAIHATI,0.50585,0.496926,0.425297,0.13641999999999999,0.37642200000000003,0.49145000000000005,0.008135,0.10113899999999999,0.060540000000000004,0.349595,0.025512999999999997,0.022713,80.919,80.708,84.37755,19.5545,12.0504,6.6153,8.0,5.0,9.0,1.6824,1.0871,0.7529,2.520304320450974,2.5030726339835994,2.344217308669696,0.60322251885,0.60049101795,0.5734183873219999,0.804455,0.879496,0.933847,3.0,1.0,1.0,7.0,7.0,7.0,52.0,57.0,62.0,16.435942579827785,17.071839342121486,16.909104118117085,15.355752506861057,15.66492160644326,0.0,Naihati,TMC,BJP,0,TMC Strongholds (C0),2,2
NAIHATI,0.50585,0.496926,0.425297,0.13641999999999999,0.37642200000000003,0.49145000000000005,0.008135,0.10113899999999999,0.060540000000000004,0.349595,0.025512999999999997,0.022713,80.919,80.708,84.37755,19.5545,12.0504,6.6153,8.0,5.0,9.0,1.6824,1.0871,0.7529,2.520304320450974,2.5030726339835994,2.344217308669696,0.60322251885,0.60049101795,0.5734183873219999,0.804455,0.879496,0.933847,3.0,1.0,1.0,7.0,7.0,7.0,52.0,57.0,62.0,16.435942579827785,17.071839342121486,16.909104118117085,15.355752506861057,15.66492160644326,0.0,NAIHATI,TMC,BJP,0,TMC Strongholds (C0),2,2
NAKASHIPARA,0.46556800000000004,0.500129,0.404395,0.06729199999999999,0.398631,0.48853900000000006,0.00935,0.032022,0.085358,0.45779000000000003,0.069218,0.021707999999999998,85.4278,84.6692,84.37755,3.3054,10.1498,8.4144,6.0,8.0,9.0,0.8308,0.5468,0.9096,2.3205039035205623,2.4104968606472172,2.4392451361340273,0.569059117512,0.5851477691899999,0.590037104026,0.966946,0.898502,0.915856,1.0,2.0,0.0,6.0,5.0,5.0,62.0,67.0,56.0,13.995868521503546,14.73500933854312,16.15086008636228,10.708086658390217,13.665191029894041,12.315294695856881,Nakashipara,TMC,BJP,0,TMC Strongholds (C0),2,2
NAKASHIPARA,0.46556800000000004,0.500129,0.404395,0.06729199999999999,0.398631,0.48853900000000006,0.00935,0.032022,0.085358,0.45779000000000003,0.069218,0.021707999999999998,85.4278,84.6692,84.37755,3.3054,10.1498,8.4144,6.0,8.0,9.0,0.8308,0.5468,0.9096,2.3205039035205623,2.4104968606472172,2.4392451361340273,0.569059117512,0.5851477691899999,0.590037104026,0.966946,0.898502,0.915856,1.0,2.0,0.0,6.0,5.0,5.0,62.0,67.0,56.0,13.995868521503546,14.73500933854312,16.15086008636228,10.708086658390217,13.665191029894041,12.315294695856881,NAKASHIPARA,TMC,BJP,0,TMC Strongholds (C0),2,2
NALHATI,0.45327199999999995,0.5654319999999999,0.394321,0.103498,0.29145,0.333895,0.407391,0.102689,0.223796,0.035838999999999996,0.04042900000000001,0.047988,84.9225,84.9373,84.37755,5.6124,27.3982,6.0426,6.0,9.0,9.0,0.8494,0.9148,0.6889,2.608111416234162,2.3990251289665268,3.131238799307807,0.6165807972100001,0.5831640161140001,0.680637580174,0.943876,0.726018,0.939574,0.0,0.0,1.0,7.0,4.0,4.0,52.0,48.0,53.0,17.300917431109472,15.93272946397814,16.828854138055267,12.899222326086994,14.86058281970408,15.06276610269038,Nalhati,TMC,TMC,2,TMC Strongholds (C2),1,0
NALHATI,0.45327199999999995,0.5654319999999999,0.394321,0.103498,0.29145,0.333895,0.407391,0.102689,0.223796,0.035838999999999996,0.04042900000000001,0.047988,84.9225,84.9373,84.37755,5.6124,27.3982,6.0426,6.0,9.0,9.0,0.8494,0.9148,0.6889,2.608111416234162,2.3990251289665268,3.131238799307807,0.6165807972100001,0.5831640161140001,0.680637580174,0.943876,0.726018,0.939574,0.0,0.0,1.0,7.0,4.0,4.0,52.0,48.0,53.0,17.300917431109472,15.93272946397814,16.828854138055267,12.899222326086994,14.86058281970408,15.06276610269038,NALHATI,TMC,TMC,2,TMC Strongholds (C2),1,0
NANDAKUMAR,0.48106499999999996,0.475992,0.404599,0.052076000000000004,0.452205,0.527347,0.003398,0.062176,0.044393,0.463461,0.009627,0.023660999999999998,89.6113,89.8747,84.37755,5.3042,2.3787,12.2748,8.0,5.0,8.0,1.0246,0.6481,0.4805,2.2274538235843777,2.2987645417639073,2.2506008455972175,0.551056911074,0.5649837198059999,0.55567420942,0.946958,0.976213,0.877252,0.0,0.0,2.0,6.0,6.0,7.0,54.0,60.0,40.0,14.621333085452177,14.172204801716763,16.706870771621485,0.0,0.0,14.32953167071273,Nandakumar,TMC,BJP,0,TMC Strongholds (C0),2,2
NANDAKUMAR,0.48106499999999996,0.475992,0.404599,0.052076000000000004,0.452205,0.527347,0.003398,0.062176,0.044393,0.463461,0.009627,0.023660999999999998,89.6113,89.8747,84.37755,5.3042,2.3787,12.2748,8.0,5.0,8.0,1.0246,0.6481,0.4805,2.2274538235843777,2.2987645417639073,2.2506008455972175,0.551056911074,0.5649837198059999,0.55567420942,0.946958,0.976213,0.877252,0.0,0.0,2.0,6.0,6.0,7.0,54.0,60.0,40.0,14.621333085452177,14.172204801716763,16.706870771621485,0.0,0.0,14.32953167071273,NANDAKUMAR,TMC,BJP,0,TMC Strongholds (C0),2,2
NANDIGRAM,0.667932,0.47638199999999997,0.465476,0.053153,0.484946,0.50372,0.269017,0.028489,0.015943,0.009898,0.010183,0.014861,86.9261,88.5534,84.37755,40.3023,0.8564,3.8244,5.0,8.0,11.0,0.6341,0.4772,0.3636,1.917815783736049,2.159697774459163,2.123697867850579,0.4785734852740001,0.53697225055,0.529123226454,0.596977,0.991436,0.961756,1.0,1.0,29.0,7.0,7.0,7.0,46.0,50.0,57.0,15.649809426129016,16.17189704742663,15.96582997672451,0.0,0.0,0.0,Nandigram,BJP,BJP,0,TMC Strongholds (C0),2,2
NANDIGRAM,0.667932,0.47638199999999997,0.465476,0.053153,0.484946,0.50372,0.269017,0.028489,0.015943,0.009898,0.010183,0.014861,86.9261,88.5534,84.37755,40.3023,0.8564,3.8244,5.0,8.0,11.0,0.6341,0.4772,0.3636,1.917815783736049,2.159697774459163,2.123697867850579,0.4785734852740001,0.53697225055,0.529123226454,0.596977,0.991436,0.961756,1.0,1.0,29.0,7.0,7.0,7.0,46.0,50.0,57.0,15.649809426129016,16.17189704742663,15.96582997672451,0.0,0.0,0.0,NANDIGRAM,BJP,BJP,0,TMC Strongholds (C0),2,2
NANOOR,0.37725499999999995,0.476424,0.47373,0.08875400000000001,0.448081,0.44164200000000003,0.0,0.054724,0.053844,0.533991,0.020771,0.030784,82.7327,85.0631,84.37755,12.3426,2.8343,3.2088,4.0,4.0,7.0,2.0829,0.9132,0.7368,2.2970288163557457,2.319203257635188,2.3623092609319656,0.564655004378,0.5688174390459999,0.576685399944,0.876574,0.971657,0.967912,1.0,1.0,1.0,6.0,6.0,6.0,56.0,56.0,56.0,0.0,0.0,0.0,0.0,0.0,0.0,Nanoor,TMC,TMC,3,TMC Strongholds (C3),0,3
NANOOR,0.37725499999999995,0.476424,0.47373,0.08875400000000001,0.448081,0.44164200000000003,0.0,0.054724,0.053844,0.533991,0.020771,0.030784,82.7327,85.0631,84.37755,12.3426,2.8343,3.2088,4.0,4.0,7.0,2.0829,0.9132,0.7368,2.2970288163557457,2.319203257635188,2.3623092609319656,0.564655004378,0.5688174390459999,0.576685399944,0.876574,0.971657,0.967912,1.0,1.0,1.0,6.0,6.0,6.0,56.0,56.0,56.0,0.0,0.0,0.0,0.0,0.0,0.0,NANOOR,TMC,TMC,3,TMC Strongholds (C3),0,3
NARAYANGARH,0.493925,0.46334800000000004,0.424234,0.051038,0.45225299999999996,0.514536,0.019814000000000002,0.073763,0.045535,0.435223,0.010636000000000001,0.015695,90.8465,89.3316,84.37755,6.7585,1.1095,9.0302,4.0,5.0,10.0,0.8883,0.8064,0.732,2.291588938197498,2.3541695002571945,2.236928529546122,0.5636215626059999,0.5752217502220001,0.552958448698,0.932415,0.988905,0.909698,0.0,0.0,6.0,7.0,7.0,6.0,61.0,57.0,51.0,15.851980008864286,16.323485819439913,16.029695819602793,0.0,15.201805169084134,12.910404543289742,Narayangarh,TMC,BJP,0,TMC Strongholds (C0),2,2
NARAYANGARH,0.493925,0.46334800000000004,0.424234,0.051038,0.45225299999999996,0.514536,0.019814000000000002,0.073763,0.045535,0.435223,0.010636000000000001,0.015695,90.8465,89.3316,84.37755,6.7585,1.1095,9.0302,4.0,5.0,10.0,0.8883,0.8064,0.732,2.291588938197498,2.3541695002571945,2.236928529546122,0.5636215626059999,0.5752217502220001,0.552958448698,0.932415,0.988905,0.909698,0.0,0.0,6.0,7.0,7.0,6.0,61.0,57.0,51.0,15.851980008864286,16.323485819439913,16.029695819602793,0.0,15.201805169084134,12.910404543289742,NARAYANGARH,TMC,BJP,0,TMC Strongholds (C0),2,2
NATABARI,0.467226,0.406602,0.396612,0.107837,0.514534,0.545347,0.006318000000000001,0.059974999999999994,0.043392,0.41861899999999996,0.018889,0.014649,89.2066,88.8051,84.37755,8.0948,10.7932,14.8735,6.0,7.0,9.0,0.7881,0.5277,0.4783,2.4678516791249243,2.3040188942501967,2.189132809360066,0.59478926207,0.5659757814939999,0.543198112182,0.919052,0.892068,0.8512649999999999,0.0,0.0,3.0,6.0,7.0,6.0,60.0,67.0,54.0,17.83197166575788,16.4549553125208,15.424000020762183,14.748098171339477,0.0,0.0,Natabari,BJP,BJP,0,TMC Strongholds (C0),2,2
NATABARI,0.467226,0.406602,0.396612,0.107837,0.514534,0.545347,0.006318000000000001,0.059974999999999994,0.043392,0.41861899999999996,0.018889,0.014649,89.2066,88.8051,84.37755,8.0948,10.7932,14.8735,6.0,7.0,9.0,0.7881,0.5277,0.4783,2.4678516791249243,2.3040188942501967,2.189132809360066,0.59478926207,0.5659757814939999,0.543198112182,0.919052,0.892068,0.8512649999999999,0.0,0.0,3.0,6.0,7.0,6.0,60.0,67.0,54.0,17.83197166575788,16.4549553125208,15.424000020762183,14.748098171339477,0.0,0.0,NATABARI,BJP,BJP,0,TMC Strongholds (C0),2,2
NAYAGRAM,0.562222,0.524569,0.454632,0.315066,0.406277,0.485559,0.08882300000000001,0.034062,0.032473,0.033889,0.035092,0.027336,84.9791,84.958,84.37755,24.7156,11.8292,3.0927,6.0,7.0,9.0,1.9747,1.6043,1.3913,2.3562779360852573,2.259247244023629,2.2509364150011035,0.57560184871,0.5573746952020001,0.55574044947,0.7528440000000001,0.8817079999999999,0.969073,1.0,1.0,1.0,6.0,6.0,6.0,56.0,56.0,56.0,0.0,0.0,0.0,0.0,0.0,0.0,Nayagram,TMC,BJP,3,TMC Strongholds (C3),0,3
NAYAGRAM,0.562222,0.524569,0.454632,0.315066,0.406277,0.485559,0.08882300000000001,0.034062,0.032473,0.033889,0.035092,0.027336,84.9791,84.958,84.37755,24.7156,11.8292,3.0927,6.0,7.0,9.0,1.9747,1.6043,1.3913,2.3562779360852573,2.259247244023629,2.2509364150011035,0.57560184871,0.5573746952020001,0.55574044947,0.7528440000000001,0.8817079999999999,0.969073,1.0,1.0,1.0,6.0,6.0,6.0,56.0,56.0,56.0,0.0,0.0,0.0,0.0,0.0,0.0,NAYAGRAM,TMC,BJP,3,TMC Strongholds (C3),0,3
NOAPARA,0.414672,0.489026,0.393279,0.12462899999999999,0.35036900000000004,0.48374,0.42046,0.122003,0.10051299999999999,0.040239000000000004,0.038602,0.022468,78.1176,73.6024,84.37755,0.5788,13.8657,9.0461,5.0,10.0,15.0,1.7104,1.4982,0.703,2.7330540513245927,2.6435464822989494,2.504505394613574,0.634108956054,0.62172028875,0.600719566366,0.994212,0.861343,0.909539,0.0,0.0,1.0,5.0,7.0,6.0,78.0,68.0,56.0,16.725422871781877,16.100279684943136,0.0,0.0,0.0,0.0,Noapara,TMC,BJP,0,TMC Strongholds (C0),3,2
NOAPARA,0.414672,0.489026,0.393279,0.12462899999999999,0.35036900000000004,0.48374,0.42046,0.122003,0.10051299999999999,0.040239000000000004,0.038602,0.022468,78.1176,73.6024,84.37755,0.5788,13.8657,9.0461,5.0,10.0,15.0,1.7104,1.4982,0.703,2.7330540513245927,2.6435464822989494,2.504505394613574,0.634108956054,0.62172028875,0.600719566366,0.994212,0.861343,0.909539,0.0,0.0,1.0,5.0,7.0,6.0,78.0,68.0,56.0,16.725422871781877,16.100279684943136,0.0,0.0,0.0,0.0,NOAPARA,TMC,BJP,0,TMC Strongholds (C0),3,2
NOWDA,0.238655,0.581589,0.234057,0.142356,0.21512799999999999,0.264079,0.585625,0.15784700000000002,0.08963900000000001,0.033364,0.045436,0.41222499999999995,83.222,81.7876,84.37755,10.5977,36.6461,12.6097,7.0,9.0,10.0,2.1072,0.6464,0.5045,2.3736548792257253,2.4300986567848843,3.305949072418482,0.5787087631180001,0.5884940731899999,0.697515001564,0.894023,0.6335390000000001,0.873903,3.0,0.0,4.0,5.0,4.0,6.0,54.0,55.0,63.0,15.406132759939522,17.45436578051074,17.609084430942815,13.204866440535003,15.223350144820413,0.0,Nowda,TMC,OTHERS,2,TMC Strongholds (C2),1,0
NOWDA,0.238655,0.581589,0.234057,0.142356,0.21512799999999999,0.264079,0.585625,0.15784700000000002,0.08963900000000001,0.033364,0.045436,0.41222499999999995,83.222,81.7876,84.37755,10.5977,36.6461,12.6097,7.0,9.0,10.0,2.1072,0.6464,0.5045,2.3736548792257253,2.4300986567848843,3.305949072418482,0.5787087631180001,0.5884940731899999,0.697515001564,0.894023,0.6335390000000001,0.873903,3.0,0.0,4.0,5.0,4.0,6.0,54.0,55.0,63.0,15.406132759939522,17.45436578051074,17.609084430942815,13.204866440535003,15.223350144820413,0.0,NOWDA,TMC,OTHERS,2,TMC Strongholds (C2),1,0
ONDA,0.407049,0.413667,0.392108,0.138457,0.46483199999999997,0.52091,0.3754,0.077601,0.061357999999999996,0.079094,0.043899999999999995,0.025623999999999997,86.6308,88.0591,84.37755,5.4783,5.1165,12.8802,7.0,8.0,7.0,2.267,2.1612,1.6091,3.011683070775291,2.5307594814406538,2.3281949007671034,0.667959749914,0.604861699686,0.570482694696,0.945217,0.948835,0.871198,0.0,6.0,5.0,6.0,4.0,4.0,60.0,56.0,61.0,14.958074339161488,15.699697419390835,16.743274542110644,0.0,11.51293546492023,0.0,Onda,BJP,BJP,0,TMC Strongholds (C0),3,2
ONDA,0.407049,0.413667,0.392108,0.138457,0.46483199999999997,0.52091,0.3754,0.077601,0.061357999999999996,0.079094,0.043899999999999995,0.025623999999999997,86.6308,88.0591,84.37755,5.4783,5.1165,12.8802,7.0,8.0,7.0,2.267,2.1612,1.6091,3.011683070775291,2.5307594814406538,2.3281949007671034,0.667959749914,0.604861699686,0.570482694696,0.945217,0.948835,0.871198,0.0,6.0,5.0,6.0,4.0,4.0,60.0,56.0,61.0,14.958074339161488,15.699697419390835,16.743274542110644,0.0,11.51293546492023,0.0,ONDA,BJP,BJP,0,TMC Strongholds (C0),3,2
PALASHIPARA,0.449863,0.5421929999999999,0.415751,0.07684,0.289785,0.36239,0.014083000000000002,0.137296,0.024435,0.459214,0.030726,0.197424,83.6736,83.1317,84.37755,3.045,25.2408,5.3361,7.0,8.0,9.0,1.0901,0.8132,0.9541,2.3846034754151337,2.514187091589842,2.9091018168305847,0.580643066946,0.602257125834,0.656251288898,0.96955,0.747592,0.946639,2.0,0.0,0.0,6.0,8.0,7.0,56.0,66.0,57.0,14.842813007333069,17.2123714506347,15.231961600812571,0.0,0.0,13.821990517603467,Palashipara,TMC,TMC,0,TMC Strongholds (C0),2,0
PALASHIPARA,0.449863,0.5421929999999999,0.415751,0.07684,0.289785,0.36239,0.014083000000000002,0.137296,0.024435,0.459214,0.030726,0.197424,83.6736,83.1317,84.37755,3.045,25.2408,5.3361,7.0,8.0,9.0,1.0901,0.8132,0.9541,2.3846034754151337,2.514187091589842,2.9091018168305847,0.580643066946,0.602257125834,0.656251288898,0.96955,0.747592,0.946639,2.0,0.0,0.0,6.0,8.0,7.0,56.0,66.0,57.0,14.842813007333069,17.2123714506347,15.231961600812571,0.0,0.0,13.821990517603467,PALASHIPARA,TMC,TMC,0,TMC Strongholds (C0),2,0
PANCHLA,0.529822,0.481879,0.527154,0.084173,0.330959,0.364203,0.362549,0.0,0.09513400000000001,0.023456,0.187162,0.013509,81.1183,81.5477,84.37755,16.7273,15.092,16.2951,6.0,5.0,7.0,0.9703,1.111,0.7395,2.382152492646391,2.6541331804797528,2.382267528973486,0.58021159305,0.623229155434,0.580231864038,0.832727,0.8490800000000001,0.8370489999999999,3.0,0.0,0.0,5.0,5.0,5.0,58.0,63.0,68.0,16.01286523794789,16.62521862838181,17.193781526387312,14.021412727191715,13.745984687315646,12.558636149069189,Panchla,TMC,TMC,0,TMC Strongholds (C0),2,2
PANCHLA,0.529822,0.481879,0.527154,0.084173,0.330959,0.364203,0.362549,0.0,0.09513400000000001,0.023456,0.187162,0.013509,81.1183,81.5477,84.37755,16.7273,15.092,16.2951,6.0,5.0,7.0,0.9703,1.111,0.7395,2.382152492646391,2.6541331804797528,2.382267528973486,0.58021159305,0.623229155434,0.580231864038,0.832727,0.8490800000000001,0.8370489999999999,3.0,0.0,0.0,5.0,5.0,5.0,58.0,63.0,68.0,16.01286523794789,16.62521862838181,17.193781526387312,14.021412727191715,13.745984687315646,12.558636149069189,PANCHLA,TMC,TMC,0,TMC Strongholds (C0),2,2
PANDABESWAR,0.450353,0.44994599999999996,0.45276200000000005,0.089309,0.426798,0.460764,0.010373,0.078099,0.055411,0.44996499999999995,0.045156999999999996,0.031063,79.768,77.6779,84.37755,3.591,2.3148,0.8002,6.0,8.0,11.0,1.7417,1.6647,0.7378,2.4191401062119158,2.5461713536227855,2.373424211463478,0.586629977556,0.60725345583,0.57866781877,0.96409,0.976852,0.991998,2.0,7.0,4.0,7.0,5.0,7.0,42.0,57.0,52.0,15.147341341497324,16.6362919444774,16.121909668338297,14.603968372873895,14.594583568187163,0.0,Pandabeswar,TMC,BJP,0,TMC Strongholds (C0),3,2
PANDABESWAR,0.450353,0.44994599999999996,0.45276200000000005,0.089309,0.426798,0.460764,0.010373,0.078099,0.055411,0.44996499999999995,0.045156999999999996,0.031063,79.768,77.6779,84.37755,3.591,2.3148,0.8002,6.0,8.0,11.0,1.7417,1.6647,0.7378,2.4191401062119158,2.5461713536227855,2.373424211463478,0.586629977556,0.60725345583,0.57866781877,0.96409,0.976852,0.991998,2.0,7.0,4.0,7.0,5.0,7.0,42.0,57.0,52.0,15.147341341497324,16.6362919444774,16.121909668338297,14.603968372873895,14.594583568187163,0.0,PANDABESWAR,TMC,BJP,0,TMC Strongholds (C0),3,2
PANDUA,0.430195,0.459949,0.411269,0.08155799999999999,0.317512,0.43363799999999997,0.008399,0.19429200000000002,0.129712,0.479848,0.028247,0.025381,85.4738,83.0878,84.37755,0.6646,14.2437,2.2369,7.0,7.0,9.0,1.304,0.9675,0.7064,2.369420683005421,2.849699222792427,2.669132920502127,0.577955908306,0.6490857729819999,0.62534649649,0.993354,0.857563,0.977631,4.0,0.0,2.0,7.0,7.0,5.0,37.0,71.0,46.0,14.928978289446306,17.339563687296096,15.382402073283535,13.039094805554607,0.0,0.0,Pandua,TMC,BJP,0,TMC Strongholds (C0),2,2
PANDUA,0.430195,0.459949,0.411269,0.08155799999999999,0.317512,0.43363799999999997,0.008399,0.19429200000000002,0.129712,0.479848,0.028247,0.025381,85.4738,83.0878,84.37755,0.6646,14.2437,2.2369,7.0,7.0,9.0,1.304,0.9675,0.7064,2.369420683005421,2.849699222792427,2.669132920502127,0.577955908306,0.6490857729819999,0.62534649649,0.993354,0.857563,0.977631,4.0,0.0,2.0,7.0,7.0,5.0,37.0,71.0,46.0,14.928978289446306,17.339563687296096,15.382402073283535,13.039094805554607,0.0,0.0,PANDUA,TMC,BJP,0,TMC Strongholds (C0),2,2
PANIHATI,0.446944,0.496083,0.337979,0.09058,0.351683,0.502772,0.42853,0.1265,0.144916,0.033946000000000004,0.025734,0.014333,78.3972,75.5942,84.37755,1.8414,14.44,16.4793,5.0,6.0,11.0,1.7344,1.3386,0.5972,2.5461232301283534,2.5876986325318176,2.5758884401440194,0.607246032648,0.613556235866,0.6117844296300001,0.981586,0.8556,0.835207,0.0,0.0,0.0,6.0,6.0,1.0,65.0,72.0,54.0,15.407898542945224,16.239861323156717,15.83025116531823,0.0,0.0,0.0,Panihati,TMC,BJP,0,TMC Strongholds (C0),3,2
PANIHATI,0.446944,0.496083,0.337979,0.09058,0.351683,0.502772,0.42853,0.1265,0.144916,0.033946000000000004,0.025734,0.014333,78.3972,75.5942,84.37755,1.8414,14.44,16.4793,5.0,6.0,11.0,1.7344,1.3386,0.5972,2.5461232301283534,2.5876986325318176,2.5758884401440194,0.607246032648,0.613556235866,0.6117844296300001,0.981586,0.8556,0.835207,0.0,0.0,0.0,6.0,6.0,1.0,65.0,72.0,54.0,15.407898542945224,16.239861323156717,15.83025116531823,0.0,0.0,0.0,PANIHATI,TMC,BJP,0,TMC Strongholds (C0),3,2
PANSKURA PASCHIM,0.44188299999999997,0.47708399999999995,0.40765799999999996,0.09276400000000001,0.43912,0.533676,0.43166200000000005,0.069886,0.011926,0.033691,0.01391,0.046740000000000004,84.7873,85.5067,84.37755,1.5035,3.7964,12.6018,9.0,6.0,7.0,1.0159,0.571,0.4883,2.555369026243002,2.350104138761219,2.2059376229548655,0.60866708889,0.574486941448,0.546678024984,0.984965,0.962036,0.873982,2.0,2.0,14.0,3.0,3.0,6.0,65.0,70.0,35.0,14.129718926634196,14.524210170050223,15.280847357424323,0.0,0.0,0.0,Panskura paschim,TMC,BJP,0,TMC Strongholds (C0),2,2
PANSKURA PASCHIM,0.44188299999999997,0.47708399999999995,0.40765799999999996,0.09276400000000001,0.43912,0.533676,0.43166200000000005,0.069886,0.011926,0.033691,0.01391,0.046740000000000004,84.7873,85.5067,84.37755,1.5035,3.7964,12.6018,9.0,6.0,7.0,1.0159,0.571,0.4883,2.555369026243002,2.350104138761219,2.2059376229548655,0.60866708889,0.574486941448,0.546678024984,0.984965,0.962036,0.873982,2.0,2.0,14.0,3.0,3.0,6.0,65.0,70.0,35.0,14.129718926634196,14.524210170050223,15.280847357424323,0.0,0.0,0.0,Panskura Paschim,TMC,BJP,0,TMC Strongholds (C0),2,2
PANSKURA PASCHIM,0.44188299999999997,0.47708399999999995,0.40765799999999996,0.09276400000000001,0.43912,0.533676,0.43166200000000005,0.069886,0.011926,0.033691,0.01391,0.046740000000000004,84.7873,85.5067,84.37755,1.5035,3.7964,12.6018,9.0,6.0,7.0,1.0159,0.571,0.4883,2.555369026243002,2.350104138761219,2.2059376229548655,0.60866708889,0.574486941448,0.546678024984,0.984965,0.962036,0.873982,2.0,2.0,14.0,3.0,3.0,6.0,65.0,70.0,35.0,14.129718926634196,14.524210170050223,15.280847357424323,0.0,0.0,0.0,PANSKURA PASCHIM,TMC,BJP,0,TMC Strongholds (C0),2,2
PANSKURA PURBA,0.44132,0.459743,0.413891,0.055000999999999994,0.411053,0.494996,0.014089,0.111769,0.06299400000000001,0.48959,0.017435,0.028119,84.6038,84.0084,84.37755,2.6112,4.869,8.1105,5.0,7.0,9.0,1.021,0.5963,0.6324,2.2847464910082818,2.5437235331654144,2.3748133634812905,0.562314679578,0.606875516556,0.578914277906,0.973888,0.95131,0.918895,3.0,0.0,0.0,6.0,6.0,5.0,28.0,74.0,43.0,10.814383760092976,15.09126546026584,18.5910050877919,0.0,0.0,17.42202077095667,Panskura Purba,TMC,BJP,0,TMC Strongholds (C0),2,2
PANSKURA PURBA,0.44132,0.459743,0.413891,0.055000999999999994,0.411053,0.494996,0.014089,0.111769,0.06299400000000001,0.48959,0.017435,0.028119,84.6038,84.0084,84.37755,2.6112,4.869,8.1105,5.0,7.0,9.0,1.021,0.5963,0.6324,2.2847464910082818,2.5437235331654144,2.3748133634812905,0.562314679578,0.606875516556,0.578914277906,0.973888,0.95131,0.918895,3.0,0.0,0.0,6.0,6.0,5.0,28.0,74.0,43.0,10.814383760092976,15.09126546026584,18.5910050877919,0.0,0.0,17.42202077095667,PANSKURA PURBA,TMC,BJP,0,TMC Strongholds (C0),2,2
PARA,0.475934,0.42954099999999995,0.369384,0.062595,0.450194,0.525539,0.012477,0.08029,0.067512,0.448994,0.039975000000000004,0.037565,81.9163,79.5597,84.37755,7.8317,2.0653,15.6155,8.0,7.0,10.0,2.0745,1.8848,1.2911,2.313836822694778,2.5302069193192427,2.3888881573744403,0.567817406054,0.604775406958,0.5813952206540001,0.921683,0.979347,0.843845,1.0,1.0,1.0,6.0,6.0,6.0,56.0,56.0,56.0,0.0,0.0,0.0,0.0,0.0,0.0,Para,BJP,BJP,3,TMC Strongholds (C3),0,3
PARA,0.475934,0.42954099999999995,0.369384,0.062595,0.450194,0.525539,0.012477,0.08029,0.067512,0.448994,0.039975000000000004,0.037565,81.9163,79.5597,84.37755,7.8317,2.0653,15.6155,8.0,7.0,10.0,2.0745,1.8848,1.2911,2.313836822694778,2.5302069193192427,2.3888881573744403,0.567817406054,0.604775406958,0.5813952206540001,0.921683,0.979347,0.843845,1.0,1.0,1.0,6.0,6.0,6.0,56.0,56.0,56.0,0.0,0.0,0.0,0.0,0.0,0.0,PARA,BJP,BJP,3,TMC Strongholds (C3),0,3
PATASHPUR,0.5450889999999999,0.50424,0.46343,0.053647,0.456383,0.502435,0.39181,0.035255,0.025684,0.009454,0.004122,0.008451,88.6881,88.4791,84.37755,15.7305,4.7857,3.9005,5.0,4.0,7.0,0.5853,0.4123,0.3603,2.2045637997047693,2.156086305368787,2.137028939617405,0.5463955272540001,0.5361966738020001,0.532060618618,0.842695,0.952143,0.960995,0.0,4.0,10.0,7.0,5.0,6.0,70.0,46.0,52.0,15.980711703909735,15.281546119770576,17.81963616805978,0.0,0.0,15.385078730672905,Patashpur,TMC,BJP,0,TMC Strongholds (C0),2,2
PATASHPUR,0.5450889999999999,0.50424,0.46343,0.053647,0.456383,0.502435,0.39181,0.035255,0.025684,0.009454,0.004122,0.008451,88.6881,88.4791,84.37755,15.7305,4.7857,3.9005,5.0,4.0,7.0,0.5853,0.4123,0.3603,2.2045637997047693,2.156086305368787,2.137028939617405,0.5463955272540001,0.5361966738020001,0.532060618618,0.842695,0.952143,0.960995,0.0,4.0,10.0,7.0,5.0,6.0,70.0,46.0,52.0,15.980711703909735,15.281546119770576,17.81963616805978,0.0,0.0,15.385078730672905,PATASHPUR,TMC,BJP,0,TMC Strongholds (C0),2,2
PATHARPRATIMA,0.508457,0.5185,0.476162,0.032805,0.42300699999999997,0.45635800000000004,0.45223100000000005,0.05110699999999999,0.05846199999999999,0.006507,0.007386,0.009018,89.3473,87.9803,84.37755,6.5181,9.5493,1.9804,4.0,5.0,7.0,0.6507,0.5238,0.4243,2.154429937414094,2.220033513411286,2.2805432949208906,0.5358400927159999,0.5495563495060001,0.5615079958239999,0.9348190000000001,0.904507,0.980196,6.0,2.0,0.0,7.0,7.0,7.0,66.0,71.0,76.0,14.61426247435787,16.069368954774752,15.564870573860105,0.0,13.217675375388819,0.0,Patharpratima,TMC,TMC,0,TMC Strongholds (C0),2,2
PATHARPRATIMA,0.508457,0.5185,0.476162,0.032805,0.42300699999999997,0.45635800000000004,0.45223100000000005,0.05110699999999999,0.05846199999999999,0.006507,0.007386,0.009018,89.3473,87.9803,84.37755,6.5181,9.5493,1.9804,4.0,5.0,7.0,0.6507,0.5238,0.4243,2.154429937414094,2.220033513411286,2.2805432949208906,0.5358400927159999,0.5495563495060001,0.5615079958239999,0.9348190000000001,0.904507,0.980196,6.0,2.0,0.0,7.0,7.0,7.0,66.0,71.0,76.0,14.61426247435787,16.069368954774752,15.564870573860105,0.0,13.217675375388819,0.0,PATHARPRATIMA,TMC,TMC,0,TMC Strongholds (C0),2,2
PHANSIDEWA,0.36454099999999995,0.375452,0.351308,0.18145399999999998,0.508941,0.5692,0.412368,0.083983,0.038309,0.04163700000000001,0.031624,0.041183,87.8456,86.4468,84.37755,3.9023,13.3489,21.7892,7.0,7.0,8.0,1.4502,1.2404,1.0557,2.9621142449123257,2.4507499288594166,2.2194130872362785,0.6624032980100001,0.59196163255,0.549430430166,0.960977,0.866511,0.782108,1.0,1.0,1.0,6.0,6.0,6.0,56.0,56.0,56.0,0.0,0.0,0.0,0.0,0.0,0.0,Phansidewa,BJP,BJP,3,TMC Strongholds (C3),0,3
PHANSIDEWA,0.36454099999999995,0.375452,0.351308,0.18145399999999998,0.508941,0.5692,0.412368,0.083983,0.038309,0.04163700000000001,0.031624,0.041183,87.8456,86.4468,84.37755,3.9023,13.3489,21.7892,7.0,7.0,8.0,1.4502,1.2404,1.0557,2.9621142449123257,2.4507499288594166,2.2194130872362785,0.6624032980100001,0.59196163255,0.549430430166,0.960977,0.866511,0.782108,1.0,1.0,1.0,6.0,6.0,6.0,56.0,56.0,56.0,0.0,0.0,0.0,0.0,0.0,0.0,PHANSIDEWA,BJP,BJP,3,TMC Strongholds (C3),0,3
PINGLA,0.503795,0.491693,0.435457,0.08040699999999999,0.462586,0.511584,0.011522,0.036655,0.034446,0.40427599999999997,0.009066,0.018512999999999998,90.2437,89.7179,84.37755,11.6849,2.9107,7.6127,5.0,4.0,11.0,1.0219,0.9066,0.8951,2.359344557877277,2.187352924315607,2.208138001678479,0.576153471666,0.542826404974,0.54712975401,0.883151,0.970893,0.9238729999999999,0.0,1.0,2.0,8.0,5.0,6.0,61.0,67.0,41.0,18.17654654742807,15.964361667634346,16.69126212650464,0.0,0.0,0.0,Pingla,TMC,BJP,0,TMC Strongholds (C0),2,2
PINGLA,0.503795,0.491693,0.435457,0.08040699999999999,0.462586,0.511584,0.011522,0.036655,0.034446,0.40427599999999997,0.009066,0.018512999999999998,90.2437,89.7179,84.37755,11.6849,2.9107,7.6127,5.0,4.0,11.0,1.0219,0.9066,0.8951,2.359344557877277,2.187352924315607,2.208138001678479,0.576153471666,0.542826404974,0.54712975401,0.883151,0.970893,0.9238729999999999,0.0,1.0,2.0,8.0,5.0,6.0,61.0,67.0,41.0,18.17654654742807,15.964361667634346,16.69126212650464,0.0,0.0,0.0,PINGLA,TMC,BJP,0,TMC Strongholds (C0),2,2
PURBASTHALI DAKSHIN,0.528482,0.490813,0.428718,0.096197,0.409969,0.504435,0.344482,0.069936,0.048197000000000004,0.030839,0.029282,0.01865,88.0842,86.6782,84.37755,19.0672,8.0844,7.5717,8.0,5.0,7.0,0.9699,0.7253,0.8739,2.4499837088918826,2.411262748557288,2.26796163557024,0.5918340206220001,0.58527953845,0.559075433942,0.809328,0.919156,0.924283,1.0,1.0,0.0,7.0,7.0,4.0,64.0,70.0,43.0,15.737260031497033,16.08586931601288,18.673896293955632,0.0,0.0,15.561585535426008,Purbasthali Dakshin,TMC,BJP,0,TMC Strongholds (C0),2,2
PURBASTHALI DAKSHIN,0.528482,0.490813,0.428718,0.096197,0.409969,0.504435,0.344482,0.069936,0.048197000000000004,0.030839,0.029282,0.01865,88.0842,86.6782,84.37755,19.0672,8.0844,7.5717,8.0,5.0,7.0,0.9699,0.7253,0.8739,2.4499837088918826,2.411262748557288,2.26796163557024,0.5918340206220001,0.58527953845,0.559075433942,0.809328,0.919156,0.924283,1.0,1.0,0.0,7.0,7.0,4.0,64.0,70.0,43.0,15.737260031497033,16.08586931601288,18.673896293955632,0.0,0.0,15.561585535426008,PURBASTHALI DAKSHIN,TMC,BJP,0,TMC Strongholds (C0),2,2
PURBASTHALI UTTAR,0.419254,0.435244,0.360872,0.11497,0.40366300000000005,0.495282,0.007778,0.132493,0.12148199999999999,0.45799799999999996,0.0286,0.022364000000000002,86.434,84.1204,84.37755,1.4509,3.1581,13.441,6.0,6.0,8.0,0.787,0.6358,0.5283,2.5074302511128943,2.697209782829055,2.5589133193217246,0.601185317296,0.6292464878459999,0.6092091152720001,0.985491,0.968419,0.86559,0.0,3.0,3.0,7.0,5.0,7.0,52.0,66.0,48.0,16.028515304262626,16.636394024054056,16.144870192391036,13.28787951079572,14.191090177141275,0.0,Purbasthali Uttar,TMC,BJP,0,TMC Strongholds (C0),2,2
PURBASTHALI UTTAR,0.419254,0.435244,0.360872,0.11497,0.40366300000000005,0.495282,0.007778,0.132493,0.12148199999999999,0.45799799999999996,0.0286,0.022364000000000002,86.434,84.1204,84.37755,1.4509,3.1581,13.441,6.0,6.0,8.0,0.787,0.6358,0.5283,2.5074302511128943,2.697209782829055,2.5589133193217246,0.601185317296,0.6292464878459999,0.6092091152720001,0.985491,0.968419,0.86559,0.0,3.0,3.0,7.0,5.0,7.0,52.0,66.0,48.0,16.028515304262626,16.636394024054056,16.144870192391036,13.28787951079572,14.191090177141275,0.0,PURBASTHALI UTTAR,TMC,BJP,0,TMC Strongholds (C0),2,2
PURSURAH,0.511009,0.408636,0.354336,0.088809,0.534953,0.576202,0.369625,0.035091000000000004,0.040972,0.030556999999999997,0.021320000000000002,0.02849,86.3334,85.9397,84.37755,14.1384,12.6317,22.1866,4.0,4.0,8.0,1.7698,1.2498,1.1535,2.4595792292233654,2.198555923723585,2.1736619827596466,0.593426392564,0.5451559866139999,0.539946869416,0.858616,0.873683,0.778134,0.0,2.0,2.0,7.0,6.0,6.0,55.0,36.0,41.0,16.09588020515527,12.256670698293265,15.117701582370964,13.122365377402328,0.0,12.510877286538676,Pursurah,BJP,BJP,0,TMC Strongholds (C0),2,2
PURSURAH,0.511009,0.408636,0.354336,0.088809,0.534953,0.576202,0.369625,0.035091000000000004,0.040972,0.030556999999999997,0.021320000000000002,0.02849,86.3334,85.9397,84.37755,14.1384,12.6317,22.1866,4.0,4.0,8.0,1.7698,1.2498,1.1535,2.4595792292233654,2.198555923723585,2.1736619827596466,0.593426392564,0.5451559866139999,0.539946869416,0.858616,0.873683,0.778134,0.0,2.0,2.0,7.0,6.0,6.0,55.0,36.0,41.0,16.09588020515527,12.256670698293265,15.117701582370964,13.122365377402328,0.0,12.510877286538676,PURSURAH,BJP,BJP,0,TMC Strongholds (C0),2,2
PURULIA,0.418862,0.39984400000000003,0.343377,0.069891,0.433769,0.556914,0.449284,0.126675,0.071003,0.061963,0.039712,0.028706,80.1606,80.2527,84.37755,2.6905,3.3925,21.3537,12.0,10.0,13.0,1.6293,1.251,0.7492,2.5905014144993235,2.734823064584687,2.304538132600525,0.61397434705,0.6343456317339999,0.5660735720300001,0.973095,0.966075,0.786463,3.0,3.0,3.0,3.0,3.0,3.0,46.0,51.0,55.0,13.962158303903413,15.320206208027036,18.565200333363805,0.0,0.0,14.190712315695134,Purulia,BJP,BJP,0,TMC Strongholds (C0),3,2
PURULIA,0.418862,0.39984400000000003,0.343377,0.069891,0.433769,0.556914,0.449284,0.126675,0.071003,0.061963,0.039712,0.028706,80.1606,80.2527,84.37755,2.6905,3.3925,21.3537,12.0,10.0,13.0,1.6293,1.251,0.7492,2.5905014144993235,2.734823064584687,2.304538132600525,0.61397434705,0.6343456317339999,0.5660735720300001,0.973095,0.966075,0.786463,3.0,3.0,3.0,3.0,3.0,3.0,46.0,51.0,55.0,13.962158303903413,15.320206208027036,18.565200333363805,0.0,0.0,14.190712315695134,PURULIA,BJP,BJP,0,TMC Strongholds (C0),3,2
RAGHUNATHGANJ,0.329422,0.6658719999999999,0.456494,0.060651000000000004,0.149734,0.18064800000000003,0.5807249999999999,0.071987,0.317403,0.029202,0.112407,0.045454999999999995,79.8521,76.3711,84.37755,14.3218,51.6138,20.8226,6.0,7.0,8.0,1.4427,1.5424,1.0027,2.2207827586391877,2.0677252259556775,2.9084031013787253,0.5497083196860001,0.5163767470420002,0.656168706626,0.856782,0.483862,0.791774,1.0,1.0,0.0,7.0,7.0,7.0,51.0,56.0,61.0,16.136303870606987,16.918731595847404,17.1850922561209,0.0,10.815328398336652,13.331031462867958,Raghunathganj,TMC,TMC,2,TMC Strongholds (C2),1,0
RAGHUNATHGANJ,0.329422,0.6658719999999999,0.456494,0.060651000000000004,0.149734,0.18064800000000003,0.5807249999999999,0.071987,0.317403,0.029202,0.112407,0.045454999999999995,79.8521,76.3711,84.37755,14.3218,51.6138,20.8226,6.0,7.0,8.0,1.4427,1.5424,1.0027,2.2207827586391877,2.0677252259556775,2.9084031013787253,0.5497083196860001,0.5163767470420002,0.656168706626,0.856782,0.483862,0.791774,1.0,1.0,0.0,7.0,7.0,7.0,51.0,56.0,61.0,16.136303870606987,16.918731595847404,17.1850922561209,0.0,10.815328398336652,13.331031462867958,RaghunathGanj,TMC,TMC,2,TMC Strongholds (C2),1,0
RAGHUNATHGANJ,0.329422,0.6658719999999999,0.456494,0.060651000000000004,0.149734,0.18064800000000003,0.5807249999999999,0.071987,0.317403,0.029202,0.112407,0.045454999999999995,79.8521,76.3711,84.37755,14.3218,51.6138,20.8226,6.0,7.0,8.0,1.4427,1.5424,1.0027,2.2207827586391877,2.0677252259556775,2.9084031013787253,0.5497083196860001,0.5163767470420002,0.656168706626,0.856782,0.483862,0.791774,1.0,1.0,0.0,7.0,7.0,7.0,51.0,56.0,61.0,16.136303870606987,16.918731595847404,17.1850922561209,0.0,10.815328398336652,13.331031462867958,RAGHUNATHGANJ,TMC,TMC,2,TMC Strongholds (C2),1,0
RAGHUNATHPUR,0.433877,0.420756,0.35647599999999996,0.129155,0.446085,0.544416,0.02418,0.086483,0.069376,0.412788,0.046676,0.029731999999999998,82.3109,82.9641,84.37755,8.3687,2.5329,18.794,6.0,7.0,8.0,2.671,1.6568,1.3654,2.660219213968563,2.592786783505282,2.330128175367808,0.624091129502,0.6143146029740001,0.5708390591679999,0.9163129999999999,0.974671,0.81206,1.0,1.0,1.0,6.0,6.0,6.0,56.0,56.0,56.0,0.0,0.0,0.0,0.0,0.0,0.0,Raghunathpur,BJP,BJP,3,TMC Strongholds (C3),0,3
RAGHUNATHPUR,0.433877,0.420756,0.35647599999999996,0.129155,0.446085,0.544416,0.02418,0.086483,0.069376,0.412788,0.046676,0.029731999999999998,82.3109,82.9641,84.37755,8.3687,2.5329,18.794,6.0,7.0,8.0,2.671,1.6568,1.3654,2.660219213968563,2.592786783505282,2.330128175367808,0.624091129502,0.6143146029740001,0.5708390591679999,0.9163129999999999,0.974671,0.81206,1.0,1.0,1.0,6.0,6.0,6.0,56.0,56.0,56.0,0.0,0.0,0.0,0.0,0.0,0.0,RAGHUNATHPUR,BJP,BJP,3,TMC Strongholds (C3),0,3
RAIDIGHI,0.46480899999999997,0.484698,0.461612,0.035393,0.33570300000000003,0.438502,0.0208,0.166693,0.083271,0.478998,0.012905999999999999,0.016615,89.3025,87.6213,84.37755,0.5647,14.8995,2.311,9.0,7.0,13.0,0.7857,0.6124,0.4469,2.236276999866672,2.6625359976839156,2.423773767965041,0.5528282050660001,0.6244182235019999,0.587420239786,0.994353,0.851005,0.97689,0.0,1.0,0.0,5.0,7.0,7.0,54.0,54.0,65.0,15.411030868321385,17.327732872141095,14.9812498896546,0.0,15.828188972571283,0.0,Raidighi,TMC,TMC,0,TMC Strongholds (C0),2,2
RAIDIGHI,0.46480899999999997,0.484698,0.461612,0.035393,0.33570300000000003,0.438502,0.0208,0.166693,0.083271,0.478998,0.012905999999999999,0.016615,89.3025,87.6213,84.37755,0.5647,14.8995,2.311,9.0,7.0,13.0,0.7857,0.6124,0.4469,2.236276999866672,2.6625359976839156,2.423773767965041,0.5528282050660001,0.6244182235019999,0.587420239786,0.994353,0.851005,0.97689,0.0,1.0,0.0,5.0,7.0,7.0,54.0,54.0,65.0,15.411030868321385,17.327732872141095,14.9812498896546,0.0,15.828188972571283,0.0,RAIDIGHI,TMC,TMC,0,TMC Strongholds (C0),2,2
RAIGANJ,0.24627300000000002,0.365839,0.284702,0.08688900000000001,0.494431,0.6405249999999999,0.59309,0.10741400000000001,0.050296,0.073748,0.032316,0.024477000000000002,83.3863,81.4282,84.37755,34.3552,12.8592,35.5823,8.0,12.0,14.0,1.3307,1.5296,1.0036,2.3507585416686565,2.5583150065722187,2.022423353697342,0.574605395546,0.6091177210659999,0.5055436844260002,0.6564479999999999,0.871408,0.644177,3.0,0.0,0.0,6.0,6.0,6.0,65.0,42.0,53.0,15.755373028047071,17.88332752087051,10.368729864680153,11.626816492133408,15.996809097645077,0.0,Raiganj,BJP,BJP,0,TMC Strongholds (C0),3,2
RAIGANJ,0.24627300000000002,0.365839,0.284702,0.08688900000000001,0.494431,0.6405249999999999,0.59309,0.10741400000000001,0.050296,0.073748,0.032316,0.024477000000000002,83.3863,81.4282,84.37755,34.3552,12.8592,35.5823,8.0,12.0,14.0,1.3307,1.5296,1.0036,2.3507585416686565,2.5583150065722187,2.022423353697342,0.574605395546,0.6091177210659999,0.5055436844260002,0.6564479999999999,0.871408,0.644177,3.0,0.0,0.0,6.0,6.0,6.0,65.0,42.0,53.0,15.755373028047071,17.88332752087051,10.368729864680153,11.626816492133408,15.996809097645077,0.0,RAIGANJ,BJP,BJP,0,TMC Strongholds (C0),3,2
RAINA,0.457672,0.474556,0.44010800000000005,0.070788,0.395115,0.443684,0.0,0.11054,0.09283799999999999,0.47154,0.019789,0.023370000000000002,87.6071,88.6682,84.37755,0.2174,7.9441,0.3576,3.0,5.0,8.0,1.6041,0.682,0.6182,2.2892485079959655,2.538522352883547,2.5017787980991777,0.563175427872,0.606070043518,0.6002844053359999,0.997826,0.920559,0.996424,1.0,1.0,1.0,6.0,6.0,6.0,56.0,56.0,56.0,0.0,0.0,0.0,0.0,0.0,0.0,Raina,TMC,BJP,3,TMC Strongholds (C3),0,3
RAINA,0.457672,0.474556,0.44010800000000005,0.070788,0.395115,0.443684,0.0,0.11054,0.09283799999999999,0.47154,0.019789,0.023370000000000002,87.6071,88.6682,84.37755,0.2174,7.9441,0.3576,3.0,5.0,8.0,1.6041,0.682,0.6182,2.2892485079959655,2.538522352883547,2.5017787980991777,0.563175427872,0.606070043518,0.6002844053359999,0.997826,0.920559,0.996424,1.0,1.0,1.0,6.0,6.0,6.0,56.0,56.0,56.0,0.0,0.0,0.0,0.0,0.0,0.0,RAINA,TMC,BJP,3,TMC Strongholds (C3),0,3
RAIPUR,0.506655,0.5195649999999999,0.393412,0.080825,0.41981999999999997,0.530138,0.0,0.0053890000000000006,0.046481,0.41252,0.055226,0.029969000000000003,86.7041,86.8297,84.37755,15.0698,9.9745,13.6726,7.0,5.0,9.0,1.8131,1.5354,0.8701,2.3073122043632437,2.225805402790565,2.2785379322720796,0.56659527995,0.550724425978,0.56112207489,0.849302,0.900255,0.863274,1.0,1.0,1.0,6.0,6.0,6.0,56.0,56.0,56.0,0.0,0.0,0.0,0.0,0.0,0.0,Raipur,TMC,BJP,3,TMC Strongholds (C3),0,3
RAIPUR,0.506655,0.5195649999999999,0.393412,0.080825,0.41981999999999997,0.530138,0.0,0.0053890000000000006,0.046481,0.41252,0.055226,0.029969000000000003,86.7041,86.8297,84.37755,15.0698,9.9745,13.6726,7.0,5.0,9.0,1.8131,1.5354,0.8701,2.3073122043632437,2.225805402790565,2.2785379322720796,0.56659527995,0.550724425978,0.56112207489,0.849302,0.900255,0.863274,1.0,1.0,1.0,6.0,6.0,6.0,56.0,56.0,56.0,0.0,0.0,0.0,0.0,0.0,0.0,RAIPUR,TMC,BJP,3,TMC Strongholds (C3),0,3
RAJARHAT GOPALPUR,0.443012,0.490424,0.37561900000000004,0.11978899999999999,0.348886,0.517432,0.0,0.13969099999999998,0.093853,0.437199,0.020999,0.013096000000000002,71.709,69.5794,84.37755,4.1835,14.1538,14.1813,5.0,12.0,12.0,2.3005,1.2634,0.8011,2.4890977378076635,2.616488184762005,2.3934587808747985,0.598247997734,0.6178083257460001,0.5821946013899999,0.958165,0.8584620000000001,0.858187,0.0,0.0,3.0,6.0,7.0,7.0,64.0,32.0,37.0,14.989909123929529,16.11047720414898,17.07167022145472,0.0,14.03225689063936,15.607270193858982,Rajarhat gopalpur,TMC,BJP,0,TMC Strongholds (C0),3,2
RAJARHAT GOPALPUR,0.443012,0.490424,0.37561900000000004,0.11978899999999999,0.348886,0.517432,0.0,0.13969099999999998,0.093853,0.437199,0.020999,0.013096000000000002,71.709,69.5794,84.37755,4.1835,14.1538,14.1813,5.0,12.0,12.0,2.3005,1.2634,0.8011,2.4890977378076635,2.616488184762005,2.3934587808747985,0.598247997734,0.6178083257460001,0.5821946013899999,0.958165,0.8584620000000001,0.858187,0.0,0.0,3.0,6.0,7.0,7.0,64.0,32.0,37.0,14.989909123929529,16.11047720414898,17.07167022145472,0.0,14.03225689063936,15.607270193858982,Rajarhat Gopalpur,TMC,BJP,0,TMC Strongholds (C0),3,2
RAJARHAT GOPALPUR,0.443012,0.490424,0.37561900000000004,0.11978899999999999,0.348886,0.517432,0.0,0.13969099999999998,0.093853,0.437199,0.020999,0.013096000000000002,71.709,69.5794,84.37755,4.1835,14.1538,14.1813,5.0,12.0,12.0,2.3005,1.2634,0.8011,2.4890977378076635,2.616488184762005,2.3934587808747985,0.598247997734,0.6178083257460001,0.5821946013899999,0.958165,0.8584620000000001,0.858187,0.0,0.0,3.0,6.0,7.0,7.0,64.0,32.0,37.0,14.989909123929529,16.11047720414898,17.07167022145472,0.0,14.03225689063936,15.607270193858982,RAJARHAT GOPALPUR,TMC,BJP,0,TMC Strongholds (C0),3,2
RAJARHAT NEW TOWN,0.45588500000000004,0.542234,0.42068399999999995,0.089884,0.302002,0.421935,0.0,0.13427899999999998,0.135846,0.454231,0.021484999999999997,0.021535000000000002,84.2947,81.3308,84.37755,4.6221,24.0232,0.1251,6.0,6.0,13.0,1.1725,0.865,0.7095,2.36834338818381,2.476992616166747,2.6743540866343856,0.5777639319579999,0.596284626174,0.626077935978,0.953779,0.759768,0.998749,0.0,2.0,12.0,7.0,6.0,4.0,50.0,59.0,43.0,16.97586852772377,17.44038785373906,18.064548524140818,13.577882612449091,0.0,17.50563925644743,Rajarhat new town,TMC,BJP,0,TMC Strongholds (C0),2,2
RAJARHAT NEW TOWN,0.45588500000000004,0.542234,0.42068399999999995,0.089884,0.302002,0.421935,0.0,0.13427899999999998,0.135846,0.454231,0.021484999999999997,0.021535000000000002,84.2947,81.3308,84.37755,4.6221,24.0232,0.1251,6.0,6.0,13.0,1.1725,0.865,0.7095,2.36834338818381,2.476992616166747,2.6743540866343856,0.5777639319579999,0.596284626174,0.626077935978,0.953779,0.759768,0.998749,0.0,2.0,12.0,7.0,6.0,4.0,50.0,59.0,43.0,16.97586852772377,17.44038785373906,18.064548524140818,13.577882612449091,0.0,17.50563925644743,Rajarhat New Town,TMC,BJP,0,TMC Strongholds (C0),2,2
RAJARHAT NEW TOWN,0.45588500000000004,0.542234,0.42068399999999995,0.089884,0.302002,0.421935,0.0,0.13427899999999998,0.135846,0.454231,0.021484999999999997,0.021535000000000002,84.2947,81.3308,84.37755,4.6221,24.0232,0.1251,6.0,6.0,13.0,1.1725,0.865,0.7095,2.36834338818381,2.476992616166747,2.6743540866343856,0.5777639319579999,0.596284626174,0.626077935978,0.953779,0.759768,0.998749,0.0,2.0,12.0,7.0,6.0,4.0,50.0,59.0,43.0,16.97586852772377,17.44038785373906,18.064548524140818,13.577882612449091,0.0,17.50563925644743,RAJARHAT NEW TOWN,TMC,BJP,0,TMC Strongholds (C0),2,2
RAJGANJ,0.461546,0.48499899999999996,0.41528,0.091559,0.411893,0.510997,0.015561,0.063558,0.039598,0.431334,0.03955,0.034125,89.8838,89.1278,84.37755,7.5448,7.3106,9.5717,6.0,8.0,13.0,1.8121,1.4716,0.5892,2.452790377872719,2.4361503548516072,2.291959261042286,0.5923010751259999,0.589516304686,0.5636920703620001,0.924552,0.926894,0.904283,0.0,1.0,1.0,5.0,6.0,6.0,65.0,56.0,56.0,15.335726360629716,0.0,0.0,13.03305773423396,0.0,0.0,Rajganj,TMC,BJP,3,TMC Strongholds (C3),0,2
RAJGANJ,0.461546,0.48499899999999996,0.41528,0.091559,0.411893,0.510997,0.015561,0.063558,0.039598,0.431334,0.03955,0.034125,89.8838,89.1278,84.37755,7.5448,7.3106,9.5717,6.0,8.0,13.0,1.8121,1.4716,0.5892,2.452790377872719,2.4361503548516072,2.291959261042286,0.5923010751259999,0.589516304686,0.5636920703620001,0.924552,0.926894,0.904283,0.0,1.0,1.0,5.0,6.0,6.0,65.0,56.0,56.0,15.335726360629716,0.0,0.0,13.03305773423396,0.0,0.0,RAJGANJ,TMC,BJP,3,TMC Strongholds (C3),0,2
RAMNAGAR,0.52986,0.507169,0.428313,0.060299,0.450802,0.538339,0.0,0.034653,0.023991,0.40984099999999996,0.007376000000000001,0.009356999999999999,84.1199,83.8943,84.37755,13.9802,5.6367,11.0026,6.0,5.0,7.0,0.8382,0.5553,0.5216,2.21064221861565,2.1659176359801386,2.11004284284541,0.547642765718,0.5383019264500001,0.52607597358,0.860198,0.9436329999999999,0.889974,8.0,1.0,0.0,5.0,6.0,7.0,57.0,62.0,43.0,15.361125852940601,15.77437345679186,15.436925063825962,0.0,0.0,13.195057922569148,Ramnagar,TMC,BJP,0,TMC Strongholds (C0),2,2
RAMNAGAR,0.52986,0.507169,0.428313,0.060299,0.450802,0.538339,0.0,0.034653,0.023991,0.40984099999999996,0.007376000000000001,0.009356999999999999,84.1199,83.8943,84.37755,13.9802,5.6367,11.0026,6.0,5.0,7.0,0.8382,0.5553,0.5216,2.21064221861565,2.1659176359801386,2.11004284284541,0.547642765718,0.5383019264500001,0.52607597358,0.860198,0.9436329999999999,0.889974,8.0,1.0,0.0,5.0,6.0,7.0,57.0,62.0,43.0,15.361125852940601,15.77437345679186,15.436925063825962,0.0,0.0,13.195057922569148,RAMNAGAR,TMC,BJP,0,TMC Strongholds (C0),2,2
RAMPURHAT,0.436791,0.475219,0.375175,0.130268,0.436235,0.478857,0.35140099999999996,0.058286,0.10727600000000001,0.08154,0.03026,0.038692000000000004,85.5607,83.4762,84.37755,10.8381,3.8984,10.3682,9.0,6.0,14.0,2.0716,1.5557,1.3533,2.9595643841991155,2.3784210694156487,2.6105194874324367,0.6621124360940001,0.579553001418,0.6169344818860001,0.8916189999999999,0.961016,0.896318,0.0,0.0,16.0,8.0,8.0,6.0,64.0,69.0,46.0,16.585559557837755,16.707397556192657,17.13108552485475,0.0,0.0,0.0,Rampurhat,TMC,BJP,0,TMC Strongholds (C0),3,2
RAMPURHAT,0.436791,0.475219,0.375175,0.130268,0.436235,0.478857,0.35140099999999996,0.058286,0.10727600000000001,0.08154,0.03026,0.038692000000000004,85.5607,83.4762,84.37755,10.8381,3.8984,10.3682,9.0,6.0,14.0,2.0716,1.5557,1.3533,2.9595643841991155,2.3784210694156487,2.6105194874324367,0.6621124360940001,0.579553001418,0.6169344818860001,0.8916189999999999,0.961016,0.896318,0.0,0.0,16.0,8.0,8.0,6.0,64.0,69.0,46.0,16.585559557837755,16.707397556192657,17.13108552485475,0.0,0.0,0.0,RAMPURHAT,TMC,BJP,0,TMC Strongholds (C0),3,2
RANAGHAT DAKSHIN,0.39644199999999996,0.425116,0.32467100000000004,0.082631,0.493448,0.601715,0.0,0.068018,0.057949,0.520927,0.013418000000000001,0.015665,85.0293,84.7598,84.37755,7.8703,6.8332,27.7044,8.0,5.0,8.0,1.6605,0.6525,0.5256,2.296954500267689,2.330888051158031,2.1228011677990772,0.564640919146,0.570978966792,0.528924321708,0.921297,0.9316679999999999,0.7229559999999999,1.0,1.0,1.0,6.0,6.0,6.0,56.0,56.0,56.0,0.0,0.0,0.0,0.0,0.0,0.0,Ranaghat Dakshin,BJP,BJP,3,TMC Strongholds (C3),0,3
RANAGHAT DAKSHIN,0.39644199999999996,0.425116,0.32467100000000004,0.082631,0.493448,0.601715,0.0,0.068018,0.057949,0.520927,0.013418000000000001,0.015665,85.0293,84.7598,84.37755,7.8703,6.8332,27.7044,8.0,5.0,8.0,1.6605,0.6525,0.5256,2.296954500267689,2.330888051158031,2.1228011677990772,0.564640919146,0.570978966792,0.528924321708,0.921297,0.9316679999999999,0.7229559999999999,1.0,1.0,1.0,6.0,6.0,6.0,56.0,56.0,56.0,0.0,0.0,0.0,0.0,0.0,0.0,RANAGHAT DAKSHIN,BJP,BJP,3,TMC Strongholds (C3),0,3
RANAGHAT UTTAR PASCHIM,0.40927199999999997,0.405519,0.329265,0.048555,0.509142,0.594312,0.52646,0.051135,0.055998,0.015712999999999998,0.034204,0.020425,86.4897,83.9557,84.37755,11.1214,10.3623,26.5047,5.0,9.0,10.0,0.8685,1.0117,0.8483,2.2357950484267115,2.339422411961426,2.149727902649903,0.552731812022,0.572544062634,0.5348248498020001,0.888786,0.896377,0.734953,0.0,0.0,0.0,3.0,7.0,7.0,66.0,67.0,72.0,16.22233385706232,15.424241220356015,15.454837897589117,0.0,14.688320764554838,13.757545583647738,Ranaghat Uttar paschim,BJP,BJP,0,TMC Strongholds (C0),2,2
RANAGHAT UTTAR PASCHIM,0.40927199999999997,0.405519,0.329265,0.048555,0.509142,0.594312,0.52646,0.051135,0.055998,0.015712999999999998,0.034204,0.020425,86.4897,83.9557,84.37755,11.1214,10.3623,26.5047,5.0,9.0,10.0,0.8685,1.0117,0.8483,2.2357950484267115,2.339422411961426,2.149727902649903,0.552731812022,0.572544062634,0.5348248498020001,0.888786,0.896377,0.734953,0.0,0.0,0.0,3.0,7.0,7.0,66.0,67.0,72.0,16.22233385706232,15.424241220356015,15.454837897589117,0.0,14.688320764554838,13.757545583647738,Ranaghat Uttar Paschim,BJP,BJP,0,TMC Strongholds (C0),2,2
RANAGHAT UTTAR PASCHIM,0.40927199999999997,0.405519,0.329265,0.048555,0.509142,0.594312,0.52646,0.051135,0.055998,0.015712999999999998,0.034204,0.020425,86.4897,83.9557,84.37755,11.1214,10.3623,26.5047,5.0,9.0,10.0,0.8685,1.0117,0.8483,2.2357950484267115,2.339422411961426,2.149727902649903,0.552731812022,0.572544062634,0.5348248498020001,0.888786,0.896377,0.734953,0.0,0.0,0.0,3.0,7.0,7.0,66.0,67.0,72.0,16.22233385706232,15.424241220356015,15.454837897589117,0.0,14.688320764554838,13.757545583647738,RANAGHAT UTTAR PASCHIM,BJP,BJP,0,TMC Strongholds (C0),2,2
RANAGHAT UTTAR PURBA,0.481289,0.395854,0.35238100000000006,0.079859,0.543859,0.597149,0.007724,0.0,0.027555999999999997,0.431128,0.060287,0.022914,81.1023,81.158,84.37755,7.7304,14.8005,24.4768,6.0,8.0,11.0,0.8493,1.0986,0.8415,2.358782220769669,2.1924174107187104,2.0745007922744576,0.576052426038,0.543882476434,0.5179563181059998,0.922696,0.8519950000000001,0.755232,1.0,1.0,1.0,6.0,6.0,6.0,56.0,56.0,56.0,0.0,0.0,0.0,0.0,0.0,0.0,Ranaghat Uttar Purba,BJP,BJP,3,TMC Strongholds (C3),0,3
RANAGHAT UTTAR PURBA,0.481289,0.395854,0.35238100000000006,0.079859,0.543859,0.597149,0.007724,0.0,0.027555999999999997,0.431128,0.060287,0.022914,81.1023,81.158,84.37755,7.7304,14.8005,24.4768,6.0,8.0,11.0,0.8493,1.0986,0.8415,2.358782220769669,2.1924174107187104,2.0745007922744576,0.576052426038,0.543882476434,0.5179563181059998,0.922696,0.8519950000000001,0.755232,1.0,1.0,1.0,6.0,6.0,6.0,56.0,56.0,56.0,0.0,0.0,0.0,0.0,0.0,0.0,RANAGHAT UTTAR PURBA,BJP,BJP,3,TMC Strongholds (C3),0,3
RANIBANDH,0.474844,0.430591,0.333052,0.096431,0.411938,0.553756,0.027919,0.109651,0.06717100000000001,0.400806,0.04782,0.046021,83.898,83.5092,84.37755,12.009,1.8653,22.0704,7.0,7.0,13.0,2.4051,2.0012,1.64,2.52397344247366,2.7070074347540096,2.3573829412006972,0.603799317706,0.630588380674,0.575800782078,0.87991,0.981347,0.779296,1.0,1.0,1.0,6.0,6.0,6.0,56.0,56.0,56.0,0.0,0.0,0.0,0.0,0.0,0.0,Ranibandh,TMC,BJP,3,TMC Strongholds (C3),0,3
RANIBANDH,0.474844,0.430591,0.333052,0.096431,0.411938,0.553756,0.027919,0.109651,0.06717100000000001,0.400806,0.04782,0.046021,83.898,83.5092,84.37755,12.009,1.8653,22.0704,7.0,7.0,13.0,2.4051,2.0012,1.64,2.52397344247366,2.7070074347540096,2.3573829412006972,0.603799317706,0.630588380674,0.575800782078,0.87991,0.981347,0.779296,1.0,1.0,1.0,6.0,6.0,6.0,56.0,56.0,56.0,0.0,0.0,0.0,0.0,0.0,0.0,RANIBANDH,TMC,BJP,3,TMC Strongholds (C3),0,3
RANIGANJ,0.353316,0.428975,0.40527500000000005,0.181787,0.409459,0.495796,0.0,0.119027,0.074169,0.464897,0.042539,0.02476,77.272,72.6665,84.37755,6.989,1.9516,9.0521,5.0,7.0,8.0,1.5282,1.1009,1.2479,2.6737401007616093,2.7199544433951184,2.402831896542126,0.625992070166,0.632346783444,0.583824402598,0.93011,0.980484,0.909479,5.0,7.0,0.0,5.0,7.0,7.0,62.0,67.0,47.0,14.387482267560705,15.90832848555555,18.99540472336872,0.0,0.0,15.072233959296291,Raniganj,TMC,BJP,0,TMC Strongholds (C0),3,2
RANIGANJ,0.353316,0.428975,0.40527500000000005,0.181787,0.409459,0.495796,0.0,0.119027,0.074169,0.464897,0.042539,0.02476,77.272,72.6665,84.37755,6.989,1.9516,9.0521,5.0,7.0,8.0,1.5282,1.1009,1.2479,2.6737401007616093,2.7199544433951184,2.402831896542126,0.625992070166,0.632346783444,0.583824402598,0.93011,0.980484,0.909479,5.0,7.0,0.0,5.0,7.0,7.0,62.0,67.0,47.0,14.387482267560705,15.90832848555555,18.99540472336872,0.0,0.0,15.072233959296291,RANIGANJ,TMC,BJP,0,TMC Strongholds (C0),3,2
RANINAGAR,0.33012099999999994,0.607871,0.323446,0.050994000000000005,0.09520899999999999,0.095817,0.592045,0.251135,0.5424869999999999,0.026840000000000003,0.045785,0.03825,84.8599,86.7494,84.37755,25.4532,35.8993,1.1387,6.0,12.0,14.0,0.9022,1.2495,0.9443,2.1606768764284383,2.2535873465672784,2.4416839195710187,0.537182069698,0.5562630392279999,0.5904465799260001,0.745468,0.6410070000000001,0.988613,0.0,2.0,0.0,7.0,5.0,4.0,47.0,38.0,42.0,16.040823493430505,18.421389912432947,19.053507731040366,0.0,16.753056412991928,17.68259316236635,Raninagar,TMC,LEFT,2,TMC Strongholds (C2),1,0
RANINAGAR,0.33012099999999994,0.607871,0.323446,0.050994000000000005,0.09520899999999999,0.095817,0.592045,0.251135,0.5424869999999999,0.026840000000000003,0.045785,0.03825,84.8599,86.7494,84.37755,25.4532,35.8993,1.1387,6.0,12.0,14.0,0.9022,1.2495,0.9443,2.1606768764284383,2.2535873465672784,2.4416839195710187,0.537182069698,0.5562630392279999,0.5904465799260001,0.745468,0.6410070000000001,0.988613,0.0,2.0,0.0,7.0,5.0,4.0,47.0,38.0,42.0,16.040823493430505,18.421389912432947,19.053507731040366,0.0,16.753056412991928,17.68259316236635,RANINAGAR,TMC,LEFT,2,TMC Strongholds (C2),1,0
RASHBEHARI,0.44145,0.527934,0.383664,0.169603,0.355872,0.533974,0.34556800000000004,0.08726,0.064042,0.043379,0.028934,0.01832,66.9394,60.5811,84.37755,10.5566,17.2062,15.031,7.0,12.0,9.0,2.8087,1.3354,0.9336,2.8990359108674024,2.4165640617361155,2.2895696712237172,0.655057739626,0.586189327304,0.563236702264,0.894434,0.8279380000000001,0.8496900000000001,0.0,0.0,0.0,7.0,5.0,8.0,72.0,61.0,70.0,16.579993265054625,17.892706045104358,18.20749218932202,0.0,16.114890620330392,0.0,Rashbehari,TMC,BJP,2,TMC Strongholds (C2),3,2
RASHBEHARI,0.44145,0.527934,0.383664,0.169603,0.355872,0.533974,0.34556800000000004,0.08726,0.064042,0.043379,0.028934,0.01832,66.9394,60.5811,84.37755,10.5566,17.2062,15.031,7.0,12.0,9.0,2.8087,1.3354,0.9336,2.8990359108674024,2.4165640617361155,2.2895696712237172,0.655057739626,0.586189327304,0.563236702264,0.894434,0.8279380000000001,0.8496900000000001,0.0,0.0,0.0,7.0,5.0,8.0,72.0,61.0,70.0,16.579993265054625,17.892706045104358,18.20749218932202,0.0,16.114890620330392,0.0,RASHBEHARI,TMC,BJP,2,TMC Strongholds (C2),3,2
RATUA,0.286242,0.596282,0.458244,0.138235,0.251081,0.318575,0.518593,0.073799,0.191092,0.056929999999999994,0.078838,0.032089,77.7475,77.7469,84.37755,23.2351,34.5201,13.9669,7.0,9.0,14.0,1.171,0.9359,0.6207,2.6793623978483723,2.3241997681483695,2.8651369941923255,0.626776877662,0.56974438527,0.6509765494540001,0.767649,0.654799,0.860331,0.0,0.0,0.0,5.0,5.0,5.0,73.0,78.0,84.0,15.508037180446733,15.690664649380041,15.55487279035114,0.0,13.990304687967647,0.0,Ratua,TMC,TMC,2,TMC Strongholds (C2),1,0
RATUA,0.286242,0.596282,0.458244,0.138235,0.251081,0.318575,0.518593,0.073799,0.191092,0.056929999999999994,0.078838,0.032089,77.7475,77.7469,84.37755,23.2351,34.5201,13.9669,7.0,9.0,14.0,1.171,0.9359,0.6207,2.6793623978483723,2.3241997681483695,2.8651369941923255,0.626776877662,0.56974438527,0.6509765494540001,0.767649,0.654799,0.860331,0.0,0.0,0.0,5.0,5.0,5.0,73.0,78.0,84.0,15.508037180446733,15.690664649380041,15.55487279035114,0.0,13.990304687967647,0.0,RATUA,TMC,TMC,2,TMC Strongholds (C2),1,0
REJINAGAR,0.079089,0.563064,0.17433700000000002,0.058224,0.238666,0.27021,0.438731,0.183516,0.023365,0.423956,0.014754,0.532088,82.2747,81.103,84.37755,3.0056,32.4398,24.604,7.0,6.0,8.0,1.1622,0.7413,0.6828,2.6187012469664355,2.4515913045305315,2.5835093788772237,0.618131315606,0.592101669576,0.612929603362,0.969944,0.675602,0.75396,1.0,1.0,4.0,6.0,6.0,6.0,56.0,61.0,63.0,16.05840700348121,16.478379415264463,17.609084430942815,12.555996854445368,0.0,0.0,Rejinagar,TMC,OTHERS,2,TMC Strongholds (C2),1,0
REJINAGAR,0.079089,0.563064,0.17433700000000002,0.058224,0.238666,0.27021,0.438731,0.183516,0.023365,0.423956,0.014754,0.532088,82.2747,81.103,84.37755,3.0056,32.4398,24.604,7.0,6.0,8.0,1.1622,0.7413,0.6828,2.6187012469664355,2.4515913045305315,2.5835093788772237,0.618131315606,0.592101669576,0.612929603362,0.969944,0.675602,0.75396,1.0,1.0,4.0,6.0,6.0,6.0,56.0,61.0,63.0,16.05840700348121,16.478379415264463,17.609084430942815,12.555996854445368,0.0,0.0,REJINAGAR,TMC,OTHERS,2,TMC Strongholds (C2),1,0
SABANG,0.36298,0.474587,0.45328,0.026167,0.43282600000000004,0.49655299999999997,0.603908,0.080122,0.04069,0.006945,0.012464999999999999,0.009477,88.7219,89.2686,84.37755,22.9332,4.1761,4.3273,4.0,5.0,8.0,0.6945,0.6494,0.5071,2.011294230560481,2.385803071047099,2.203744413771275,0.502807702222,0.580853922046,0.546226870162,0.770668,0.958239,0.956727,0.0,0.0,1.0,7.0,7.0,5.0,64.0,68.0,72.0,17.368676526133083,18.112716042622075,15.874715335624218,13.89132742626572,14.77102238760702,0.0,SABANG,TMC,BJP,0,TMC Strongholds (C0),2,2
SABANG,0.36298,0.474587,0.45328,0.026167,0.43282600000000004,0.49655299999999997,0.603908,0.080122,0.04069,0.006945,0.012464999999999999,0.009477,88.7219,89.2686,84.37755,22.9332,4.1761,4.3273,4.0,5.0,8.0,0.6945,0.6494,0.5071,2.011294230560481,2.385803071047099,2.203744413771275,0.502807702222,0.580853922046,0.546226870162,0.770668,0.958239,0.956727,0.0,0.0,1.0,7.0,7.0,5.0,64.0,68.0,72.0,17.368676526133083,18.112716042622075,15.874715335624218,13.89132742626572,14.77102238760702,0.0,Sabang,TMC,BJP,0,TMC Strongholds (C0),2,2
SAGAR,0.5179469999999999,0.539598,0.464617,0.032951,0.414754,0.49515099999999995,0.002245,0.041361,0.035051,0.44685699999999995,0.004287,0.005181,89.6118,87.2344,84.37755,8.2968,12.4844,3.0534,6.0,4.0,7.0,0.6758,0.4288,0.2325,2.1320094103691223,2.150926222081321,2.1631027734798436,0.5309589183160002,0.53508400719,0.537701115148,0.9170320000000001,0.875156,0.969466,0.0,0.0,1.0,7.0,7.0,7.0,66.0,71.0,39.0,15.470628469681937,16.022706808060136,15.193777031651917,0.0,0.0,14.669926311652166,Sagar,TMC,BJP,0,TMC Strongholds (C0),2,2
SAGAR,0.5179469999999999,0.539598,0.464617,0.032951,0.414754,0.49515099999999995,0.002245,0.041361,0.035051,0.44685699999999995,0.004287,0.005181,89.6118,87.2344,84.37755,8.2968,12.4844,3.0534,6.0,4.0,7.0,0.6758,0.4288,0.2325,2.1320094103691223,2.150926222081321,2.1631027734798436,0.5309589183160002,0.53508400719,0.537701115148,0.9170320000000001,0.875156,0.969466,0.0,0.0,1.0,7.0,7.0,7.0,66.0,71.0,39.0,15.470628469681937,16.022706808060136,15.193777031651917,0.0,0.0,14.669926311652166,SAGAR,TMC,BJP,0,TMC Strongholds (C0),2,2
SAGARDIGHI,0.262295,0.509533,0.437162,0.043063000000000004,0.240788,0.27218,0.240066,0.19827999999999998,0.052310999999999996,0.454576,0.051399,0.238347,82.9245,78.9383,84.37755,3.0516,26.8745,16.4982,8.0,9.0,10.0,1.1524,0.9127,0.9333,2.985750983010875,2.781180438989897,3.0794027088764864,0.665075886874,0.640440445366,0.675261700226,0.969484,0.731255,0.835018,0.0,0.0,1.0,7.0,7.0,5.0,63.0,71.0,41.0,16.81745459848381,18.200785922296667,19.627316632120657,14.469698591159624,14.581020259692837,18.19314845118557,Sagardighi,TMC,TMC,2,TMC Strongholds (C2),1,0
SAGARDIGHI,0.262295,0.509533,0.437162,0.043063000000000004,0.240788,0.27218,0.240066,0.19827999999999998,0.052310999999999996,0.454576,0.051399,0.238347,82.9245,78.9383,84.37755,3.0516,26.8745,16.4982,8.0,9.0,10.0,1.1524,0.9127,0.9333,2.985750983010875,2.781180438989897,3.0794027088764864,0.665075886874,0.640440445366,0.675261700226,0.969484,0.731255,0.835018,0.0,0.0,1.0,7.0,7.0,5.0,63.0,71.0,41.0,16.81745459848381,18.200785922296667,19.627316632120657,14.469698591159624,14.581020259692837,18.19314845118557,SAGARDIGHI,TMC,TMC,2,TMC Strongholds (C2),1,0
SAINTHIA,0.521672,0.498373,0.434324,0.12125899999999999,0.429669,0.477056,0.0077410000000000005,0.05465,0.059433999999999994,0.349328,0.017308,0.029186,86.9136,86.7319,84.37755,19.4845,6.8704,4.2732,5.0,5.0,9.0,1.3115,0.7852,0.6431,2.4453740405450266,2.2921202454629404,2.3775333348132004,0.59106460467,0.5637227139459999,0.5793960129360001,0.805155,0.931296,0.957268,1.0,1.0,1.0,6.0,6.0,6.0,56.0,56.0,56.0,0.0,0.0,0.0,0.0,0.0,0.0,Sainthia,TMC,BJP,3,TMC Strongholds (C3),0,3
SAINTHIA,0.521672,0.498373,0.434324,0.12125899999999999,0.429669,0.477056,0.0077410000000000005,0.05465,0.059433999999999994,0.349328,0.017308,0.029186,86.9136,86.7319,84.37755,19.4845,6.8704,4.2732,5.0,5.0,9.0,1.3115,0.7852,0.6431,2.4453740405450266,2.2921202454629404,2.3775333348132004,0.59106460467,0.5637227139459999,0.5793960129360001,0.805155,0.931296,0.957268,1.0,1.0,1.0,6.0,6.0,6.0,56.0,56.0,56.0,0.0,0.0,0.0,0.0,0.0,0.0,SAINTHIA,TMC,BJP,3,TMC Strongholds (C3),0,3
SALBONI,0.539126,0.5057079999999999,0.44136600000000004,0.107235,0.374711,0.498568,0.0055130000000000005,0.08195999999999999,0.016718,0.34812600000000005,0.037621,0.043348000000000005,90.3458,90.213,84.37755,23.6717,13.0997,5.7202,7.0,9.0,6.0,1.1415,0.7885,0.7209,2.361953869215493,2.473522817950404,2.2445049833322117,0.576621705854,0.595718303974,0.554467462792,0.7632829999999999,0.869003,0.942798,1.0,3.0,6.0,6.0,6.0,7.0,39.0,45.0,36.0,15.050029250018078,15.921387339318995,13.739715317018955,0.0,14.832141705855205,8.991562278171614,Salboni,TMC,BJP,0,TMC Strongholds (C0),2,2
SALBONI,0.539126,0.5057079999999999,0.44136600000000004,0.107235,0.374711,0.498568,0.0055130000000000005,0.08195999999999999,0.016718,0.34812600000000005,0.037621,0.043348000000000005,90.3458,90.213,84.37755,23.6717,13.0997,5.7202,7.0,9.0,6.0,1.1415,0.7885,0.7209,2.361953869215493,2.473522817950404,2.2445049833322117,0.576621705854,0.595718303974,0.554467462792,0.7632829999999999,0.869003,0.942798,1.0,3.0,6.0,6.0,6.0,7.0,39.0,45.0,36.0,15.050029250018078,15.921387339318995,13.739715317018955,0.0,14.832141705855205,8.991562278171614,SALBONI,TMC,BJP,0,TMC Strongholds (C0),2,2
SALTORA,0.461998,0.432299,0.38008400000000003,0.0815,0.45277700000000004,0.527161,0.012162,0.080751,0.071518,0.44433999999999996,0.034173,0.021237,86.3741,87.0951,84.37755,6.8083,2.0478,14.7077,6.0,5.0,6.0,2.6101,1.6615,1.2682,2.394232665966014,2.5026405669698204,2.3368395193327802,0.5823296481520001,0.60042204494,0.57207159853,0.931917,0.979522,0.852923,1.0,1.0,1.0,6.0,6.0,6.0,56.0,56.0,56.0,0.0,0.0,0.0,0.0,0.0,0.0,Saltora,BJP,BJP,3,TMC Strongholds (C3),0,3
SALTORA,0.461998,0.432299,0.38008400000000003,0.0815,0.45277700000000004,0.527161,0.012162,0.080751,0.071518,0.44433999999999996,0.034173,0.021237,86.3741,87.0951,84.37755,6.8083,2.0478,14.7077,6.0,5.0,6.0,2.6101,1.6615,1.2682,2.394232665966014,2.5026405669698204,2.3368395193327802,0.5823296481520001,0.60042204494,0.57207159853,0.931917,0.979522,0.852923,1.0,1.0,1.0,6.0,6.0,6.0,56.0,56.0,56.0,0.0,0.0,0.0,0.0,0.0,0.0,SALTORA,BJP,BJP,3,TMC Strongholds (C3),0,3
SAMSERGANJ,0.30430599999999997,0.511274,0.398366,0.071685,0.05727,0.222106,0.010888,0.40655,0.351625,0.613121,0.024906,0.027902999999999997,81.8985,80.0706,84.37755,1.1196,13.9881,4.8813,8.0,7.0,10.0,2.0693,1.6248,1.0641,2.11069858424873,2.3224263127060194,3.008013981899296,0.5262232099540001,0.5694158326879999,0.667554736774,0.988804,0.860119,0.951187,3.0,3.0,0.0,6.0,6.0,5.0,44.0,49.0,43.0,15.26989525007061,16.188311028213825,19.219635081411088,11.415874771350133,12.568501503907846,16.63889101132978,Samserganj,TMC,TMC,2,TMC Strongholds (C2),1,0
SAMSERGANJ,0.30430599999999997,0.511274,0.398366,0.071685,0.05727,0.222106,0.010888,0.40655,0.351625,0.613121,0.024906,0.027902999999999997,81.8985,80.0706,84.37755,1.1196,13.9881,4.8813,8.0,7.0,10.0,2.0693,1.6248,1.0641,2.11069858424873,2.3224263127060194,3.008013981899296,0.5262232099540001,0.5694158326879999,0.667554736774,0.988804,0.860119,0.951187,3.0,3.0,0.0,6.0,6.0,5.0,44.0,49.0,43.0,15.26989525007061,16.188311028213825,19.219635081411088,11.415874771350133,12.568501503907846,16.63889101132978,SAMSERGANJ,TMC,TMC,2,TMC Strongholds (C2),1,0
SANKRAIL,0.446986,0.503712,0.459893,0.145204,0.321712,0.38685899999999995,0.0,0.153714,0.136988,0.40781,0.020862,0.01626,78.9859,80.2029,84.37755,7.6511,18.2,7.3034,8.0,8.0,10.0,1.138,0.8329,0.7718,2.58271345212985,2.622692115753377,2.630253043218846,0.612810318088,0.618712393272,0.619808442926,0.923489,0.8180000000000001,0.926966,1.0,1.0,1.0,6.0,6.0,6.0,56.0,56.0,56.0,0.0,0.0,0.0,0.0,0.0,0.0,Sankrail,TMC,TMC,3,TMC Strongholds (C3),0,3
SANKRAIL,0.446986,0.503712,0.459893,0.145204,0.321712,0.38685899999999995,0.0,0.153714,0.136988,0.40781,0.020862,0.01626,78.9859,80.2029,84.37755,7.6511,18.2,7.3034,8.0,8.0,10.0,1.138,0.8329,0.7718,2.58271345212985,2.622692115753377,2.630253043218846,0.612810318088,0.618712393272,0.619808442926,0.923489,0.8180000000000001,0.926966,1.0,1.0,1.0,6.0,6.0,6.0,56.0,56.0,56.0,0.0,0.0,0.0,0.0,0.0,0.0,SANKRAIL,TMC,TMC,3,TMC Strongholds (C3),0,3
SANTIPUR,0.420222,0.427162,0.337554,0.03746,0.49943600000000005,0.548632,0.517623,0.047594000000000004,0.059999000000000004,0.024695,0.025808,0.053815,88.7832,86.1587,84.37755,9.7401,7.2274,21.1078,6.0,7.0,10.0,0.9501,1.0856,0.4326,2.2394751685916097,2.299723232236927,2.372841170489929,0.553466805962,0.5651650659599999,0.578564291434,0.902599,0.927726,0.788922,1.0,4.0,1.0,7.0,7.0,7.0,36.0,58.0,62.0,16.140400634942907,16.54013714187659,14.336582706337493,0.0,14.457027018794088,0.0,Santipur,BJP,BJP,0,TMC Strongholds (C0),2,2
SANTIPUR,0.420222,0.427162,0.337554,0.03746,0.49943600000000005,0.548632,0.517623,0.047594000000000004,0.059999000000000004,0.024695,0.025808,0.053815,88.7832,86.1587,84.37755,9.7401,7.2274,21.1078,6.0,7.0,10.0,0.9501,1.0856,0.4326,2.2394751685916097,2.299723232236927,2.372841170489929,0.553466805962,0.5651650659599999,0.578564291434,0.902599,0.927726,0.788922,1.0,4.0,1.0,7.0,7.0,7.0,36.0,58.0,62.0,16.140400634942907,16.54013714187659,14.336582706337493,0.0,14.457027018794088,0.0,SANTIPUR,BJP,BJP,0,TMC Strongholds (C0),2,2
SAPTAGRAM,0.489251,0.485603,0.4025,0.091485,0.43475700000000006,0.520968,0.394788,0.043353,0.055391,0.024476,0.036287,0.021141,83.9055,82.2747,84.37755,10.2983,5.0846,11.8468,5.0,8.0,9.0,1.6107,1.5802,0.5601,2.474067530822201,2.336338595689362,2.288701306219927,0.5958073142540001,0.571979848364,0.563070988214,0.897017,0.949154,0.881532,0.0,0.0,4.0,6.0,6.0,4.0,60.0,65.0,45.0,15.547040608522842,16.298859745537406,19.48492226398318,14.537798006590613,12.903042510313785,16.988543094356572,Saptagram,TMC,BJP,0,TMC Strongholds (C0),2,2
SAPTAGRAM,0.489251,0.485603,0.4025,0.091485,0.43475700000000006,0.520968,0.394788,0.043353,0.055391,0.024476,0.036287,0.021141,83.9055,82.2747,84.37755,10.2983,5.0846,11.8468,5.0,8.0,9.0,1.6107,1.5802,0.5601,2.474067530822201,2.336338595689362,2.288701306219927,0.5958073142540001,0.571979848364,0.563070988214,0.897017,0.949154,0.881532,0.0,0.0,4.0,6.0,6.0,4.0,60.0,65.0,45.0,15.547040608522842,16.298859745537406,19.48492226398318,14.537798006590613,12.903042510313785,16.988543094356572,SAPTAGRAM,TMC,BJP,0,TMC Strongholds (C0),2,2
SHIBPUR,0.518585,0.5069279999999999,0.40566800000000003,0.07868,0.328006,0.494229,0.36409199999999997,0.14033099999999998,0.081914,0.038643000000000004,0.024735,0.018189,78.2711,78.0221,84.37755,15.9056,17.8922,8.8561,7.0,10.0,10.0,1.8441,1.0493,0.717,2.4439288754257995,2.5982897749697624,2.4046000550263935,0.590822789462,0.6151314569940001,0.584130426218,0.840944,0.821078,0.911439,2.0,0.0,1.0,5.0,3.0,6.0,79.0,35.0,53.0,15.511195155085357,19.1304770750191,16.948592301002005,0.0,14.106495918547429,15.80527913832473,Shibpur,TMC,BJP,0,TMC Strongholds (C0),3,2
SHIBPUR,0.518585,0.5069279999999999,0.40566800000000003,0.07868,0.328006,0.494229,0.36409199999999997,0.14033099999999998,0.081914,0.038643000000000004,0.024735,0.018189,78.2711,78.0221,84.37755,15.9056,17.8922,8.8561,7.0,10.0,10.0,1.8441,1.0493,0.717,2.4439288754257995,2.5982897749697624,2.4046000550263935,0.590822789462,0.6151314569940001,0.584130426218,0.840944,0.821078,0.911439,2.0,0.0,1.0,5.0,3.0,6.0,79.0,35.0,53.0,15.511195155085357,19.1304770750191,16.948592301002005,0.0,14.106495918547429,15.80527913832473,SHIBPUR,TMC,BJP,0,TMC Strongholds (C0),3,2
SHYAMPUKUR,0.458045,0.54176,0.390646,0.157324,0.32305500000000004,0.515963,0.35073099999999996,0.105157,0.076443,0.0339,0.030028000000000003,0.016948,68.2955,58.3647,84.37755,11.2613,21.8705,12.5317,9.0,12.0,12.0,2.3113,1.0323,0.8067,2.7877089338459564,2.4400473886934373,2.3532020682986197,0.6412824926380001,0.590171893942,0.5750471183620001,0.887387,0.781295,0.874683,0.0,0.0,1.0,7.0,7.0,5.0,51.0,58.0,42.0,17.855112832220954,18.11077030848499,15.783098465913437,0.0,0.0,0.0,Shyampukur,TMC,BJP,2,TMC Strongholds (C2),3,0
SHYAMPUKUR,0.458045,0.54176,0.390646,0.157324,0.32305500000000004,0.515963,0.35073099999999996,0.105157,0.076443,0.0339,0.030028000000000003,0.016948,68.2955,58.3647,84.37755,11.2613,21.8705,12.5317,9.0,12.0,12.0,2.3113,1.0323,0.8067,2.7877089338459564,2.4400473886934373,2.3532020682986197,0.6412824926380001,0.590171893942,0.5750471183620001,0.887387,0.781295,0.874683,0.0,0.0,1.0,7.0,7.0,5.0,51.0,58.0,42.0,17.855112832220954,18.11077030848499,15.783098465913437,0.0,0.0,0.0,SHYAMPUKUR,TMC,BJP,2,TMC Strongholds (C2),3,0
SHYAMPUR,0.533411,0.517394,0.422575,0.039655,0.375381,0.513555,0.40647,0.09648999999999999,0.045894000000000004,0.020464000000000003,0.010735,0.017976000000000002,85.8931,86.1961,84.37755,13.056,14.2013,9.098,7.0,6.0,12.0,0.7484,0.5147,0.4467,2.2136801218623328,2.39215560474874,2.248516046775793,0.5482635498580001,0.581966993278,0.555262235538,0.86944,0.857987,0.9090199999999999,0.0,0.0,2.0,7.0,7.0,8.0,71.0,76.0,49.0,15.229193163484986,15.941831868741783,18.674870340528308,0.0,0.0,16.934161766944843,Shyampur,TMC,BJP,0,TMC Strongholds (C0),2,2
SHYAMPUR,0.533411,0.517394,0.422575,0.039655,0.375381,0.513555,0.40647,0.09648999999999999,0.045894000000000004,0.020464000000000003,0.010735,0.017976000000000002,85.8931,86.1961,84.37755,13.056,14.2013,9.098,7.0,6.0,12.0,0.7484,0.5147,0.4467,2.2136801218623328,2.39215560474874,2.248516046775793,0.5482635498580001,0.581966993278,0.555262235538,0.86944,0.857987,0.9090199999999999,0.0,0.0,2.0,7.0,7.0,8.0,71.0,76.0,49.0,15.229193163484986,15.941831868741783,18.674870340528308,0.0,0.0,16.934161766944843,SHYAMPUR,TMC,BJP,0,TMC Strongholds (C0),2,2
SILIGURI,0.380053,0.301058,0.259123,0.114642,0.500252,0.657831,0.0026079999999999996,0.16352599999999998,0.06367,0.502697,0.035164,0.019376,80.6587,78.4822,84.37755,8.3588,19.9194,39.8708,10.0,10.0,11.0,1.7089,1.1609,0.6668,2.4372758145883346,2.7110171546256785,1.9828851159024072,0.5897058535540001,0.6311347575599999,0.49568434803399997,0.916412,0.800806,0.6012919999999999,5.0,2.0,3.0,6.0,8.0,8.0,66.0,48.0,52.0,14.816767977875598,16.552030230338353,17.03475567463586,0.0,14.859286088603893,13.59262447350263,Siliguri,BJP,BJP,0,TMC Strongholds (C0),3,2
SILIGURI,0.380053,0.301058,0.259123,0.114642,0.500252,0.657831,0.0026079999999999996,0.16352599999999998,0.06367,0.502697,0.035164,0.019376,80.6587,78.4822,84.37755,8.3588,19.9194,39.8708,10.0,10.0,11.0,1.7089,1.1609,0.6668,2.4372758145883346,2.7110171546256785,1.9828851159024072,0.5897058535540001,0.6311347575599999,0.49568434803399997,0.916412,0.800806,0.6012919999999999,5.0,2.0,3.0,6.0,8.0,8.0,66.0,48.0,52.0,14.816767977875598,16.552030230338353,17.03475567463586,0.0,14.859286088603893,13.59262447350263,SILIGURI,BJP,BJP,0,TMC Strongholds (C0),3,2
SINGUR,0.49227400000000004,0.481461,0.41141599999999995,0.072983,0.357982,0.5077349999999999,0.008529,0.14938700000000002,0.061616,0.42621400000000004,0.01117,0.019233,84.5701,85.1535,84.37755,10.4004,12.3479,9.6319,6.0,4.0,9.0,1.5851,1.117,0.8492,2.3288779654260274,2.6150829250402547,2.3189782663842724,0.5706086729979999,0.6176029484860001,0.568775604974,0.895996,0.876521,0.903681,1.0,1.0,0.0,7.0,4.0,5.0,84.0,50.0,52.0,15.730434703954144,16.870391541182585,17.479999389509263,0.0,14.129162962959882,15.944893386731547,Singur,TMC,BJP,0,TMC Strongholds (C0),2,2
SINGUR,0.49227400000000004,0.481461,0.41141599999999995,0.072983,0.357982,0.5077349999999999,0.008529,0.14938700000000002,0.061616,0.42621400000000004,0.01117,0.019233,84.5701,85.1535,84.37755,10.4004,12.3479,9.6319,6.0,4.0,9.0,1.5851,1.117,0.8492,2.3288779654260274,2.6150829250402547,2.3189782663842724,0.5706086729979999,0.6176029484860001,0.568775604974,0.895996,0.876521,0.903681,1.0,1.0,0.0,7.0,4.0,5.0,84.0,50.0,52.0,15.730434703954144,16.870391541182585,17.479999389509263,0.0,14.129162962959882,15.944893386731547,SINGUR,TMC,BJP,0,TMC Strongholds (C0),2,2
SITAI,0.473867,0.494212,0.483147,0.127432,0.451827,0.47289099999999995,0.365712,0.022403,0.027046999999999998,0.032989000000000004,0.031558,0.016915,83.1131,82.1921,84.37755,11.5711,4.2385,1.0256,6.0,9.0,8.0,1.1346,0.661,0.499,2.66224812012915,2.2227609174883507,2.183050634132465,0.624377610622,0.550109059354,0.5419254210760001,0.884289,0.957615,0.989744,1.0,1.0,1.0,6.0,6.0,6.0,56.0,56.0,56.0,0.0,0.0,0.0,0.0,0.0,0.0,Sitai,TMC,TMC,3,TMC Strongholds (C3),0,3
SITAI,0.473867,0.494212,0.483147,0.127432,0.451827,0.47289099999999995,0.365712,0.022403,0.027046999999999998,0.032989000000000004,0.031558,0.016915,83.1131,82.1921,84.37755,11.5711,4.2385,1.0256,6.0,9.0,8.0,1.1346,0.661,0.499,2.66224812012915,2.2227609174883507,2.183050634132465,0.624377610622,0.550109059354,0.5419254210760001,0.884289,0.957615,0.989744,1.0,1.0,1.0,6.0,6.0,6.0,56.0,56.0,56.0,0.0,0.0,0.0,0.0,0.0,0.0,SITAI,TMC,TMC,3,TMC Strongholds (C3),0,3
SITALKUCHI,0.441796,0.435589,0.42558799999999997,0.11886,0.5080169999999999,0.5159239999999999,0.009852999999999999,0.030137999999999998,0.025995,0.429491,0.026255999999999998,0.032493,88.0347,86.3461,84.37755,6.7295,7.2428,9.0336,8.0,7.0,11.0,0.9153,1.1152,0.5911,2.5389022928960068,2.225106326966728,2.227001592348813,0.606128994094,0.5505832742100001,0.5509657454060002,0.932705,0.9275720000000001,0.909664,1.0,1.0,1.0,6.0,6.0,6.0,56.0,56.0,56.0,0.0,0.0,0.0,0.0,0.0,0.0,Sitalkuchi,BJP,BJP,3,TMC Strongholds (C3),0,3
SITALKUCHI,0.441796,0.435589,0.42558799999999997,0.11886,0.5080169999999999,0.5159239999999999,0.009852999999999999,0.030137999999999998,0.025995,0.429491,0.026255999999999998,0.032493,88.0347,86.3461,84.37755,6.7295,7.2428,9.0336,8.0,7.0,11.0,0.9153,1.1152,0.5911,2.5389022928960068,2.225106326966728,2.227001592348813,0.606128994094,0.5505832742100001,0.5509657454060002,0.932705,0.9275720000000001,0.909664,1.0,1.0,1.0,6.0,6.0,6.0,56.0,56.0,56.0,0.0,0.0,0.0,0.0,0.0,0.0,SITALKUCHI,BJP,BJP,3,TMC Strongholds (C3),0,3
SONAMUKHI,0.41385800000000006,0.420109,0.38827199999999995,0.08083,0.47252099999999997,0.5208379999999999,0.0,0.08904,0.05794,0.505312,0.01833,0.03295,88.9935,89.2263,84.37755,4.6617,5.2412,13.2566,4.0,5.0,9.0,2.5722,0.9993,0.929,2.30865759077513,2.4507895079589628,2.3448301918546535,0.566847849592,0.591968222178,0.5735298856720001,0.953383,0.947588,0.867434,1.0,1.0,1.0,6.0,6.0,6.0,56.0,56.0,56.0,0.0,0.0,0.0,0.0,0.0,0.0,Sonamukhi,BJP,BJP,3,TMC Strongholds (C3),0,3
SONAMUKHI,0.41385800000000006,0.420109,0.38827199999999995,0.08083,0.47252099999999997,0.5208379999999999,0.0,0.08904,0.05794,0.505312,0.01833,0.03295,88.9935,89.2263,84.37755,4.6617,5.2412,13.2566,4.0,5.0,9.0,2.5722,0.9993,0.929,2.30865759077513,2.4507895079589628,2.3448301918546535,0.566847849592,0.591968222178,0.5735298856720001,0.953383,0.947588,0.867434,1.0,1.0,1.0,6.0,6.0,6.0,56.0,56.0,56.0,0.0,0.0,0.0,0.0,0.0,0.0,SONAMUKHI,BJP,BJP,3,TMC Strongholds (C3),0,3
SONARPUR DAKSHIN,0.477992,0.46915300000000004,0.378209,0.077176,0.356695,0.523432,0.409493,0.138393,0.075696,0.035339,0.035759,0.022663000000000003,82.4797,80.8265,84.37755,7.3713,11.2458,14.5223,8.0,14.0,14.0,1.4827,1.0953,0.7914,2.4791389812854696,2.719111519483289,2.3625771430812126,0.59663415099,0.632232811036,0.57673339771,0.926287,0.887542,0.854777,0.0,0.0,5.0,7.0,6.0,6.0,67.0,30.0,59.0,18.137226109944443,16.014322874175768,18.35831755107172,0.0,0.0,0.0,Sonarpur Dakshin,TMC,BJP,0,TMC Strongholds (C0),3,2
SONARPUR DAKSHIN,0.477992,0.46915300000000004,0.378209,0.077176,0.356695,0.523432,0.409493,0.138393,0.075696,0.035339,0.035759,0.022663000000000003,82.4797,80.8265,84.37755,7.3713,11.2458,14.5223,8.0,14.0,14.0,1.4827,1.0953,0.7914,2.4791389812854696,2.719111519483289,2.3625771430812126,0.59663415099,0.632232811036,0.57673339771,0.926287,0.887542,0.854777,0.0,0.0,5.0,7.0,6.0,6.0,67.0,30.0,59.0,18.137226109944443,16.014322874175768,18.35831755107172,0.0,0.0,0.0,SONARPUR DAKSHIN,TMC,BJP,0,TMC Strongholds (C0),3,2
SONARPUR UTTAR,0.503092,0.49879199999999996,0.42901000000000006,0.075104,0.348727,0.467252,0.007107,0.122248,0.08436099999999999,0.41469700000000004,0.030233,0.019377,82.0254,80.3543,84.37755,12.2788,15.0065,3.8242,8.0,8.0,13.0,1.4618,0.879,0.6235,2.321444459645667,2.588912393120013,2.4398202592911407,0.569233717462,0.613737412414,0.590133741946,0.877212,0.849935,0.961758,0.0,0.0,0.0,6.0,6.0,6.0,37.0,42.0,50.0,16.52294463596829,18.015232320705007,17.0275911474269,0.0,12.59828701576202,0.0,Sonarpur Uttar,TMC,BJP,0,TMC Strongholds (C0),2,2
SONARPUR UTTAR,0.503092,0.49879199999999996,0.42901000000000006,0.075104,0.348727,0.467252,0.007107,0.122248,0.08436099999999999,0.41469700000000004,0.030233,0.019377,82.0254,80.3543,84.37755,12.2788,15.0065,3.8242,8.0,8.0,13.0,1.4618,0.879,0.6235,2.321444459645667,2.588912393120013,2.4398202592911407,0.569233717462,0.613737412414,0.590133741946,0.877212,0.849935,0.961758,0.0,0.0,0.0,6.0,6.0,6.0,37.0,42.0,50.0,16.52294463596829,18.015232320705007,17.0275911474269,0.0,12.59828701576202,0.0,SONARPUR UTTAR,TMC,BJP,0,TMC Strongholds (C0),2,2
SREERAMPUR,0.437809,0.49457900000000005,0.413098,0.140453,0.36999000000000004,0.459718,0.38886499999999996,0.107235,0.108853,0.032873,0.028196,0.018331,74.1615,74.529,84.37755,5.7835,12.4589,4.662,6.0,7.0,11.0,1.7309,1.276,0.9753,2.7495159006512284,2.5393900859009104,2.536940399958477,0.636299611956,0.6062046530179999,0.605824401702,0.942165,0.8754109999999999,0.95338,0.0,0.0,1.0,7.0,7.0,7.0,68.0,72.0,68.0,17.710443313472645,18.366081274396432,16.482549649442873,0.0,14.03598495024075,11.47556621821286,Sreerampur,TMC,BJP,0,TMC Strongholds (C0),3,2
SREERAMPUR,0.437809,0.49457900000000005,0.413098,0.140453,0.36999000000000004,0.459718,0.38886499999999996,0.107235,0.108853,0.032873,0.028196,0.018331,74.1615,74.529,84.37755,5.7835,12.4589,4.662,6.0,7.0,11.0,1.7309,1.276,0.9753,2.7495159006512284,2.5393900859009104,2.536940399958477,0.636299611956,0.6062046530179999,0.605824401702,0.942165,0.8754109999999999,0.95338,0.0,0.0,1.0,7.0,7.0,7.0,68.0,72.0,68.0,17.710443313472645,18.366081274396432,16.482549649442873,0.0,14.03598495024075,11.47556621821286,SREERAMPUR,TMC,BJP,0,TMC Strongholds (C0),3,2
SUJAPUR,0.301821,0.734353,0.49662100000000003,0.062422000000000005,0.071241,0.088348,0.584591,0.10733599999999999,0.231185,0.051166,0.08707000000000001,0.18384599999999998,79.1756,82.7912,84.37755,28.277,62.7017,26.5436,15.0,10.0,14.0,1.5268,0.7356,0.4192,2.276053316190426,1.7747746681964858,2.926683853341433,0.560642981038,0.4365481895139999,0.658316357314,0.71723,0.37298299999999995,0.734564,0.0,0.0,1.0,6.0,7.0,7.0,44.0,71.0,48.0,14.622305123041233,17.537195987996547,17.838489185210232,0.0,0.0,15.83979186458517,Sujapur,TMC,TMC,2,TMC Strongholds (C2),1,0
SUJAPUR,0.301821,0.734353,0.49662100000000003,0.062422000000000005,0.071241,0.088348,0.584591,0.10733599999999999,0.231185,0.051166,0.08707000000000001,0.18384599999999998,79.1756,82.7912,84.37755,28.277,62.7017,26.5436,15.0,10.0,14.0,1.5268,0.7356,0.4192,2.276053316190426,1.7747746681964858,2.926683853341433,0.560642981038,0.4365481895139999,0.658316357314,0.71723,0.37298299999999995,0.734564,0.0,0.0,1.0,6.0,7.0,7.0,44.0,71.0,48.0,14.622305123041233,17.537195987996547,17.838489185210232,0.0,0.0,15.83979186458517,SUJAPUR,TMC,TMC,2,TMC Strongholds (C2),1,0
SURI,0.476759,0.484336,0.40065199999999995,0.162807,0.450849,0.520926,0.009775,0.047354,0.045987,0.350659,0.017461,0.032435,83.611,83.0887,84.37755,16.1265,3.3487,12.0274,5.0,6.0,12.0,2.1233,0.8395,0.7681,2.6534873382371154,2.2706967046040547,2.2985718082883793,0.623137451764,0.5596065304660001,0.5649472440260002,0.838735,0.966513,0.879726,0.0,0.0,1.0,7.0,6.0,7.0,58.0,68.0,48.0,18.724014974760973,17.546268248578453,16.78717557460227,17.579194122228785,13.201704916239516,0.0,Suri,TMC,BJP,0,TMC Strongholds (C0),2,2
SURI,0.476759,0.484336,0.40065199999999995,0.162807,0.450849,0.520926,0.009775,0.047354,0.045987,0.350659,0.017461,0.032435,83.611,83.0887,84.37755,16.1265,3.3487,12.0274,5.0,6.0,12.0,2.1233,0.8395,0.7681,2.6534873382371154,2.2706967046040547,2.2985718082883793,0.623137451764,0.5596065304660001,0.5649472440260002,0.838735,0.966513,0.879726,0.0,0.0,1.0,7.0,6.0,7.0,58.0,68.0,48.0,18.724014974760973,17.546268248578453,16.78717557460227,17.579194122228785,13.201704916239516,0.0,SURI,TMC,BJP,0,TMC Strongholds (C0),2,2
SUTI,0.42538600000000004,0.5886939999999999,0.36825600000000003,0.069338,0.261871,0.31230399999999997,0.47491300000000003,0.090654,0.285784,0.030363,0.058781,0.033656,84.8841,81.5495,84.37755,2.0986,32.6823,5.5952,7.0,8.0,10.0,1.2756,1.2592,0.7856,2.4258580364146662,2.342960715361613,3.1650428267079853,0.5877747234219999,0.5731896000460001,0.684048509056,0.979014,0.673177,0.944048,0.0,1.0,1.0,7.0,6.0,6.0,68.0,46.0,51.0,16.07972388135047,18.57364515758688,18.39050264128389,0.0,17.06489289119848,17.469974638763624,Suti,TMC,TMC,2,TMC Strongholds (C2),1,0
SUTI,0.42538600000000004,0.5886939999999999,0.36825600000000003,0.069338,0.261871,0.31230399999999997,0.47491300000000003,0.090654,0.285784,0.030363,0.058781,0.033656,84.8841,81.5495,84.37755,2.0986,32.6823,5.5952,7.0,8.0,10.0,1.2756,1.2592,0.7856,2.4258580364146662,2.342960715361613,3.1650428267079853,0.5877747234219999,0.5731896000460001,0.684048509056,0.979014,0.673177,0.944048,0.0,1.0,1.0,7.0,6.0,6.0,68.0,46.0,51.0,16.07972388135047,18.57364515758688,18.39050264128389,0.0,17.06489289119848,17.469974638763624,SUTI,TMC,TMC,2,TMC Strongholds (C2),1,0
TALDANGRA,0.475553,0.452915,0.338571,0.064004,0.392,0.566242,0.00598,0.11898,0.073868,0.454463,0.036105,0.021318999999999998,86.7227,87.2503,84.37755,7.4514,6.0915,22.7671,8.0,8.0,8.0,1.7711,1.7314,0.7725,2.289274845407606,2.6719692170100404,2.266693202562919,0.563180453406,0.6257441913499999,0.55882869421,0.925486,0.939085,0.772329,0.0,0.0,3.0,6.0,7.0,5.0,56.0,65.0,32.0,19.8216740468703,18.295700310305996,14.412228883235734,0.0,17.50084333003044,0.0,Taldangra,TMC,BJP,0,TMC Strongholds (C0),2,2
TALDANGRA,0.475553,0.452915,0.338571,0.064004,0.392,0.566242,0.00598,0.11898,0.073868,0.454463,0.036105,0.021318999999999998,86.7227,87.2503,84.37755,7.4514,6.0915,22.7671,8.0,8.0,8.0,1.7711,1.7314,0.7725,2.289274845407606,2.6719692170100404,2.266693202562919,0.563180453406,0.6257441913499999,0.55882869421,0.925486,0.939085,0.772329,0.0,0.0,3.0,6.0,7.0,5.0,56.0,65.0,32.0,19.8216740468703,18.295700310305996,14.412228883235734,0.0,17.50084333003044,0.0,TALDANGRA,TMC,BJP,0,TMC Strongholds (C0),2,2
TAMLUK,0.44473999999999997,0.458597,0.39636099999999996,0.066276,0.455237,0.53153,0.46706400000000003,0.074032,0.046214000000000005,0.021920000000000002,0.012134,0.025895,87.8277,88.5653,84.37755,0.2437,0.336,13.5169,8.0,7.0,11.0,1.1218,0.4813,0.6161,2.376338650028998,2.3630611635054173,2.2602319500319097,0.579184557728,0.576820094442,0.557567531958,0.997563,0.99664,0.864831,1.0,3.0,0.0,7.0,8.0,7.0,67.0,65.0,66.0,14.597068718945195,18.2322495371991,18.188925581424847,0.0,16.68907525404123,14.810899305276891,Tamluk,TMC,BJP,0,TMC Strongholds (C0),2,2
TAMLUK,0.44473999999999997,0.458597,0.39636099999999996,0.066276,0.455237,0.53153,0.46706400000000003,0.074032,0.046214000000000005,0.021920000000000002,0.012134,0.025895,87.8277,88.5653,84.37755,0.2437,0.336,13.5169,8.0,7.0,11.0,1.1218,0.4813,0.6161,2.376338650028998,2.3630611635054173,2.2602319500319097,0.579184557728,0.576820094442,0.557567531958,0.997563,0.99664,0.864831,1.0,3.0,0.0,7.0,8.0,7.0,67.0,65.0,66.0,14.597068718945195,18.2322495371991,18.188925581424847,0.0,16.68907525404123,14.810899305276891,TAMLUK,TMC,BJP,0,TMC Strongholds (C0),2,2
TAPAN,0.42782400000000004,0.444053,0.368464,0.12101200000000001,0.452909,0.566571,0.415681,0.06928200000000001,0.042271,0.035483,0.033756,0.022694000000000002,88.8386,84.7023,84.37755,2.5967,0.8856,19.8107,6.0,7.0,11.0,2.4196,0.9141,0.7718,2.6901461462318763,2.4494849326758015,2.17831573963948,0.62827298383,0.59175090785,0.5409297275859999,0.974033,0.991144,0.801893,1.0,1.0,1.0,6.0,6.0,6.0,56.0,56.0,56.0,0.0,0.0,0.0,0.0,0.0,0.0,Tapan,BJP,BJP,3,TMC Strongholds (C3),0,3
TAPAN,0.42782400000000004,0.444053,0.368464,0.12101200000000001,0.452909,0.566571,0.415681,0.06928200000000001,0.042271,0.035483,0.033756,0.022694000000000002,88.8386,84.7023,84.37755,2.5967,0.8856,19.8107,6.0,7.0,11.0,2.4196,0.9141,0.7718,2.6901461462318763,2.4494849326758015,2.17831573963948,0.62827298383,0.59175090785,0.5409297275859999,0.974033,0.991144,0.801893,1.0,1.0,1.0,6.0,6.0,6.0,56.0,56.0,56.0,0.0,0.0,0.0,0.0,0.0,0.0,TAPAN,BJP,BJP,3,TMC Strongholds (C3),0,3
TARAKESWAR,0.507541,0.469597,0.38768300000000006,0.093558,0.433252,0.527584,0.0,0.070878,0.048258999999999996,0.39890099999999995,0.026273,0.036474,86.6217,86.4048,84.37755,14.4011,3.6345,13.9901,4.0,5.0,12.0,2.0715,1.3365,0.6702,2.3503255470274595,2.415793884534341,2.31319627725899,0.574527026154,0.586057400674,0.5676977306979999,0.855989,0.963655,0.860099,0.0,4.0,4.0,7.0,6.0,7.0,73.0,54.0,29.0,15.97544139988803,17.369834981429292,15.435244088167806,15.886931268608347,13.741353661536856,12.633563398395308,Tarakeswar,TMC,BJP,0,TMC Strongholds (C0),2,2
TARAKESWAR,0.507541,0.469597,0.38768300000000006,0.093558,0.433252,0.527584,0.0,0.070878,0.048258999999999996,0.39890099999999995,0.026273,0.036474,86.6217,86.4048,84.37755,14.4011,3.6345,13.9901,4.0,5.0,12.0,2.0715,1.3365,0.6702,2.3503255470274595,2.415793884534341,2.31319627725899,0.574527026154,0.586057400674,0.5676977306979999,0.855989,0.963655,0.860099,0.0,4.0,4.0,7.0,6.0,7.0,73.0,54.0,29.0,15.97544139988803,17.369834981429292,15.435244088167806,15.886931268608347,13.741353661536856,12.633563398395308,TARAKESWAR,TMC,BJP,0,TMC Strongholds (C0),2,2
TEHATTA,0.49036,0.44862,0.35911499999999996,0.084442,0.416915,0.480067,0.00534,0.106548,0.123765,0.41985799999999995,0.027917,0.037052999999999996,86.3342,86.4716,84.37755,8.7391,3.1705,12.0952,5.0,7.0,10.0,0.7254,0.7959,0.3947,2.359087923109341,2.582578884271609,2.658735780150504,0.576107363272,0.612790143182,0.623881392252,0.912609,0.968295,0.879048,4.0,1.0,1.0,6.0,6.0,6.0,64.0,61.0,55.0,15.691595090937899,15.527931862936448,16.105446992892478,13.465649489615673,0.0,12.302454977646473,Tehatta,TMC,BJP,0,TMC Strongholds (C0),2,2
TEHATTA,0.49036,0.44862,0.35911499999999996,0.084442,0.416915,0.480067,0.00534,0.106548,0.123765,0.41985799999999995,0.027917,0.037052999999999996,86.3342,86.4716,84.37755,8.7391,3.1705,12.0952,5.0,7.0,10.0,0.7254,0.7959,0.3947,2.359087923109341,2.582578884271609,2.658735780150504,0.576107363272,0.612790143182,0.623881392252,0.912609,0.968295,0.879048,4.0,1.0,1.0,6.0,6.0,6.0,64.0,61.0,55.0,15.691595090937899,15.527931862936448,16.105446992892478,13.465649489615673,0.0,12.302454977646473,TEHATTA,TMC,BJP,0,TMC Strongholds (C0),2,2
TUFANGANJ,0.44205399999999995,0.39786900000000003,0.416187,0.156173,0.546872,0.5308039999999999,0.36955,0.030872,0.029984,0.032223,0.024387,0.023025000000000004,90.0927,89.5174,84.37755,7.9365,14.9003,11.4617,6.0,8.0,10.0,1.2983,0.9882,0.6156,2.797928544069297,2.17904549286987,2.191090736312822,0.6425927309260001,0.5410834683019999,0.5436063037340001,0.920635,0.850997,0.885383,0.0,9.0,12.0,3.0,6.0,6.0,65.0,56.0,62.0,14.70217637341139,15.779936933026619,16.19112945354128,0.0,11.561725152903833,11.676802971184586,Tufanganj,BJP,BJP,0,TMC Strongholds (C0),2,2
TUFANGANJ,0.44205399999999995,0.39786900000000003,0.416187,0.156173,0.546872,0.5308039999999999,0.36955,0.030872,0.029984,0.032223,0.024387,0.023025000000000004,90.0927,89.5174,84.37755,7.9365,14.9003,11.4617,6.0,8.0,10.0,1.2983,0.9882,0.6156,2.797928544069297,2.17904549286987,2.191090736312822,0.6425927309260001,0.5410834683019999,0.5436063037340001,0.920635,0.850997,0.885383,0.0,9.0,12.0,3.0,6.0,6.0,65.0,56.0,62.0,14.70217637341139,15.779936933026619,16.19112945354128,0.0,11.561725152903833,11.676802971184586,TUFANGANJ,BJP,BJP,0,TMC Strongholds (C0),2,2
UDAYNARAYANPUR,0.521231,0.512131,0.495321,0.04593,0.441509,0.43807899999999994,0.390643,0.026124,0.042415,0.042196,0.020236,0.024184999999999998,84.1171,84.2335,84.37755,13.0588,7.0622,5.7242,7.0,5.0,9.0,1.0834,0.6155,0.4785,2.3355003406507713,2.18197536030694,2.2745880422167857,0.571826223874,0.541699682686,0.5603599502680001,0.869412,0.929378,0.942758,1.0,0.0,0.0,7.0,7.0,7.0,51.0,55.0,61.0,16.41155771204599,17.064431086422314,17.185971374093903,0.0,0.0,0.0,Udaynarayanpur,TMC,TMC,0,TMC Strongholds (C0),2,2
UDAYNARAYANPUR,0.521231,0.512131,0.495321,0.04593,0.441509,0.43807899999999994,0.390643,0.026124,0.042415,0.042196,0.020236,0.024184999999999998,84.1171,84.2335,84.37755,13.0588,7.0622,5.7242,7.0,5.0,9.0,1.0834,0.6155,0.4785,2.3355003406507713,2.18197536030694,2.2745880422167857,0.571826223874,0.541699682686,0.5603599502680001,0.869412,0.929378,0.942758,1.0,0.0,0.0,7.0,7.0,7.0,51.0,55.0,61.0,16.41155771204599,17.064431086422314,17.185971374093903,0.0,0.0,0.0,UDAYNARAYANPUR,TMC,TMC,0,TMC Strongholds (C0),2,2
ULUBERIA DAKSHIN,0.5410889999999999,0.5036930000000001,0.484591,0.08033799999999999,0.36309600000000003,0.408634,0.34167400000000003,0.110128,0.07506499999999999,0.036899,0.023083,0.031709999999999995,85.3341,85.1587,84.37755,19.9415,14.0597,7.5957,5.0,7.0,11.0,1.2458,0.7287,0.6391,2.396161395592413,2.5112608405522767,2.448277316607235,0.582665841358,0.6017936552619998,0.5915495384380001,0.800585,0.859403,0.924043,6.0,0.0,0.0,6.0,6.0,6.0,51.0,55.0,59.0,16.463184656366614,17.206828700246202,18.27953720661427,14.200014167544309,15.294999908905105,15.418322768835544,Uluberia Dakshin,TMC,TMC,0,TMC Strongholds (C0),2,2
ULUBERIA DAKSHIN,0.5410889999999999,0.5036930000000001,0.484591,0.08033799999999999,0.36309600000000003,0.408634,0.34167400000000003,0.110128,0.07506499999999999,0.036899,0.023083,0.031709999999999995,85.3341,85.1587,84.37755,19.9415,14.0597,7.5957,5.0,7.0,11.0,1.2458,0.7287,0.6391,2.396161395592413,2.5112608405522767,2.448277316607235,0.582665841358,0.6017936552619998,0.5915495384380001,0.800585,0.859403,0.924043,6.0,0.0,0.0,6.0,6.0,6.0,51.0,55.0,59.0,16.463184656366614,17.206828700246202,18.27953720661427,14.200014167544309,15.294999908905105,15.418322768835544,ULUBERIA DAKSHIN,TMC,TMC,0,TMC Strongholds (C0),2,2
ULUBERIA PURBA,0.421919,0.448272,0.459719,0.16498200000000002,0.359546,0.402812,0.0023899999999999998,0.0,0.01024,0.410709,0.192182,0.12722899999999998,83.0646,82.6256,84.37755,9.5083,8.8726,5.6907,12.0,7.0,11.0,1.3804,1.0937,0.6014,2.6743524155738734,2.7236450804418184,2.56481846184793,0.6260777023340001,0.632844966776,0.610108857654,0.904917,0.911274,0.943093,0.0,0.0,3.0,7.0,6.0,7.0,71.0,68.0,47.0,17.980131290115754,16.456875651214844,17.31797540015097,0.0,13.328879861988508,15.006459215100303,Uluberia Purba,TMC,TMC,0,TMC Strongholds (C0),2,2
ULUBERIA PURBA,0.421919,0.448272,0.459719,0.16498200000000002,0.359546,0.402812,0.0023899999999999998,0.0,0.01024,0.410709,0.192182,0.12722899999999998,83.0646,82.6256,84.37755,9.5083,8.8726,5.6907,12.0,7.0,11.0,1.3804,1.0937,0.6014,2.6743524155738734,2.7236450804418184,2.56481846184793,0.6260777023340001,0.632844966776,0.610108857654,0.904917,0.911274,0.943093,0.0,0.0,3.0,7.0,6.0,7.0,71.0,68.0,47.0,17.980131290115754,16.456875651214844,17.31797540015097,0.0,13.328879861988508,15.006459215100303,ULUBERIA PURBA,TMC,TMC,0,TMC Strongholds (C0),2,2
ULUBERIA UTTAR,0.481254,0.492523,0.43812199999999996,0.08157500000000001,0.37947000000000003,0.458652,0.39528399999999997,0.10384299999999999,0.079414,0.041887,0.024163999999999998,0.023812000000000003,82.7087,82.8052,84.37755,8.597,11.3053,2.053,9.0,7.0,9.0,1.1572,0.6718,0.5362,2.5235710713388935,2.5129185753150263,2.4438755504001426,0.603736145434,0.602056346026,0.590813861272,0.91403,0.8869469999999999,0.97947,1.0,1.0,1.0,6.0,6.0,6.0,56.0,56.0,56.0,0.0,0.0,0.0,0.0,0.0,0.0,Uluberia Uttar,TMC,BJP,3,TMC Strongholds (C3),0,3
ULUBERIA UTTAR,0.481254,0.492523,0.43812199999999996,0.08157500000000001,0.37947000000000003,0.458652,0.39528399999999997,0.10384299999999999,0.079414,0.041887,0.024163999999999998,0.023812000000000003,82.7087,82.8052,84.37755,8.597,11.3053,2.053,9.0,7.0,9.0,1.1572,0.6718,0.5362,2.5235710713388935,2.5129185753150263,2.4438755504001426,0.603736145434,0.602056346026,0.590813861272,0.91403,0.8869469999999999,0.97947,1.0,1.0,1.0,6.0,6.0,6.0,56.0,56.0,56.0,0.0,0.0,0.0,0.0,0.0,0.0,ULUBERIA UTTAR,TMC,BJP,3,TMC Strongholds (C3),0,3
UTTARPARA,0.448933,0.46963900000000003,0.341668,0.125225,0.289598,0.39236,0.009146,0.219821,0.252747,0.416696,0.020942,0.013225,78.11,77.0409,84.37755,6.344,18.0041,5.0692,5.0,5.0,7.0,2.3494,1.6774,0.8381,2.5579284800228046,2.8313562290794163,2.9873991046483193,0.6090586551539999,0.64681236867,0.665260661542,0.9365600000000001,0.819959,0.949308,0.0,0.0,0.0,6.0,6.0,6.0,59.0,50.0,60.0,15.857331745233378,16.1397794489194,16.8891931054245,12.807655372286902,12.138633922870904,0.0,Uttarpara,TMC,BJP,0,TMC Strongholds (C0),3,0
UTTARPARA,0.448933,0.46963900000000003,0.341668,0.125225,0.289598,0.39236,0.009146,0.219821,0.252747,0.416696,0.020942,0.013225,78.11,77.0409,84.37755,6.344,18.0041,5.0692,5.0,5.0,7.0,2.3494,1.6774,0.8381,2.5579284800228046,2.8313562290794163,2.9873991046483193,0.6090586551539999,0.64681236867,0.665260661542,0.9365600000000001,0.819959,0.949308,0.0,0.0,0.0,6.0,6.0,6.0,59.0,50.0,60.0,15.857331745233378,16.1397794489194,16.8891931054245,12.807655372286902,12.138633922870904,0.0,UTTARPARA,TMC,BJP,0,TMC Strongholds (C0),3,0
