year,constituency_id,constituency,total_electors,total_votes_polled,total_valid_votes,turnout_percent,winner_name,winner_party,winner_party_raw,winner_votes,winner_vote_share,runner_name,runner_party,runner_party_raw,runner_votes,runner_vote_share,victory_margin_votes,victory_margin_percent,candidate_count,candidate_count_including_nota,nota_votes,nota_vote_share,tmc_vote_share,bjp_vote_share,left_inc_vote_share,others_vote_share,eci_source_url,turnout_available_from_source
2016,1,Mekliganj,202689.0,180960.0,180960.0,89.2796,ARGHYA ROY PRADHAN (BILU),AITC,AITC,74823.0,41.3478,PARESH CHANDRA ADHIKARY,AIFB,AIFB,68186.0,37.6802,6637.0,3.6676,9,10,2333.0,1.2892,41.3478,12.9062,38.8352,6.9108,https://old.eci.gov.in/files/file/3469-west-bengal-general-legislative-election-2016/,True
2016,2,Mathabhanga,229622.0,200385.0,200385.0,87.2673,BINAY KRISHNA BARMAN,AITC,AITC,96383.0,48.0989,KHAGEN CHANDRA BARMAN,CPM,CPM,64465.0,32.1706,31918.0,15.9283,8,9,1980.0,0.9881,48.0989,15.599,0.5135,35.7886,https://old.eci.gov.in/files/file/3469-west-bengal-general-legislative-election-2016/,True
2016,3,Cooch Behar Uttar,258722.0,223771.0,223771.0,86.4909,NAGENDRA NATH ROY,AIFB,AIFB,97629.0,43.629,PARIMAL BARMAN,AITC,AITC,85336.0,38.1354,12293.0,5.4936,8,9,2649.0,1.1838,38.1354,13.4177,44.4026,4.0443,https://old.eci.gov.in/files/file/3469-west-bengal-general-legislative-election-2016/,True
2016,4,Cooch Behar Dakshin,213162.0,179173.0,179173.0,84.0549,MIHIR GOSWAMI,AITC,AITC,82849.0,46.2397,DEBASIS BANIK,AIFB,AIFB,64654.0,36.0847,18195.0,10.155,7,8,2489.0,1.3892,46.2397,10.1444,37.0212,6.5947,https://old.eci.gov.in/files/file/3469-west-bengal-general-legislative-election-2016/,True
2016,5,Sitalkuchi,261348.0,230077.0,230077.0,88.0347,HITEN BARMAN,AITC,AITC,101647.0,44.1796,NAMADIPTI ADHIKARY,CPM,CPM,86164.0,37.4501,15483.0,6.7295,8,9,2106.0,0.9153,44.1796,11.886,0.9853,42.9491,https://old.eci.gov.in/files/file/3469-west-bengal-general-legislative-election-2016/,True
2016,6,Sitai,262565.0,218226.0,218226.0,83.1131,JAGADISH CHANDRA BARMA BASUNIA,AITC,AITC,103410.0,47.3867,KESHAB CHANDRA RAY,INC,INC,78159.0,35.8156,25251.0,11.5711,6,7,2476.0,1.1346,47.3867,12.7432,36.5712,3.2989,https://old.eci.gov.in/files/file/3469-west-bengal-general-legislative-election-2016/,True
2016,7,Dinhata,273294.0,223637.0,223637.0,81.8302,UDAYAN GUHA,AITC,AITC,100732.0,45.0426,AKSHAY THAKUR,AIFB,AIFB,78939.0,35.2978,21793.0,9.7448,9,10,2619.0,1.1711,45.0426,11.4462,35.6242,7.887,https://old.eci.gov.in/files/file/3469-west-bengal-general-legislative-election-2016/,True
2016,8,Natabari,223747.0,199597.0,199597.0,89.2066,RABINDRA NATH GHOSH,AITC,AITC,93257.0,46.7226,TAMSER ALI,CPM,CPM,77100.0,38.6278,16157.0,8.0948,6,7,1573.0,0.7881,46.7226,10.7837,0.6318,41.8619,https://old.eci.gov.in/files/file/3469-west-bengal-general-legislative-election-2016/,True
2016,9,Tufanganj,213560.0,192402.0,192402.0,90.0927,FAZAL KARIM MIAH,AITC,AITC,85052.0,44.2054,SHYAMAL CHOUDHURY,INC,INC,69782.0,36.2689,15270.0,7.9365,6,7,2498.0,1.2983,44.2054,15.6173,36.955,3.2223,https://old.eci.gov.in/files/file/3469-west-bengal-general-legislative-election-2016/,True
2016,10,Kumargram,243359.0,208406.0,208406.0,85.6373,JAMES KUJUR,AITC,AITC,77668.0,37.2676,MANOJ KUMAR ORAON,RSP,RSP,71515.0,34.3152,6153.0,2.9524,6,7,5874.0,2.8185,37.2676,21.6582,35.3608,5.7134,https://old.eci.gov.in/files/file/3469-west-bengal-general-legislative-election-2016/,True
2016,11,Kalchini,218280.0,177356.0,177356.0,81.2516,WILSON CHAMPRAMARY,AITC,AITC,62061.0,34.9923,BISHAL LAMA,BJP,BJP,60550.0,34.1404,1511.0,0.8519,12,13,4524.0,2.5508,34.9923,34.1404,15.3776,15.4897,https://old.eci.gov.in/files/file/3469-west-bengal-general-legislative-election-2016/,True
2016,12,Alipurduars,236134.0,203446.0,203446.0,86.157,SOURAV CHAKRABORTY(GHUTISH),AITC,AITC,89695.0,44.0879,BISWA RANJAN SARKAR,INC,INC,77737.0,38.2101,11958.0,5.8778,8,9,2980.0,1.4648,44.0879,9.8788,42.9446,3.0887,https://old.eci.gov.in/files/file/3469-west-bengal-general-legislative-election-2016/,True
2016,13,Falakata,227176.0,197940.0,197940.0,87.1307,ANIL ADHIKARI,AITC,AITC,86647.0,43.7744,KSHITISH CHANDRA RAY,CPM,CPM,69808.0,35.2673,16839.0,8.5071,7,8,3812.0,1.9258,43.7744,15.4789,0.679,40.0677,https://old.eci.gov.in/files/file/3469-west-bengal-general-legislative-election-2016/,True
2016,14,Madarihat,191686.0,152301.0,152301.0,79.4534,MANOJ TIGGA,BJP,BJP,66989.0,43.9846,PADAM LAMA,AITC,AITC,44951.0,29.5146,22038.0,14.47,5,6,5068.0,3.3276,29.5146,43.9846,21.1449,5.3559,https://old.eci.gov.in/files/file/3469-west-bengal-general-legislative-election-2016/,True
2016,15,Dhupguri,237427.0,208734.0,208734.0,87.915,MITALI ROY,AITC,AITC,90781.0,43.4912,MAMATA ROY,CPM,CPM,71517.0,34.2623,19264.0,9.2289,6,7,3262.0,1.5628,43.4912,17.3268,1.1311,38.0509,https://old.eci.gov.in/files/file/3469-west-bengal-general-legislative-election-2016/,True
2016,16,Maynaguri,236663.0,210728.0,210728.0,89.0414,ANANTA DEB ADHIKARI,AITC,AITC,100837.0,47.8517,CHHAYA DEY (ROY),RSP,RSP,65930.0,31.2868,34907.0,16.5649,7,8,4368.0,2.0728,47.8517,14.5885,32.094,5.4658,https://old.eci.gov.in/files/file/3469-west-bengal-general-legislative-election-2016/,True
2016,17,Jalpaiguri,241740.0,208216.0,208216.0,86.1322,SUKHBILAS BARMA,INC,INC,94553.0,45.411,DHARTTIMOHAN ROY,AITC,AITC,89396.0,42.9343,5157.0,2.4767,5,6,3383.0,1.6248,42.9343,7.6983,46.653,2.7144,https://old.eci.gov.in/files/file/3469-west-bengal-general-legislative-election-2016/,True
2016,18,Rajganj,216425.0,194531.0,194531.0,89.8838,KHAGESWAR ROY,AITC,AITC,89785.0,46.1546,SATYENDRA NATH MONDAL,CPM,CPM,75108.0,38.6098,14677.0,7.5448,6,7,3525.0,1.8121,46.1546,9.1559,1.5561,43.1334,https://old.eci.gov.in/files/file/3469-west-bengal-general-legislative-election-2016/,True
2016,19,Dabgram-Fulbari,260690.0,222725.0,222725.0,85.4367,GOUTAM DEB,AITC,AITC,105769.0,47.4886,DILIP SINGH,CPM,CPM,81958.0,36.7978,23811.0,10.6908,7,8,3283.0,1.474,47.4886,11.7611,0.4566,40.2937,https://old.eci.gov.in/files/file/3469-west-bengal-general-legislative-election-2016/,True
2016,20,Mal,227471.0,191666.0,191666.0,84.2595,BULU CHIK BARAIK,AITC,AITC,84877.0,44.2838,AUGUSTUS KERKETTA,CPM,CPM,66415.0,34.6514,18462.0,9.6324,5,6,4273.0,2.2294,44.2838,15.3287,1.332,39.0555,https://old.eci.gov.in/files/file/3469-west-bengal-general-legislative-election-2016/,True
2016,21,Nagrakata,213862.0,176542.0,176542.0,82.5495,SUKRA MUNDA,AITC,AITC,57306.0,32.4603,JOSEPH MUNDA,INC,INC,54078.0,30.6318,3228.0,1.8285,6,7,6196.0,3.5096,32.4603,27.0961,30.6318,9.8118,https://old.eci.gov.in/files/file/3469-west-bengal-general-legislative-election-2016/,True
2016,22,Kalimpong,193742.0,137985.0,137985.0,71.221,SARITA RAI,GOJAM,GOJAM,67693.0,49.0582,HARKA BAHADUR CHETTRI,IND,IND,56262.0,40.774,11431.0,8.2842,5,6,3364.0,2.4379,0.0,0.0,0.0,100.0,https://old.eci.gov.in/files/file/3469-west-bengal-general-legislative-election-2016/,True
2016,23,Darjeeling,237470.0,159374.0,159374.0,67.1133,AMAR SINGH RAI,GOJAM,GOJAM,95386.0,59.8504,SARDA RAI SUBBA,AITC,AITC,45473.0,28.5323,49913.0,31.3181,4,5,5817.0,3.6499,28.5323,0.0,0.0,71.4677,https://old.eci.gov.in/files/file/3469-west-bengal-general-legislative-election-2016/,True
2016,24,Kurseong,225802.0,163973.0,163973.0,72.618,ROHIT SHARMA,GOJAM,GOJAM,86947.0,53.0252,SHANTA CHHETRI,AITC,AITC,53221.0,32.4572,33726.0,20.568,4,5,7426.0,4.5288,32.4572,0.0,0.0,67.5428,https://old.eci.gov.in/files/file/3469-west-bengal-general-legislative-election-2016/,True
2016,25,Matigara-naxalbari,249408.0,209377.0,209377.0,83.9496,SANKAR MALAKAR,INC,INC,86441.0,41.2849,AMAR SINHA,AITC,AITC,67814.0,32.3885,18627.0,8.8964,7,8,3307.0,1.5794,32.3885,21.3132,41.8284,4.4699,https://old.eci.gov.in/files/file/3469-west-bengal-general-legislative-election-2016/,True
2016,26,Siliguri,208719.0,168350.0,168350.0,80.6587,ASOK BHATTACHARYA,CPM,CPM,78054.0,46.3641,BHAICHUNG BHUTIA,AITC,AITC,63982.0,38.0053,14072.0,8.3588,10,11,2877.0,1.7089,38.0053,11.4642,0.2608,50.2697,https://old.eci.gov.in/files/file/3469-west-bengal-general-legislative-election-2016/,True
2016,27,Phansidewa,206362.0,181280.0,181280.0,87.8456,SUNIL CHANDRA TIRKEY,INC,INC,73158.0,40.3564,CAROLUS LAKRA,AITC,AITC,66084.0,36.4541,7074.0,3.9023,7,8,2629.0,1.4502,36.4541,18.1454,41.2368,4.1637,https://old.eci.gov.in/files/file/3469-west-bengal-general-legislative-election-2016/,True
2016,28,Chopra,209966.0,177890.0,177890.0,84.7232,HAMIDUL RAHAMAN,AITC,AITC,74390.0,41.818,AKRAMUL HOQUE,CPM,CPM,57530.0,32.3402,16860.0,9.4778,8,9,2655.0,1.4925,41.818,8.8903,0.0,49.2917,https://old.eci.gov.in/files/file/3469-west-bengal-general-legislative-election-2016/,True
2016,29,Islampur,188269.0,149404.0,149404.0,79.3567,KANAIA LAL AGARWAL,INC,INC,65559.0,43.8804,ABDUL KARIM CHOWDHARY,AITC,AITC,57841.0,38.7145,7718.0,5.1659,8,9,1943.0,1.3005,38.7145,12.495,44.3596,4.4309,https://old.eci.gov.in/files/file/3469-west-bengal-general-legislative-election-2016/,True
2016,30,Goalpokhar,198786.0,147717.0,147717.0,74.3096,MD GULAM RABBANI,AITC,AITC,64869.0,43.9144,AFJAL HOSEN,INC,INC,57121.0,38.6692,7748.0,5.2452,7,8,1557.0,1.054,43.9144,11.4855,39.906,4.6941,https://old.eci.gov.in/files/file/3469-west-bengal-general-legislative-election-2016/,True
2016,31,Chakulia,200084.0,150500.0,150500.0,75.2184,ALI IMRAN RAMZ,AIFB,AIFB,64185.0,42.6478,ASHIM KUMAR MRIDHA,BJP,BJP,36656.0,24.3561,27529.0,18.2917,6,7,1613.0,1.0718,24.0518,24.3561,42.6478,8.9443,https://old.eci.gov.in/files/file/3469-west-bengal-general-legislative-election-2016/,True
2016,32,Karandighi,227234.0,185490.0,185490.0,81.6295,MANODEB SINHA,AITC,AITC,54599.0,29.435,GOKUL ROY,AIFB,AIFB,51367.0,27.6926,3232.0,1.7424,9,10,4376.0,2.3592,29.435,15.6224,28.1487,26.7939,https://old.eci.gov.in/files/file/3469-west-bengal-general-legislative-election-2016/,True
2016,33,Hemtabad,232634.0,197736.0,197736.0,84.9988,DEBENDRA NATH ROY,CPM,CPM,80419.0,40.6699,SABITA KSHETRY,AITC,AITC,67283.0,34.0267,13136.0,6.6432,7,8,2437.0,1.2325,34.0267,20.631,1.0357,44.3066,https://old.eci.gov.in/files/file/3469-west-bengal-general-legislative-election-2016/,True
2016,34,Kaliaganj,250603.0,214642.0,214642.0,85.6502,PRAMATHA NATH RAY,INC,INC,112868.0,52.5843,BASANTA ROY,AITC,AITC,66266.0,30.8728,46602.0,21.7115,6,7,3533.0,1.646,30.8728,12.6965,53.196,3.2347,https://old.eci.gov.in/files/file/3469-west-bengal-general-legislative-election-2016/,True
2016,35,Raiganj,178888.0,149168.0,149168.0,83.3863,MOHIT SENGUPTA,INC,INC,87983.0,58.9825,PURNENDU DEY (BABLU),AITC,AITC,36736.0,24.6273,51247.0,34.3552,8,9,1985.0,1.3307,24.6273,8.6889,59.309,7.3748,https://old.eci.gov.in/files/file/3469-west-bengal-general-legislative-election-2016/,True
2016,36,Itahar,202219.0,169347.0,169347.0,83.7444,AMAL ACHARJEE,AITC,AITC,88507.0,52.2637,SRIKUMAR MUKHERJEE,CPI,CPI,69387.0,40.9733,19120.0,11.2904,5,6,1743.0,1.0292,52.2637,4.2079,40.9733,2.5551,https://old.eci.gov.in/files/file/3469-west-bengal-general-legislative-election-2016/,True
2016,37,Kushmandi,191402.0,163497.0,163497.0,85.4207,NARMADA CHANDRA ROY,RSP,RSP,68965.0,42.1812,REKHA ROY,AITC,AITC,65436.0,40.0228,3529.0,2.1584,6,7,3941.0,2.4104,40.0228,12.3446,42.1812,5.4514,https://old.eci.gov.in/files/file/3469-west-bengal-general-legislative-election-2016/,True
2016,38,Kumarganj,179509.0,154022.0,154022.0,85.8018,TORAF HOSSAIN MANDAL,AITC,AITC,64501.0,41.8778,MAFUJA KHATUN,CPM,CPM,61005.0,39.608,3496.0,2.2698,7,8,2470.0,1.6037,41.8778,14.4142,0.4408,43.2672,https://old.eci.gov.in/files/file/3469-west-bengal-general-legislative-election-2016/,True
2016,39,Balurghat,160609.0,141503.0,141503.0,88.104,BISWANATH CHOUDHURY,RSP,RSP,60590.0,42.8189,CHAKRAVORTI SHANKAR,AITC,AITC,59140.0,41.7942,1450.0,1.0247,5,6,3357.0,2.3724,41.7942,10.7828,43.8719,3.5511,https://old.eci.gov.in/files/file/3469-west-bengal-general-legislative-election-2016/,True
2016,40,Tapan,190782.0,169488.0,169488.0,88.8386,BACHCHU HANSDA,AITC,AITC,72511.0,42.7824,UROW RAGHU,RSP,RSP,68110.0,40.1857,4401.0,2.5967,6,7,4101.0,2.4196,42.7824,12.1012,41.5681,3.5483,https://old.eci.gov.in/files/file/3469-west-bengal-general-legislative-election-2016/,True
2016,41,Gangarampur,198724.0,173378.0,173378.0,87.2456,GOUTAM DAS,INC,INC,80401.0,46.3732,SATYENDRA NATH ROY,AITC,AITC,69668.0,40.1827,10733.0,6.1905,6,7,2432.0,1.4027,40.1827,10.1535,46.3732,3.2906,https://old.eci.gov.in/files/file/3469-west-bengal-general-legislative-election-2016/,True
2016,42,Harirampur,196518.0,166816.0,166816.0,84.8859,RAFIKUL ISLAM,CPM,CPM,71447.0,42.8298,BIPLAB MITRA,AITC,AITC,66943.0,40.1298,4504.0,2.7,7,8,1648.0,0.9879,40.1298,11.8963,0.0,47.9739,https://old.eci.gov.in/files/file/3469-west-bengal-general-legislative-election-2016/,True
2016,43,Habibpur,223084.0,184369.0,184369.0,82.6456,KHAGEN MURMU,CPM,CPM,64095.0,34.7645,AMAL KISKU,AITC,AITC,61583.0,33.402,2512.0,1.3625,9,10,3755.0,2.0367,33.402,22.5938,0.4057,43.5985,https://old.eci.gov.in/files/file/3469-west-bengal-general-legislative-election-2016/,True
2016,44,Gazole,233833.0,198327.0,198327.0,84.8157,DIPALI BISWAS,CPM,CPM,85949.0,43.337,SUSHIL CHANDRA ROY,AITC,AITC,65347.0,32.9491,20602.0,10.3879,12,13,3490.0,1.7597,32.9491,14.5053,1.0145,51.5311,https://old.eci.gov.in/files/file/3469-west-bengal-general-legislative-election-2016/,True
2016,45,Chanchal,217595.0,172154.0,172154.0,79.1167,ASIF MEHBUB,INC,INC,92590.0,53.7832,SOUMITRA RAY,AITC,AITC,40222.0,23.364,52368.0,30.4192,5,6,2326.0,1.3511,23.364,19.518,54.6655,2.4525,https://old.eci.gov.in/files/file/3469-west-bengal-general-legislative-election-2016/,True
2016,46,Harischandrapur,214992.0,172048.0,172048.0,80.0253,ALAM MOSTAQUE,INC,INC,60047.0,34.9013,TAJMUL HOSSAIN,AITC,AITC,42190.0,24.5222,17857.0,10.3791,8,9,1746.0,1.0148,24.5222,15.0475,55.7124,4.7179,https://old.eci.gov.in/files/file/3469-west-bengal-general-legislative-election-2016/,True
2016,47,Malatipur,195163.0,156939.0,156939.0,80.4143,ALBERUNI ZULKARNAIN,INC,INC,50643.0,32.2692,ABDUR RAHIM BOXI,RSP,RSP,48043.0,30.6125,2600.0,1.6567,5,6,3306.0,2.1066,25.4538,8.2459,62.8817,3.4186,https://old.eci.gov.in/files/file/3469-west-bengal-general-legislative-election-2016/,True
2016,48,Ratua,239555.0,186248.0,186248.0,77.7475,SAMAR MUKHERJEE,INC,INC,96587.0,51.8593,SHEHNAZ QUADERY,AITC,AITC,53312.0,28.6242,43275.0,23.2351,7,8,2181.0,1.171,28.6242,13.8235,51.8593,5.693,https://old.eci.gov.in/files/file/3469-west-bengal-general-legislative-election-2016/,True
2016,49,Manickchak,219002.0,172551.0,172551.0,78.7897,MD. MOTTAKIN ALAM,INC,INC,78472.0,45.4776,SABITRI MITRA,AITC,AITC,65869.0,38.1736,12603.0,7.304,6,7,1903.0,1.1029,38.1736,11.9089,45.4776,4.4399,https://old.eci.gov.in/files/file/3469-west-bengal-general-legislative-election-2016/,True
2016,50,Maldaha,211279.0,182484.0,182484.0,86.3711,BHUPENDRA NATH HALDER,INC,INC,88243.0,48.3566,DULAL SARKAR (BABLA),AITC,AITC,54934.0,30.1035,33309.0,18.2531,7,8,2204.0,1.2078,30.1035,15.9526,48.3566,5.5873,https://old.eci.gov.in/files/file/3469-west-bengal-general-legislative-election-2016/,True
2016,51,Englishbazar,246790.0,207238.0,207238.0,83.9734,NIHAR RANJAN GHOSH,IND,IND,107183.0,51.7198,KRISHNENDU NARAYAN CHOUDHURY,AITC,AITC,67456.0,32.55,39727.0,19.1698,7,8,4336.0,2.0923,32.55,11.1809,0.0,56.2691,https://old.eci.gov.in/files/file/3469-west-bengal-general-legislative-election-2016/,True
2016,52,Mothabari,166513.0,133423.0,133423.0,80.1277,YEASMIN SABINA,INC,INC,69089.0,51.7819,MD. NAJRUL ISLAM,AITC,AITC,30915.0,23.1707,38174.0,28.6112,8,9,1859.0,1.3933,23.1707,20.468,51.7819,4.5794,https://old.eci.gov.in/files/file/3469-west-bengal-general-legislative-election-2016/,True
2016,53,Sujapur,210287.0,166496.0,166496.0,79.1756,ISHA KHAN CHOUDHURY,INC,INC,97332.0,58.4591,ABU NASAR KHAN CHOUDHURY,AITC,AITC,50252.0,30.1821,47080.0,28.277,15,16,2542.0,1.5268,30.1821,6.2422,58.4591,5.1166,https://old.eci.gov.in/files/file/3469-west-bengal-general-legislative-election-2016/,True
2016,54,Baishnabnagar,211923.0,183722.0,183722.0,86.6928,SWADHIN KUMAR SARKAR,BJP,BJP,70185.0,38.2017,AZIZUL HAQUE,INC,INC,65688.0,35.754,4497.0,2.4477,7,8,2520.0,1.3716,21.9146,38.2017,36.1421,3.7416,https://old.eci.gov.in/files/file/3469-west-bengal-general-legislative-election-2016/,True
2016,55,Farakka,192011.0,163198.0,163198.0,84.9941,MAINUL HAQUE,INC,INC,83314.0,51.0509,MD. MUSTAFA,AITC,AITC,55147.0,33.7915,28167.0,17.2594,6,7,1840.0,1.1275,33.7915,9.7746,51.0509,5.383,https://old.eci.gov.in/files/file/3469-west-bengal-general-legislative-election-2016/,True
2016,56,Samserganj,194128.0,158988.0,158988.0,81.8985,AMIRUL ISLAM,AITC,AITC,48381.0,30.4306,TOUAB ALI,CPM,CPM,46601.0,29.311,1780.0,1.1196,8,9,3290.0,2.0693,30.4306,7.1685,1.0888,61.3121,https://old.eci.gov.in/files/file/3469-west-bengal-general-legislative-election-2016/,True
2016,57,Suti,221740.0,188222.0,188222.0,84.8841,HUMAYUN REZA,INC,INC,84017.0,44.6372,EMANI BISWAS,AITC,AITC,80067.0,42.5386,3950.0,2.0986,7,8,2401.0,1.2756,42.5386,6.9338,47.4913,3.0363,https://old.eci.gov.in/files/file/3469-west-bengal-general-legislative-election-2016/,True
2016,58,Jangipur,214445.0,179588.0,179588.0,83.7455,JAKIR HOSSAIN,AITC,AITC,66869.0,37.2347,SOMNATH SINGHA RAY,CPM,CPM,46236.0,25.7456,20633.0,11.4891,11,12,2853.0,1.5886,37.2347,12.9407,19.9407,29.8839,https://old.eci.gov.in/files/file/3469-west-bengal-general-legislative-election-2016/,True
2016,59,Raghunathganj,207987.0,166082.0,166082.0,79.8521,AKHRUZZAMAN,INC,INC,78497.0,47.264,ABUL KASEM MOLLA,AITC,AITC,54711.0,32.9422,23786.0,14.3218,6,7,2396.0,1.4427,32.9422,6.0651,58.0725,2.9202,https://old.eci.gov.in/files/file/3469-west-bengal-general-legislative-election-2016/,True
2016,60,Sagardighi,206049.0,170865.0,170865.0,82.9245,SUBRATA SAHA,AITC,AITC,44817.0,26.2295,AMINUL ISLAM,INC,INC,39603.0,23.1779,5214.0,3.0516,8,9,1969.0,1.1524,26.2295,4.3063,24.0066,45.4576,https://old.eci.gov.in/files/file/3469-west-bengal-general-legislative-election-2016/,True
2016,61,Lalgola,199397.0,165312.0,165312.0,82.906,ABU HENA,INC,INC,100110.0,60.5582,CHAND MOHAMMAD,AITC,AITC,46635.0,28.2103,53475.0,32.3479,6,7,1959.0,1.185,28.2103,6.0117,60.5582,5.2198,https://old.eci.gov.in/files/file/3469-west-bengal-general-legislative-election-2016/,True
2016,62,Bhagawangola,224616.0,193122.0,193122.0,85.9787,MAHASIN ALI,CPM,CPM,105037.0,54.3889,ABU SUFIAN SARKAR,AITC,AITC,68732.0,35.5899,36305.0,18.799,10,11,2554.0,1.3225,35.5899,2.733,0.538,61.1391,https://old.eci.gov.in/files/file/3469-west-bengal-general-legislative-election-2016/,True
2016,63,Raninagar,223995.0,190082.0,190082.0,84.8599,FIROZA BEGAM (E),INC,INC,111132.0,58.4653,DR. HUMAYUN KABIR,AITC,AITC,62750.0,33.0121,48382.0,25.4532,6,7,1715.0,0.9022,33.0121,5.0994,59.2045,2.684,https://old.eci.gov.in/files/file/3469-west-bengal-general-legislative-election-2016/,True
2016,64,Murshidabad,235052.0,201150.0,201150.0,85.5768,SHAONI SINGHA ROY,INC,INC,94579.0,47.0191,ASHIM KRISHNA BHATTA,AITC,AITC,69440.0,34.5215,25139.0,12.4976,9,10,2966.0,1.4745,34.5215,11.9468,50.3673,3.1644,https://old.eci.gov.in/files/file/3469-west-bengal-general-legislative-election-2016/,True
2016,65,Nabagram,222785.0,181705.0,181705.0,81.5607,KANAI CHANDRA MONDAL,CPM,CPM,99545.0,54.7839,DILIP SAHA,AITC,AITC,61102.0,33.627,38443.0,21.1569,6,7,3227.0,1.776,33.627,7.2007,0.629,58.5433,https://old.eci.gov.in/files/file/3469-west-bengal-general-legislative-election-2016/,True
2016,66,Khargram,204103.0,161860.0,161860.0,79.3031,ASHIS MARJIT,INC,INC,88913.0,54.932,MADHAB CHANDRA MARJIT,AITC,AITC,55740.0,34.4372,33173.0,20.4948,8,9,1870.0,1.1553,34.4372,5.5628,55.4788,4.5212,https://old.eci.gov.in/files/file/3469-west-bengal-general-legislative-election-2016/,True
2016,67,Burwan,194415.0,151550.0,151550.0,77.9518,PROTIMA RAJAK,INC,INC,55906.0,36.8895,SHASTHI CHARAN MAL,AITC,AITC,40904.0,26.9904,15002.0,9.8991,6,7,3290.0,2.1709,26.9904,10.1881,58.6909,4.1306,https://old.eci.gov.in/files/file/3469-west-bengal-general-legislative-election-2016/,True
2016,68,Kandi,208187.0,159553.0,159553.0,76.6393,APURBA SARKAR (DAVID),INC,INC,81723.0,51.22,DR. SANTANU SEN,AITC,AITC,60943.0,38.1961,20780.0,13.0239,9,10,2464.0,1.5443,38.1961,5.8394,51.6844,4.2801,https://old.eci.gov.in/files/file/3469-west-bengal-general-legislative-election-2016/,True
2016,69,Bharatpur,215850.0,165263.0,165263.0,76.5638,KAMALESH CHATTERJEE (GOPAL),INC,INC,59789.0,36.1781,KHADEM A DASTEGIR (KHADU),AITC,AITC,48772.0,29.5117,11017.0,6.6664,6,7,3837.0,2.3218,29.5117,6.0897,60.3511,4.0475,https://old.eci.gov.in/files/file/3469-west-bengal-general-legislative-election-2016/,True
2016,70,Rejinagar,224848.0,184993.0,184993.0,82.2747,RABIUL ALAM CHOWDHURY,INC,INC,79770.0,43.1206,HUMAYUN KABIR,IND,IND,74210.0,40.115,5560.0,3.0056,7,8,2150.0,1.1622,7.9089,5.8224,43.8731,42.3956,https://old.eci.gov.in/files/file/3469-west-bengal-general-legislative-election-2016/,True
2016,71,Beldanga,219501.0,176050.0,176050.0,80.2046,SEIKH SAFIUJJAMAN,INC,INC,87017.0,49.4274,GOLAM KIBRIA MIA,AITC,AITC,56736.0,32.2272,30281.0,17.2002,5,6,2229.0,1.2661,32.2272,14.5703,49.4274,3.7751,https://old.eci.gov.in/files/file/3469-west-bengal-general-legislative-election-2016/,True
2016,72,Baharampur,236629.0,188187.0,188187.0,79.5283,MANOJ CHAKRABORTY,INC,INC,127762.0,67.891,DR. SUJATA BANERJEE,AITC,AITC,35489.0,18.8584,92273.0,49.0326,5,6,3523.0,1.8721,18.8584,9.9927,68.8087,2.3402,https://old.eci.gov.in/files/file/3469-west-bengal-general-legislative-election-2016/,True
2016,73,Hariharpara,218299.0,189291.0,189291.0,86.7118,NIAMOT SHEIKH,AITC,AITC,71502.0,37.7736,ALAMGIR MIR (PALASH),INC,INC,66499.0,35.1306,5003.0,2.643,9,10,1159.0,0.6123,37.7736,2.8496,36.6119,22.7649,https://old.eci.gov.in/files/file/3469-west-bengal-general-legislative-election-2016/,True
2016,74,Nowda,218399.0,181756.0,181756.0,83.222,ABU TAHER KHAN,INC,INC,62639.0,34.4632,MASUD KARIM,AITC,AITC,43377.0,23.8655,19262.0,10.5977,7,8,3830.0,2.1072,23.8655,14.2356,58.5625,3.3364,https://old.eci.gov.in/files/file/3469-west-bengal-general-legislative-election-2016/,True
2016,75,Domkal,233841.0,195962.0,195962.0,83.8014,ANISUR RAHAMAN,CPM,CPM,71703.0,36.5903,SOUMIK HOSSAIN,AITC,AITC,64813.0,33.0743,6890.0,3.516,12,13,1580.0,0.8063,33.0743,2.3739,23.8067,40.7451,https://old.eci.gov.in/files/file/3469-west-bengal-general-legislative-election-2016/,True
2016,76,Jalangi,228358.0,191526.0,191526.0,83.8709,ABDUR RAZZAK,CPM,CPM,96250.0,50.2543,ALOK DAS,AITC,AITC,70983.0,37.0618,25267.0,13.1925,12,13,2445.0,1.2766,37.0618,7.3358,0.2538,55.3486,https://old.eci.gov.in/files/file/3469-west-bengal-general-legislative-election-2016/,True
2016,77,Karimpur,227166.0,201106.0,201106.0,88.5282,MAHUA MOITRA,AITC,AITC,90989.0,45.2443,SAMARENDRANATH GHOSH,CPM,CPM,75000.0,37.2938,15989.0,7.9505,8,9,1449.0,0.7205,45.2443,11.5869,0.549,42.6198,https://old.eci.gov.in/files/file/3469-west-bengal-general-legislative-election-2016/,True
2016,78,Tehatta,230569.0,199060.0,199060.0,86.3342,DUTTA GOURI SANKAR,AITC,AITC,97611.0,49.036,RANJIT KUMAR MANDAL,CPM,CPM,80215.0,40.2969,17396.0,8.7391,5,6,1444.0,0.7254,49.036,8.4442,0.534,41.9858,https://old.eci.gov.in/files/file/3469-west-bengal-general-legislative-election-2016/,True
2016,79,Palashipara,218181.0,182560.0,182560.0,83.6736,TAPAS KUMAR SAHA,AITC,AITC,82127.0,44.9863,S.M.SADI,CPM,CPM,76568.0,41.9413,5559.0,3.045,7,8,1990.0,1.0901,44.9863,7.684,1.4083,45.9214,https://old.eci.gov.in/files/file/3469-west-bengal-general-legislative-election-2016/,True
2016,80,Kaliganj,217026.0,186486.0,186486.0,85.928,HASANUZZAMAN SK,INC,INC,85125.0,45.6469,AHAMED NASIRUDDIN (LAL),AITC,AITC,83898.0,44.9889,1227.0,0.658,8,9,2349.0,1.2596,44.9889,5.5623,46.7542,2.6946,https://old.eci.gov.in/files/file/3469-west-bengal-general-legislative-election-2016/,True
2016,81,Nakashipara,221339.0,189085.0,189085.0,85.4278,KALLOL KHAN,AITC,AITC,88032.0,46.5568,TANMAY GANGULI,CPM,CPM,81782.0,43.2514,6250.0,3.3054,6,7,1571.0,0.8308,46.5568,6.7292,0.935,45.779,https://old.eci.gov.in/files/file/3469-west-bengal-general-legislative-election-2016/,True
2016,82,Chapra,219864.0,187395.0,187395.0,85.2322,RUKBANUR RAHMAN,AITC,AITC,89556.0,47.79,SHAMSUL ISLAM MOLLAH,CPM,CPM,76093.0,40.6057,13463.0,7.1843,5,6,1894.0,1.0107,47.79,7.9442,0.4717,43.7941,https://old.eci.gov.in/files/file/3469-west-bengal-general-legislative-election-2016/,True
2016,83,Krishnanagar Uttar,219383.0,187738.0,187738.0,85.5755,ABANI MOHAN JOARDAR,AITC,AITC,82864.0,44.1381,ASIM KUMAR SAHA,INC,INC,69949.0,37.2588,12915.0,6.8793,7,8,3175.0,1.6912,44.1381,14.2731,38.2181,3.3707,https://old.eci.gov.in/files/file/3469-west-bengal-general-legislative-election-2016/,True
2016,84,Nabadwip,225935.0,194772.0,194772.0,86.2071,PUNDARIKAKSHYA SAHA,AITC,AITC,102228.0,52.486,SUMIT BISWAS,CPM,CPM,66432.0,34.1076,35796.0,18.3784,6,7,2139.0,1.0982,52.486,9.0039,0.8379,37.6722,https://old.eci.gov.in/files/file/3469-west-bengal-general-legislative-election-2016/,True
2016,85,Krishnanagar Dakshin,201791.0,177064.0,177064.0,87.7462,UJJAL BISWAS,AITC,AITC,80711.0,45.583,MEGHLAL SHEIKH,CPM,CPM,67897.0,38.346,12814.0,7.237,5,6,2538.0,1.4334,45.583,12.9049,0.6924,40.8197,https://old.eci.gov.in/files/file/3469-west-bengal-general-legislative-election-2016/,True
2016,86,Santipur,225358.0,200080.0,200080.0,88.7832,ARINDAM BHATTACHARYA,INC,INC,103566.0,51.7623,AJOY DEY,AITC,AITC,84078.0,42.0222,19488.0,9.7401,6,7,1901.0,0.9501,42.0222,3.746,51.7623,2.4695,https://old.eci.gov.in/files/file/3469-west-bengal-general-legislative-election-2016/,True
2016,87,Ranaghat Uttar paschim,243481.0,210586.0,210586.0,86.4897,SANKAR SINGHA,INC,INC,109607.0,52.0486,PARTHASARATHI CHATTERJEE (BABU),AITC,AITC,86187.0,40.9272,23420.0,11.1214,5,6,1829.0,0.8685,40.9272,4.8555,52.646,1.5713,https://old.eci.gov.in/files/file/3469-west-bengal-general-legislative-election-2016/,True
2016,88,Krishnaganj,251773.0,213392.0,213392.0,84.7557,SATYAJIT BISWAS,AITC,AITC,114626.0,53.7162,MRINAL BISWAS(MINI),CPM,CPM,70698.0,33.1306,43928.0,20.5856,7,8,1795.0,0.8412,53.7162,8.3138,2.3853,35.5847,https://old.eci.gov.in/files/file/3469-west-bengal-general-legislative-election-2016/,True
2016,89,Ranaghat Uttar Purba,238807.0,193678.0,193678.0,81.1023,SAMIR KUMAR PODDAR,AITC,AITC,93215.0,48.1289,BABUSONA SARKAR,CPM,CPM,78243.0,40.3985,14972.0,7.7304,6,7,1645.0,0.8493,48.1289,7.9859,0.7724,43.1128,https://old.eci.gov.in/files/file/3469-west-bengal-general-legislative-election-2016/,True
2016,90,Ranaghat Dakshin,257811.0,219215.0,219215.0,85.0293,RAMA BISWAS,CPM,CPM,104159.0,47.5145,ABIR RANJAN BISWAS,AITC,AITC,86906.0,39.6442,17253.0,7.8703,8,9,3640.0,1.6605,39.6442,8.2631,0.0,52.0927,https://old.eci.gov.in/files/file/3469-west-bengal-general-legislative-election-2016/,True
2016,91,Chakdaha,223765.0,189886.0,189886.0,84.8596,KAR RATNA GHOSH,AITC,AITC,94241.0,49.6303,BISWANATH GUPTA,CPM,CPM,70588.0,37.1739,23653.0,12.4564,6,7,2739.0,1.4424,49.6303,8.5809,0.0,41.7888,https://old.eci.gov.in/files/file/3469-west-bengal-general-legislative-election-2016/,True
2016,92,Kalyani,232145.0,189788.0,189788.0,81.7541,DR. RAMENDRA NATH BISWAS,AITC,AITC,95795.0,50.4747,ALAKESH DAS,CPM,CPM,69700.0,36.7252,26095.0,13.7495,6,7,2851.0,1.5022,50.4747,8.2777,0.0,41.2476,https://old.eci.gov.in/files/file/3469-west-bengal-general-legislative-election-2016/,True
2016,93,Haringhata,219310.0,191359.0,191359.0,87.255,NILIMA NAG (MALLICK),AITC,AITC,94530.0,49.3993,AJOY DAS,CPM,CPM,73181.0,38.2428,21349.0,11.1565,7,8,1953.0,1.0206,49.3993,8.2531,0.4358,41.9118,https://old.eci.gov.in/files/file/3469-west-bengal-general-legislative-election-2016/,True
2016,94,Bagdah,258139.0,205546.0,205546.0,79.6261,DULAL CHANDRA BAR,INC,INC,102026.0,49.6366,UPENDRA NATH BISWAS,AITC,AITC,89790.0,43.6837,12236.0,5.9529,7,8,1325.0,0.6446,43.6837,4.3766,49.6366,2.3031,https://old.eci.gov.in/files/file/3469-west-bengal-general-legislative-election-2016/,True
2016,95,Bongaon Uttar,229679.0,189396.0,189396.0,82.4612,BISWAJIT DAS,AITC,AITC,95822.0,50.5935,SUSHANTA BOWALI,AIFB,AIFB,62630.0,33.0683,33192.0,17.5252,7,8,2182.0,1.1521,50.5935,11.2262,33.5081,4.6722,https://old.eci.gov.in/files/file/3469-west-bengal-general-legislative-election-2016/,True
2016,96,Bongaon Dakshin,225008.0,187775.0,187775.0,83.4526,SURAJIT KUMAR BISWAS,AITC,AITC,92379.0,49.1966,RAMENDRANATH AUDHYA,CPM,CPM,65475.0,34.8689,26904.0,14.3277,6,7,1512.0,0.8052,49.1966,12.9858,0.4926,37.325,https://old.eci.gov.in/files/file/3469-west-bengal-general-legislative-election-2016/,True
2016,97,Gaighata,224311.0,192949.0,192949.0,86.0185,PULIN BIHARI RAY,AITC,AITC,93812.0,48.6201,KAPIL KRISHNA THAKUR,CPI,CPI,64240.0,33.2938,29572.0,15.3263,7,8,1587.0,0.8225,48.6201,14.9242,33.7691,2.6866,https://old.eci.gov.in/files/file/3469-west-bengal-general-legislative-election-2016/,True
2016,98,Swarupnagar (SC),225291.0,193161.0,193161.0,85.7384,BINA MANDAL,AITC,AITC,93807.0,48.5642,DHIMAN SARKAR,CPM,CPM,81866.0,42.3823,11941.0,6.1819,5,6,1916.0,0.9919,48.5642,6.6608,0.8376,43.9374,https://old.eci.gov.in/files/file/3469-west-bengal-general-legislative-election-2016/,True
2016,99,Baduria,223537.0,196150.0,196150.0,87.7483,ABDUR RAHIM QUAZI,INC,INC,98408.0,50.1698,AMIR ALI,AITC,AITC,76163.0,38.829,22245.0,11.3408,5,6,1654.0,0.8432,38.829,8.9875,50.7459,1.4376,https://old.eci.gov.in/files/file/3469-west-bengal-general-legislative-election-2016/,True
2016,100,Habra,219299.0,187056.0,187056.0,85.2972,JYOTI PRIYA MALLICK,AITC,AITC,101590.0,54.3099,ASHIS KANTHA MUKHERJEE,CPM,CPM,55643.0,29.7467,45947.0,24.5632,7,8,2055.0,1.0986,54.3099,12.2781,1.0868,32.3252,https://old.eci.gov.in/files/file/3469-west-bengal-general-legislative-election-2016/,True
2016,101,Ashoknagar,227073.0,196181.0,196181.0,86.3956,DHIMAN ROY,AITC,AITC,98042.0,49.9753,SATYASEBI KAR,CPM,CPM,75143.0,38.3029,22899.0,11.6724,7,8,1798.0,0.9165,49.9753,8.3744,0.6433,41.007,https://old.eci.gov.in/files/file/3469-west-bengal-general-legislative-election-2016/,True
2016,102,Amdanga,216064.0,192395.0,192395.0,89.0454,RAFIQUR RAHAMAN,AITC,AITC,96193.0,49.9977,ABDUS SATTAR,CPM,CPM,73228.0,38.0613,22965.0,11.9364,7,8,1808.0,0.9397,49.9977,8.1556,0.6123,41.2344,https://old.eci.gov.in/files/file/3469-west-bengal-general-legislative-election-2016/,True
2016,103,Bijpur,179608.0,124776.0,124776.0,69.4713,SUBHRANSHU ROY,AITC,AITC,76842.0,61.584,DR. RABINDRA NATH MUKHERJEE,CPM,CPM,28888.0,23.1519,47954.0,38.4321,7,8,1484.0,1.1893,61.584,11.0045,1.3737,26.0378,https://old.eci.gov.in/files/file/3469-west-bengal-general-legislative-election-2016/,True
2016,104,Naihati,180923.0,146401.0,146401.0,80.919,PARTHA BHOWMICK,AITC,AITC,74057.0,50.585,GARGI CHATTERJEE,CPM,CPM,45429.0,31.0305,28628.0,19.5545,8,9,2463.0,1.6824,50.585,13.642,0.8135,34.9595,https://old.eci.gov.in/files/file/3469-west-bengal-general-legislative-election-2016/,True
2016,105,Bhatpara,144737.0,108577.0,108577.0,75.0168,ARJUN SINGH,AITC,AITC,59253.0,54.5723,JITENDRA SHAW (JITU),IND,IND,30318.0,27.923,28935.0,26.6493,7,8,2015.0,1.8558,54.5723,13.2008,0.6337,31.5932,https://old.eci.gov.in/files/file/3469-west-bengal-general-legislative-election-2016/,True
2016,106,Jagatdal,208153.0,165461.0,165461.0,79.4901,PARASH DUTTA,AITC,AITC,76712.0,46.3626,HARIPADA BISWAS,AIFB,AIFB,49667.0,30.0173,27045.0,16.3453,7,8,2608.0,1.5762,46.3626,18.4787,30.887,4.2717,https://old.eci.gov.in/files/file/3469-west-bengal-general-legislative-election-2016/,True
2016,107,Noapara,242190.0,189193.0,189193.0,78.1176,MADHUSUDAN GHOSE,INC,INC,79548.0,42.046,MANJU BASU,AITC,AITC,78453.0,41.4672,1095.0,0.5788,5,6,3236.0,1.7104,41.4672,12.4629,42.046,4.0239,https://old.eci.gov.in/files/file/3469-west-bengal-general-legislative-election-2016/,True
2016,108,Barrackpur,201231.0,144444.0,144444.0,71.7802,SILBHADRA DATTA,AITC,AITC,58109.0,40.2294,DEBASISH BHOWMICK,CPM,CPM,50790.0,35.1624,7319.0,5.067,6,7,2733.0,1.8921,40.2294,20.2341,0.0,39.5365,https://old.eci.gov.in/files/file/3469-west-bengal-general-legislative-election-2016/,True
2016,109,Khardaha,204874.0,168556.0,168556.0,82.273,AMIT MITRA,AITC,AITC,83688.0,49.65,ASIM KUMAR DASGUPTA,CPM,CPM,62488.0,37.0725,21200.0,12.5775,5,6,3169.0,1.8801,49.65,9.6828,0.0,40.6672,https://old.eci.gov.in/files/file/3469-west-bengal-general-legislative-election-2016/,True
2016,110,Dum Dum Uttar,240100.0,198254.0,198254.0,82.5714,TANMOY BHATTACHARYA,CPM,CPM,91959.0,46.3844,CHANDRIMA BHATTACHARYA,AITC,AITC,85410.0,43.0811,6549.0,3.3033,4,5,3518.0,1.7745,43.0811,7.7779,0.0,49.141,https://old.eci.gov.in/files/file/3469-west-bengal-general-legislative-election-2016/,True
2016,111,Panihati,209894.0,164551.0,164551.0,78.3972,NIRMAL GHOSH,AITC,AITC,73545.0,44.6944,SANMOY BANDYOPADHYAY,INC,INC,70515.0,42.853,3030.0,1.8414,5,6,2854.0,1.7344,44.6944,9.058,42.853,3.3946,https://old.eci.gov.in/files/file/3469-west-bengal-general-legislative-election-2016/,True
2016,112,Kamarhati,184281.0,137943.0,137943.0,74.8547,MANASH MUKHERJEE,CPM,CPM,62194.0,45.0867,MADAN MITRA,AITC,AITC,57996.0,42.0435,4198.0,3.0432,11,12,2623.0,1.9015,42.0435,7.8271,0.2892,49.8402,https://old.eci.gov.in/files/file/3469-west-bengal-general-legislative-election-2016/,True
2016,113,Baranagar,203781.0,156868.0,156868.0,76.9787,TAPAS ROY,AITC,AITC,76531.0,48.7869,SUKUMAR GHOSH,RSP,RSP,60431.0,38.5235,16100.0,10.2634,5,6,4129.0,2.6321,48.7869,9.0343,38.5235,3.6553,https://old.eci.gov.in/files/file/3469-west-bengal-general-legislative-election-2016/,True
2016,114,Dum dum,220783.0,174562.0,174562.0,79.065,BRATYA BASU,AITC,AITC,81579.0,46.7335,PALASH DAS,CPM,CPM,72263.0,41.3968,9316.0,5.3367,5,6,3506.0,2.0085,46.7335,8.3351,0.0,44.9314,https://old.eci.gov.in/files/file/3469-west-bengal-general-legislative-election-2016/,True
2016,115,Rajarhat new town,235946.0,198890.0,198890.0,84.2947,SABYA SACHI DUTTA,AITC,AITC,90671.0,45.5885,NARENDRA NATH CHATTERJEE (BALAI),CPM,CPM,81478.0,40.9664,9193.0,4.6221,6,7,2332.0,1.1725,45.5885,8.9884,0.0,45.4231,https://old.eci.gov.in/files/file/3469-west-bengal-general-legislative-election-2016/,True
2016,116,Bidhannagar,226897.0,154303.0,154303.0,68.0057,SUJIT BOSE,AITC,AITC,66130.0,42.8572,ARUNAVA GHOSH,INC,INC,59142.0,38.3285,6988.0,4.5287,9,10,3255.0,2.1095,42.8572,14.0859,38.6739,4.383,https://old.eci.gov.in/files/file/3469-west-bengal-general-legislative-election-2016/,True
2016,117,Rajarhat gopalpur,229140.0,164314.0,164314.0,71.709,PURNENDU BASU,AITC,AITC,72793.0,44.3012,NEPALDEB BHATTACHARJEE,CPM,CPM,65919.0,40.1177,6874.0,4.1835,5,6,3780.0,2.3005,44.3012,11.9789,0.0,43.7199,https://old.eci.gov.in/files/file/3469-west-bengal-general-legislative-election-2016/,True
2016,118,Madhyamgram,239765.0,207704.0,207704.0,86.6282,RATHIN GHOSH,AITC,AITC,110271.0,53.0905,TAPAS MAJUMDER,INC,INC,74467.0,35.8525,35804.0,17.238,4,5,2932.0,1.4116,53.0905,8.256,35.8525,2.801,https://old.eci.gov.in/files/file/3469-west-bengal-general-legislative-election-2016/,True
2016,119,Barasat,248132.0,205770.0,205770.0,82.9276,CHIRANJEET CHAKRABARTI,AITC,AITC,99667.0,48.4361,CHATTOPADHYAY SANJIB,AIFB,AIFB,74668.0,36.2871,24999.0,12.149,6,7,3731.0,1.8132,48.4361,10.9525,36.8849,3.7265,https://old.eci.gov.in/files/file/3469-west-bengal-general-legislative-election-2016/,True
2016,120,Deganga,215780.0,191509.0,191509.0,88.752,RAHIMA MONDAL,AITC,AITC,97412.0,50.8655,MD. HASANOOR JAMAN CHOWDHURY,AIFB,AIFB,71422.0,37.2943,25990.0,13.5712,7,8,1589.0,0.8297,50.8655,6.3047,38.2102,4.6196,https://old.eci.gov.in/files/file/3469-west-bengal-general-legislative-election-2016/,True
2016,121,Haroa,231183.0,200622.0,200622.0,86.7806,ISLAM SK. NURUL (HAJI),AITC,AITC,113001.0,56.3253,IMTIAZ HOSSAIN,CPM,CPM,70594.0,35.1876,42407.0,21.1377,4,5,2741.0,1.3663,56.3253,5.5218,0.0,38.1529,https://old.eci.gov.in/files/file/3469-west-bengal-general-legislative-election-2016/,True
2016,122,Minakhan (SC),209028.0,185101.0,185101.0,88.5532,USHA RANI MONDAL,AITC,AITC,103210.0,55.7587,DINABANDHU MONDAL,CPM,CPM,60612.0,32.7454,42598.0,23.0133,4,5,3718.0,2.0086,55.7587,7.329,0.0,36.9123,https://old.eci.gov.in/files/file/3469-west-bengal-general-legislative-election-2016/,True
2016,123,Sandeshkhali (ST),215194.0,187519.0,187519.0,87.1395,SUKUMAR MAHATA,AITC,AITC,96556.0,51.4913,NIRAPADA SARDAR,CPM,CPM,58366.0,31.1254,38190.0,20.3659,7,8,2952.0,1.5742,51.4913,12.7139,0.6495,35.1453,https://old.eci.gov.in/files/file/3469-west-bengal-general-legislative-election-2016/,True
2016,124,Basirhat Dakshin,249807.0,216639.0,216639.0,86.7225,DIPENDU BISWAS (MITHU),AITC,AITC,88085.0,40.6598,SAMIK BHATTACHARYA,BJP,BJP,64027.0,29.5547,24058.0,11.1051,8,9,1949.0,0.8997,40.6598,29.5547,27.5011,2.2844,https://old.eci.gov.in/files/file/3469-west-bengal-general-legislative-election-2016/,True
2016,125,Basirhat Uttar,238670.0,213885.0,213885.0,89.6154,RAFIKUL ISLAM MONDAL,CPM,CPM,97828.0,45.7386,A.T.M. ABDULLAH (RONY),AITC,AITC,97336.0,45.5086,492.0,0.23,4,5,2643.0,1.2357,45.5086,6.1117,0.0,48.3797,https://old.eci.gov.in/files/file/3469-west-bengal-general-legislative-election-2016/,True
2016,126,Hingalganj (SC),212172.0,178771.0,178771.0,84.2576,DEBES MANDAL,AITC,AITC,94753.0,53.0024,ANANDAMAY MANDAL,CPI,CPI,64449.0,36.0511,30304.0,16.9513,5,6,1854.0,1.0371,53.0024,8.0142,36.0511,2.9323,https://old.eci.gov.in/files/file/3469-west-bengal-general-legislative-election-2016/,True
2016,127,Gosaba,211897.0,179578.0,179578.0,84.7478,JAYANTA NASKAR,AITC,AITC,90716.0,50.5162,UTTAM KUMAR SAHA,RSP,RSP,71045.0,39.5622,19671.0,10.954,7,8,3109.0,1.7313,50.5162,6.4061,40.1469,2.9308,https://old.eci.gov.in/files/file/3469-west-bengal-general-legislative-election-2016/,True
2016,128,Basanti,225157.0,181507.0,181507.0,80.6135,GOBINDA CHANDRA NASKAR,AITC,AITC,90522.0,49.8725,SUBHAS NASKAR,RSP,RSP,73915.0,40.7229,16607.0,9.1496,5,6,4487.0,2.4721,49.8725,5.7149,40.7229,3.6897,https://old.eci.gov.in/files/file/3469-west-bengal-general-legislative-election-2016/,True
2016,129,Kultali,230180.0,197859.0,197859.0,85.9584,RAM SANKAR HALDER,CPM,CPM,73932.0,37.366,GOPAL MAJHI,AITC,AITC,62212.0,31.4426,11720.0,5.9234,7,8,1552.0,0.7844,31.4426,5.2441,24.289,39.0243,https://old.eci.gov.in/files/file/3469-west-bengal-general-legislative-election-2016/,True
2016,130,Patharpratima,236841.0,211611.0,211611.0,89.3473,SAMIR KUMAR JANA,AITC,AITC,107595.0,50.8457,PHANIBHUSHAN GIRI,INC,INC,93802.0,44.3276,13793.0,6.5181,4,5,1377.0,0.6507,50.8457,3.2805,45.2231,0.6507,https://old.eci.gov.in/files/file/3469-west-bengal-general-legislative-election-2016/,True
2016,131,Kakdwip,217094.0,195053.0,195053.0,89.8473,MANTURAM PAKHIRA,AITC,AITC,104750.0,53.7034,RAFIK UDDIN MOLLA,INC,INC,79831.0,40.9279,24919.0,12.7755,6,7,1130.0,0.5793,53.7034,3.3837,41.5841,1.3288,https://old.eci.gov.in/files/file/3469-west-bengal-general-legislative-election-2016/,True
2016,132,Sagar,243055.0,217806.0,217806.0,89.6118,BANKIM CHANDRA HAZRA,AITC,AITC,112812.0,51.7947,ASIM KUMAR MANDAL,CPM,CPM,94741.0,43.4979,18071.0,8.2968,6,7,1472.0,0.6758,51.7947,3.2951,0.2245,44.6857,https://old.eci.gov.in/files/file/3469-west-bengal-general-legislative-election-2016/,True
2016,133,Kulpi,194927.0,169266.0,169266.0,86.8356,JOGARANJAN HALDER,AITC,AITC,84036.0,49.6473,REJAUL HAQUE KHAN,CPM,CPM,72581.0,42.8798,11455.0,6.7675,6,7,1311.0,0.7745,49.6473,4.9827,0.6363,44.7337,https://old.eci.gov.in/files/file/3469-west-bengal-general-legislative-election-2016/,True
2016,134,Raidighi,243711.0,217640.0,217640.0,89.3025,DEBASREE ROY,AITC,AITC,101161.0,46.4809,KANTI GANGULY,CPM,CPM,99932.0,45.9162,1229.0,0.5647,9,10,1710.0,0.7857,46.4809,3.5393,2.08,47.8998,https://old.eci.gov.in/files/file/3469-west-bengal-general-legislative-election-2016/,True
2016,135,Mandirbazar,206590.0,178941.0,178941.0,86.6165,HALDER JOYDEB,AITC,AITC,94339.0,52.7207,DR. SARAT CHANDRA HALDAR,CPM,CPM,69400.0,38.7837,24939.0,13.937,8,9,1460.0,0.8159,52.7207,4.8357,1.0327,41.4109,https://old.eci.gov.in/files/file/3469-west-bengal-general-legislative-election-2016/,True
2016,136,Jaynagar,211270.0,178269.0,178269.0,84.3797,BISWANATH DAS,AITC,AITC,64582.0,36.2273,SUJIT PATWARI,INC,INC,49531.0,27.7844,15051.0,8.4429,10,11,1548.0,0.8684,36.2273,10.128,49.8841,3.7606,https://old.eci.gov.in/files/file/3469-west-bengal-general-legislative-election-2016/,True
2016,137,Baruipur Purba,222583.0,191966.0,191966.0,86.2447,NIRMAL CHANDRA MONDAL,AITC,AITC,92313.0,48.0882,SUJOY MISTRY,CPM,CPM,71951.0,37.4811,20362.0,10.6071,7,8,2026.0,1.0554,48.0882,6.6356,4.8081,40.4681,https://old.eci.gov.in/files/file/3469-west-bengal-general-legislative-election-2016/,True
2016,138,Canning paschim,222418.0,190517.0,190517.0,85.6572,SHYAMAL MONDAL,AITC,AITC,93498.0,49.0759,ARNAB ROY,INC,INC,74772.0,39.2469,18726.0,9.829,6,7,2461.0,1.2917,49.0759,6.6472,41.336,2.9409,https://old.eci.gov.in/files/file/3469-west-bengal-general-legislative-election-2016/,True
2016,139,Canning Purba,220662.0,193528.0,193528.0,87.7034,SAOKAT MOLLA,AITC,AITC,115264.0,59.5593,AJIJER RAHAMAN MOLLA,CPM,CPM,60230.0,31.1221,55034.0,28.4372,4,5,3193.0,1.6499,59.5593,6.3521,1.3166,32.772,https://old.eci.gov.in/files/file/3469-west-bengal-general-legislative-election-2016/,True
2016,140,Baruipur paschim,212898.0,182604.0,182604.0,85.7707,BIMAN BANERJEE,AITC,AITC,99945.0,54.7332,SAFIUDDIN KHAN,CPM,CPM,63413.0,34.7271,36532.0,20.0061,7,8,2217.0,1.2141,54.7332,7.5639,0.6221,37.0808,https://old.eci.gov.in/files/file/3469-west-bengal-general-legislative-election-2016/,True
2016,141,Magrahat Purba,212019.0,183744.0,183744.0,86.6639,NAMITA SAHA .,AITC,AITC,89486.0,48.7015,CHANDAN SAHA,CPM,CPM,79926.0,43.4986,9560.0,5.2029,6,7,1491.0,0.8115,48.7015,5.1485,0.6166,45.5334,https://old.eci.gov.in/files/file/3469-west-bengal-general-legislative-election-2016/,True
2016,142,Magrahat paschim,201242.0,172520.0,172520.0,85.7276,GIAS UDDIN MOLLA,AITC,AITC,87482.0,50.7083,KHALID EBADULLAH,INC,INC,71593.0,41.4984,15889.0,9.2099,10,11,1870.0,1.0839,50.7083,4.0158,41.4984,3.7775,https://old.eci.gov.in/files/file/3469-west-bengal-general-legislative-election-2016/,True
2016,143,Diamond harbour,226308.0,199346.0,199346.0,88.0861,DIPAK KUMAR HALDER,AITC,AITC,96833.0,48.5753,DR. ABUL HASNAT,CPM,CPM,81796.0,41.0322,15037.0,7.5431,10,11,2109.0,1.058,48.5753,7.331,0.1896,43.9041,https://old.eci.gov.in/files/file/3469-west-bengal-general-legislative-election-2016/,True
2016,144,Falta,212340.0,188183.0,188183.0,88.6234,TAMONASH GHOSH,AITC,AITC,94381.0,50.1538,BIDHAN PARUI,CPM,CPM,70801.0,37.6235,23580.0,12.5303,7,8,1813.0,0.9634,50.1538,8.3764,0.9555,40.5143,https://old.eci.gov.in/files/file/3469-west-bengal-general-legislative-election-2016/,True
2016,145,Satgachia,244474.0,208797.0,208797.0,85.4066,SONALI GUHA (BOSE),AITC,AITC,100171.0,47.9753,PARAMITA GHOSH,CPM,CPM,82899.0,39.7032,17272.0,8.2721,6,7,2902.0,1.3899,47.9753,9.0313,0.7036,42.2898,https://old.eci.gov.in/files/file/3469-west-bengal-general-legislative-election-2016/,True
2016,146,Bishnupur,248769.0,204593.0,204593.0,82.2422,DILIP MONDAL,AITC,AITC,107129.0,52.362,ALOKE SARDAR,CPM,CPM,76499.0,37.3908,30630.0,14.9712,6,7,2402.0,1.174,52.362,6.9719,0.0,40.6661,https://old.eci.gov.in/files/file/3469-west-bengal-general-legislative-election-2016/,True
2016,147,Sonarpur Dakshin,247193.0,203884.0,203884.0,82.4797,JIBAN MUKHOPADHYAY,AITC,AITC,97455.0,47.7992,TARIT CHAKRABORTY,CPI,CPI,82426.0,40.4279,15029.0,7.3713,8,9,3023.0,1.4827,47.7992,7.7176,40.9493,3.5339,https://old.eci.gov.in/files/file/3469-west-bengal-general-legislative-election-2016/,True
2016,148,Bhangore,234029.0,205927.0,205927.0,87.9921,ABDUR RAZZAK MOLLA,AITC,AITC,102087.0,49.5744,ABDUR RASID GAZI,CPM,CPM,83963.0,40.7732,18124.0,8.8012,6,7,2423.0,1.1766,49.5744,4.6439,0.0,45.7817,https://old.eci.gov.in/files/file/3469-west-bengal-general-legislative-election-2016/,True
2016,149,Kasba,267233.0,197086.0,197086.0,73.7506,AHMED JAVED KHAN-&#203;&QUOT;,AITC,AITC,91679.0,46.5173,SHATARUP GHOSH,CPM,CPM,79795.0,40.4874,11884.0,6.0299,10,11,3713.0,1.8839,46.5173,8.9047,0.0,44.578,https://old.eci.gov.in/files/file/3469-west-bengal-general-legislative-election-2016/,True
2016,150,Jadavpur,273803.0,204017.0,204017.0,74.5123,SUJAN CHAKRABORTY,CPM,CPM,98977.0,48.5141,MANISH GUPTA,AITC,AITC,84035.0,41.1902,14942.0,7.3239,9,10,4093.0,2.0062,41.1902,6.8239,0.3,51.6859,https://old.eci.gov.in/files/file/3469-west-bengal-general-legislative-election-2016/,True
2016,151,Sonarpur Uttar,247027.0,202625.0,202625.0,82.0254,FIRDOUSI BEGUM,AITC,AITC,101939.0,50.3092,JYOTIRMOYEE SIKDAR,CPM,CPM,77059.0,38.0304,24880.0,12.2788,8,9,2962.0,1.4618,50.3092,7.5104,0.7107,41.4697,https://old.eci.gov.in/files/file/3469-west-bengal-general-legislative-election-2016/,True
2016,152,Tollygunge,257702.0,193893.0,193893.0,75.2392,AROOP BISWAS,AITC,AITC,90603.0,46.7284,MADHUJA SEN ROY,CPM,CPM,80707.0,41.6245,9896.0,5.1039,8,9,3719.0,1.9181,46.7284,7.6558,0.2945,45.3213,https://old.eci.gov.in/files/file/3469-west-bengal-general-legislative-election-2016/,True
2016,153,BEHALA PURBA,278062.0,204122.0,204122.0,73.4088,SOVAN CHATTERJEE,AITC,AITC,96621.0,47.3349,PROFESSOR AMBIKESH MAHAPATRA,IND,IND,72327.0,35.4332,24294.0,11.9017,8,9,3919.0,1.9199,47.3349,10.7063,0.0,41.9588,https://old.eci.gov.in/files/file/3469-west-bengal-general-legislative-election-2016/,True
2016,154,Behala paschim,294404.0,222079.0,222079.0,75.4334,PARTHA CHATTERJEE,AITC,AITC,102114.0,45.9809,KAUSTAV CHATTERJEE,CPM,CPM,93218.0,41.9752,8896.0,4.0057,8,9,4137.0,1.8629,45.9809,8.0881,0.6727,45.2583,https://old.eci.gov.in/files/file/3469-west-bengal-general-legislative-election-2016/,True
2016,155,Maheshtala,242100.0,195827.0,195827.0,80.8868,KASTURI DAS,AITC,AITC,93675.0,47.8356,SAMIK LAHIRI,CPM,CPM,81223.0,41.4769,12452.0,6.3587,5,6,3144.0,1.6055,47.8356,7.6134,0.0,44.551,https://old.eci.gov.in/files/file/3469-west-bengal-general-legislative-election-2016/,True
2016,156,BUDGE BUDGE,228889.0,190494.0,190494.0,83.2255,ASHOK KUMAR DEB,AITC,AITC,84058.0,44.1263,SK. MUJIBAR RAHAMAN,INC,INC,76899.0,40.3682,7159.0,3.7581,8,9,2859.0,1.5008,44.1263,10.9074,41.4428,3.5235,https://old.eci.gov.in/files/file/3469-west-bengal-general-legislative-election-2016/,True
2016,157,Metiaburuz,223690.0,160288.0,160288.0,71.6563,ABDUL KHALEQUE MOLLA,AITC,AITC,79749.0,49.7536,MONIRUL ISLAM,CPM,CPM,61773.0,38.5388,17976.0,11.2148,6,7,2755.0,1.7188,49.7536,8.272,0.0,41.9744,https://old.eci.gov.in/files/file/3469-west-bengal-general-legislative-election-2016/,True
2016,158,Kolkata port,217685.0,138050.0,138050.0,63.4173,FIRHAD HAKIM,AITC,AITC,73459.0,53.2119,RAKESH SINGH,INC,INC,46911.0,33.9812,26548.0,19.2307,11,12,2164.0,1.5675,53.2119,8.4752,33.9812,4.3317,https://old.eci.gov.in/files/file/3469-west-bengal-general-legislative-election-2016/,True
2016,159,Bhabanipur,205713.0,137455.0,137455.0,66.8188,MAMATA BANERJEE,AITC,AITC,65520.0,47.6665,DEEPA DASMUNSHI,INC,INC,40219.0,29.2598,25301.0,18.4067,11,12,2461.0,1.7904,47.6665,19.1328,29.6199,3.5808,https://old.eci.gov.in/files/file/3469-west-bengal-general-legislative-election-2016/,True
2016,160,Rashbehari,205943.0,137857.0,137857.0,66.9394,SOBHANDEB CHATTOPADHYAY,AITC,AITC,60857.0,44.145,ASHUTOSH CHATTERJEE,INC,INC,46304.0,33.5884,14553.0,10.5566,7,8,3872.0,2.8087,44.145,16.9603,34.5568,4.3379,https://old.eci.gov.in/files/file/3469-west-bengal-general-legislative-election-2016/,True
2016,161,Ballygunge,241079.0,153941.0,153941.0,63.855,SUBRATA MUKHERJEE,AITC,AITC,70083.0,45.5259,KRISHNA DEBNATH,INC,INC,54858.0,35.6357,15225.0,9.8902,8,9,3433.0,2.2301,45.5259,13.396,35.6357,5.4424,https://old.eci.gov.in/files/file/3469-west-bengal-general-legislative-election-2016/,True
2016,162,Chowrangee,207400.0,116557.0,116557.0,56.1991,NAYNA BANDYOPADHYAY,AITC,AITC,55119.0,47.2893,SOMENDRANATH MITRA,INC,INC,41903.0,35.9507,13216.0,11.3386,8,9,2183.0,1.8729,47.2893,13.4758,36.4758,2.7591,https://old.eci.gov.in/files/file/3469-west-bengal-general-legislative-election-2016/,True
2016,163,Entally,206471.0,145936.0,145936.0,70.6811,SWARNA KAMAL SAHA,AITC,AITC,75841.0,51.9687,DEBESH DAS,CPM,CPM,47853.0,32.7904,27988.0,19.1783,10,11,2321.0,1.5904,51.9687,10.0606,0.0,37.9707,https://old.eci.gov.in/files/file/3469-west-bengal-general-legislative-election-2016/,True
2016,164,Beleghata,241965.0,160613.0,160613.0,66.3786,PARESH PAUL,AITC,AITC,84843.0,52.8245,RAJIB BISWAS,CPM,CPM,58664.0,36.5251,26179.0,16.2994,6,7,3153.0,1.9631,52.8245,7.17,0.0,40.0055,https://old.eci.gov.in/files/file/3469-west-bengal-general-legislative-election-2016/,True
2016,165,Jorasanko,194757.0,104630.0,104630.0,53.7234,SMITA BAKSHI,AITC,AITC,44766.0,42.7851,RAHUL(BISWAJIT)SINHA,BJP,BJP,38476.0,36.7734,6290.0,6.0117,11,12,2374.0,2.2689,42.7851,36.7734,0.6126,19.8289,https://old.eci.gov.in/files/file/3469-west-bengal-general-legislative-election-2016/,True
2016,166,Shyampukur,171045.0,116816.0,116816.0,68.2955,SHASHI PANJA,AITC,AITC,53507.0,45.8045,PIYALI PAL,AIFB,AIFB,40352.0,34.5432,13155.0,11.2613,9,10,2700.0,2.3113,45.8045,15.7324,35.0731,3.39,https://old.eci.gov.in/files/file/3469-west-bengal-general-legislative-election-2016/,True
2016,167,Maniktala,207442.0,144587.0,144587.0,69.7,SADHAN PANDE,AITC,AITC,73157.0,50.5972,RAJIB MAJUMDER,CPM,CPM,47846.0,33.0915,25311.0,17.5057,7,8,3141.0,2.1724,50.5972,12.5523,0.0,36.8505,https://old.eci.gov.in/files/file/3469-west-bengal-general-legislative-election-2016/,True
2016,168,Kashipur-Belgachia,221148.0,143391.0,143391.0,64.8394,MALA SAHA,AITC,AITC,72264.0,50.3965,KANINIKA BOSE (GHOSH),CPM,CPM,46454.0,32.3967,25810.0,17.9998,7,8,2646.0,1.8453,50.3965,13.4548,0.0,36.1487,https://old.eci.gov.in/files/file/3469-west-bengal-general-legislative-election-2016/,True
2016,169,Bally,159941.0,112192.0,112192.0,70.1459,BAISHALI DALMIYA,AITC,AITC,52702.0,46.9748,SAUMENDRANATH BERA,CPM,CPM,37299.0,33.2457,15403.0,13.7291,13,14,1598.0,1.4243,46.9748,15.5252,0.5268,36.9732,https://old.eci.gov.in/files/file/3469-west-bengal-general-legislative-election-2016/,True
2016,170,Howrah Uttar,198230.0,134646.0,134646.0,67.9241,LAXMI RATAN SHUKLA,AITC,AITC,61917.0,45.985,SANTOSH KUMAR PATHAK,INC,INC,34958.0,25.9629,26959.0,20.0221,15,16,1070.0,0.7947,45.985,23.3323,25.9629,4.7198,https://old.eci.gov.in/files/file/3469-west-bengal-general-legislative-election-2016/,True
2016,171,Howrah madhya,245161.0,175876.0,175876.0,71.739,ARUP ROY (APU),AITC,AITC,91800.0,52.1959,AMITABHA DUTTA,JD(U),JD(U),38806.0,22.0644,52994.0,30.1315,12,13,4135.0,2.3511,52.1959,20.2933,0.7539,26.7569,https://old.eci.gov.in/files/file/3469-west-bengal-general-legislative-election-2016/,True
2016,172,Shibpur,216988.0,169839.0,169839.0,78.2711,JATU LAHIRI,AITC,AITC,88076.0,51.8585,JAGANNATH BHATTACHARYYA,AIFB,AIFB,61062.0,35.9529,27014.0,15.9056,7,8,3132.0,1.8441,51.8585,7.868,36.4092,3.8643,https://old.eci.gov.in/files/file/3469-west-bengal-general-legislative-election-2016/,True
2016,173,Howrah Dakshin,266645.0,196038.0,196038.0,73.5202,BRAJAMOHAN MAJUMDER,AITC,AITC,93689.0,47.7912,ARINDAM BASU (BABU),CPM,CPM,77495.0,39.5306,16194.0,8.2606,10,11,3816.0,1.9466,47.7912,8.303,0.3861,43.5197,https://old.eci.gov.in/files/file/3469-west-bengal-general-legislative-election-2016/,True
2016,174,Sankrail,244188.0,192874.0,192874.0,78.9859,SITAL KUMAR SARDAR,AITC,AITC,86212.0,44.6986,SAMIR MALICK,CPM,CPM,71455.0,37.0475,14757.0,7.6511,8,9,2195.0,1.138,44.6986,14.5204,0.0,40.781,https://old.eci.gov.in/files/file/3469-west-bengal-general-legislative-election-2016/,True
2016,175,Panchla,235296.0,190868.0,190868.0,81.1183,GULSAN MULLICK,AITC,AITC,101126.0,52.9822,DOLI ROY,AIFB,AIFB,69199.0,36.2549,31927.0,16.7273,6,7,1852.0,0.9703,52.9822,8.4173,36.2549,2.3456,https://old.eci.gov.in/files/file/3469-west-bengal-general-legislative-election-2016/,True
2016,176,Uluberia Purba,205989.0,171104.0,171104.0,83.0646,HAIDER AZIZ SAFWI,AITC,AITC,72192.0,42.1919,SABIRUDDIN MOLLA,CPM,CPM,55923.0,32.6836,16269.0,9.5083,12,13,2362.0,1.3804,42.1919,16.4982,0.239,41.0709,https://old.eci.gov.in/files/file/3469-west-bengal-general-legislative-election-2016/,True
2016,177,Uluberia Uttar,199453.0,164965.0,164965.0,82.7087,DR. NIRMAL MAJI,AITC,AITC,79390.0,48.1254,AMIYA KUMAR MONDAL,INC,INC,65208.0,39.5284,14182.0,8.597,9,10,1909.0,1.1572,48.1254,8.1575,39.5284,4.1887,https://old.eci.gov.in/files/file/3469-west-bengal-general-legislative-election-2016/,True
2016,178,Uluberia Dakshin,207700.0,177239.0,177239.0,85.3341,PULAK ROY,AITC,AITC,95902.0,54.1089,MD.NASIRUDDIN,AIFB,AIFB,60558.0,34.1674,35344.0,19.9415,5,6,2208.0,1.2458,54.1089,8.0338,34.1674,3.6899,https://old.eci.gov.in/files/file/3469-west-bengal-general-legislative-election-2016/,True
2016,179,Shyampur,237075.0,203631.0,203631.0,85.8931,KALIPADA MANDAL,AITC,AITC,108619.0,53.3411,AMITABHA CHAKRABORTY,INC,INC,82033.0,40.2851,26586.0,13.056,7,8,1524.0,0.7484,53.3411,3.9655,40.647,2.0464,https://old.eci.gov.in/files/file/3469-west-bengal-general-legislative-election-2016/,True
2016,180,Bagnan,210509.0,180838.0,180838.0,85.9051,ARUNAVA SEN(RAJA),AITC,AITC,97834.0,54.1004,MINA MUKHERJEE GHOSH,CPM,CPM,67637.0,37.402,30197.0,16.6984,9,10,2222.0,1.2287,54.1004,5.7134,0.5231,39.6631,https://old.eci.gov.in/files/file/3469-west-bengal-general-legislative-election-2016/,True
2016,181,Amta,237254.0,189475.0,189475.0,79.8617,ASIT MITRA,INC,INC,89149.0,47.0505,TUSHAR KANTI SIL,AITC,AITC,84645.0,44.6734,4504.0,2.3771,6,7,1794.0,0.9468,44.6734,5.8293,47.4669,2.0304,https://old.eci.gov.in/files/file/3469-west-bengal-general-legislative-election-2016/,True
2016,182,Udaynarayanpur,216283.0,181931.0,181931.0,84.1171,SAMIR KUMAR PANJA,AITC,AITC,94828.0,52.1231,KARAR SAROJ RANJAN,INC,INC,71070.0,39.0643,23758.0,13.0588,7,8,1971.0,1.0834,52.1231,4.593,39.0643,4.2196,https://old.eci.gov.in/files/file/3469-west-bengal-general-legislative-election-2016/,True
2016,183,Jagatballavpur,256154.0,212212.0,212212.0,82.8455,MD. ABDUL GHANI,AITC,AITC,103348.0,48.7004,BAIDYANATH BASU,CPM,CPM,78667.0,37.07,24681.0,11.6304,9,10,2345.0,1.105,48.7004,9.4552,0.0,41.8444,https://old.eci.gov.in/files/file/3469-west-bengal-general-legislative-election-2016/,True
2016,184,Domjur,259741.0,219557.0,219557.0,84.5292,RAJIB BANERJEE,AITC,AITC,148768.0,67.7583,PROTIMA DUTTA W/O - LATE TAPAN KUMAR DUTTA,IND,IND,41067.0,18.7045,107701.0,49.0538,8,9,2710.0,1.2343,67.7583,7.0547,0.0,25.187,https://old.eci.gov.in/files/file/3469-west-bengal-general-legislative-election-2016/,True
2016,185,Uttarpara,242165.0,189155.0,189155.0,78.11,PRABIR KUMAR GHOSAL,AITC,AITC,84918.0,44.8933,PROF. DR.SRUTINATH PRAHARAJ,CPM,CPM,72918.0,38.5493,12000.0,6.344,5,6,4444.0,2.3494,44.8933,12.5225,0.9146,41.6696,https://old.eci.gov.in/files/file/3469-west-bengal-general-legislative-election-2016/,True
2016,186,Sreerampur,230977.0,171296.0,171296.0,74.1615,DR. SUDIPTA ROY,AITC,AITC,74995.0,43.7809,SUBHANKAR SARKAR,INC,INC,65088.0,37.9974,9907.0,5.7835,6,7,2965.0,1.7309,43.7809,14.0453,38.8865,3.2873,https://old.eci.gov.in/files/file/3469-west-bengal-general-legislative-election-2016/,True
2016,187,Champdani,239803.0,184262.0,184262.0,76.8389,ABDUL MANNAN,INC,INC,81330.0,44.1382,MUZAFFAR KHAN,AITC,AITC,74048.0,40.1863,7282.0,3.9519,4,5,3602.0,1.9548,40.1863,12.6901,45.1688,1.9548,https://old.eci.gov.in/files/file/3469-west-bengal-general-legislative-election-2016/,True
2016,188,Singur,231103.0,195444.0,195444.0,84.5701,RABINDRANATH BHATTACHARYA E,AITC,AITC,96212.0,49.2274,RABIN DEB,CPM,CPM,75885.0,38.827,20327.0,10.4004,6,7,3098.0,1.5851,49.2274,7.2983,0.8529,42.6214,https://old.eci.gov.in/files/file/3469-west-bengal-general-legislative-election-2016/,True
2016,189,Chandannagore,214035.0,168905.0,168905.0,78.9147,INDRANIL SEN E,AITC,AITC,75727.0,44.8341,GAUTAM SARKAR SON OF KARTICK CHANDRA SARKAR,CPM,CPM,73613.0,43.5825,2114.0,1.2516,5,6,3853.0,2.2812,44.8341,7.8346,0.5932,46.7381,https://old.eci.gov.in/files/file/3469-west-bengal-general-legislative-election-2016/,True
2016,190,Chunchura,294743.0,241538.0,241538.0,81.9487,ASIT MAZUMDER (TAPAN),AITC,AITC,118501.0,49.061,DR. PRANAB KUMAR GHOSH,AIFB,AIFB,88817.0,36.7714,29684.0,12.2896,5,6,5603.0,2.3197,49.061,10.4,37.6855,2.8535,https://old.eci.gov.in/files/file/3469-west-bengal-general-legislative-election-2016/,True
2016,191,Balagarh,237968.0,203683.0,203683.0,85.5926,ASHIM KUMAR MAJHI,AITC,AITC,96472.0,47.3638,PANCHU GOPAL MONDAL,CPM,CPM,78635.0,38.6066,17837.0,8.7572,5,6,3875.0,1.9025,47.3638,10.1908,0.8435,41.6019,https://old.eci.gov.in/files/file/3469-west-bengal-general-legislative-election-2016/,True
2016,192,Pandua,245026.0,209433.0,209433.0,85.4738,AMJAD HOSSAIN SK.,CPM,CPM,91489.0,43.6841,SAIYAD RAHIM NABI,AITC,AITC,90097.0,43.0195,1392.0,0.6646,7,8,2731.0,1.304,43.0195,8.1558,0.8399,47.9848,https://old.eci.gov.in/files/file/3469-west-bengal-general-legislative-election-2016/,True
2016,193,Saptagram,214875.0,180292.0,180292.0,83.9055,TAPAN DASGUPTA,AITC,AITC,88208.0,48.9251,DILIP NATH,INC,INC,69641.0,38.6268,18567.0,10.2983,5,6,2904.0,1.6107,48.9251,9.1485,39.4788,2.4476,https://old.eci.gov.in/files/file/3469-west-bengal-general-legislative-election-2016/,True
2016,194,Chanditala,240383.0,190300.0,190300.0,79.1653,SWATI KHANDOKER,AITC,AITC,91874.0,48.2785,AZIM ALI MD. SK.,CPM,CPM,77698.0,40.8292,14176.0,7.4493,6,7,3305.0,1.7367,48.2785,6.7488,0.6222,44.3505,https://old.eci.gov.in/files/file/3469-west-bengal-general-legislative-election-2016/,True
2016,195,Jangipara,234350.0,195515.0,195515.0,83.4286,SNEHASIS CHAKRABORTY,AITC,AITC,99324.0,50.8012,POBITRA SINGHA ROY,CPM,CPM,75719.0,38.728,23605.0,12.0732,5,6,2826.0,1.4454,50.8012,7.0153,0.0,42.1835,https://old.eci.gov.in/files/file/3469-west-bengal-general-legislative-election-2016/,True
2016,196,Haripal,246588.0,208398.0,208398.0,84.5126,BECHARAM MANNA E,AITC,AITC,110899.0,53.215,JOGIYANANDA MISHRA,CPM,CPM,79424.0,38.1117,31475.0,15.1033,6,7,3526.0,1.692,53.215,5.3379,0.8704,40.5767,https://old.eci.gov.in/files/file/3469-west-bengal-general-legislative-election-2016/,True
2016,197,Dhanekhali,249887.0,217750.0,217750.0,87.1394,ASIMA PATRA,AITC,AITC,125298.0,57.5421,PRADIP MAJUMDAR,AIFB,AIFB,66654.0,30.6103,58644.0,26.9318,6,7,3709.0,1.7033,57.5421,7.5031,31.4158,3.539,https://old.eci.gov.in/files/file/3469-west-bengal-general-legislative-election-2016/,True
2016,198,Tarakeswar,221972.0,192276.0,192276.0,86.6217,RACHHPAL SINGH E,AITC,AITC,97588.0,50.7541,SURAJIT GHOSH,NCP,NCP,69898.0,36.353,27690.0,14.4011,4,5,3983.0,2.0715,50.7541,9.3558,0.0,39.8901,https://old.eci.gov.in/files/file/3469-west-bengal-general-legislative-election-2016/,True
2016,199,Pursurah,238626.0,206014.0,206014.0,86.3334,DR. M. NURUZZAMAN,AITC,AITC,105275.0,51.1009,PRATIM SINGHA ROY,INC,INC,76148.0,36.9625,29127.0,14.1384,4,5,3646.0,1.7698,51.1009,8.8809,36.9625,3.0557,https://old.eci.gov.in/files/file/3469-west-bengal-general-legislative-election-2016/,True
2016,200,Arambagh,232765.0,199710.0,199710.0,85.799,KRISHNA CHANDRA SANTRA,AITC,AITC,107579.0,53.8676,ASIT MALIK,CPM,CPM,71122.0,35.6126,36457.0,18.255,3,4,3748.0,1.8767,53.8676,8.643,0.0,37.4894,https://old.eci.gov.in/files/file/3469-west-bengal-general-legislative-election-2016/,True
2016,201,Goghat,224139.0,198462.0,198462.0,88.5442,MANAS MAJUMDAR,AITC,AITC,102958.0,51.8779,BISWANATH KARAK,AIFB,AIFB,72072.0,36.3153,30886.0,15.5626,3,4,4423.0,2.2286,51.8779,9.5782,36.3153,2.2286,https://old.eci.gov.in/files/file/3469-west-bengal-general-legislative-election-2016/,True
2016,202,Khanakul,250715.0,197780.0,197780.0,78.8864,IQBAL AHMED,AITC,AITC,106878.0,54.0388,ISLAM ALI KHAN,CPM,CPM,63391.0,32.0513,43487.0,21.9875,6,7,3638.0,1.8394,54.0388,8.9423,0.0,37.0189,https://old.eci.gov.in/files/file/3469-west-bengal-general-legislative-election-2016/,True
2016,203,Tamluk,242987.0,213410.0,213410.0,87.8277,ASHOK DINDA,CPI,CPI,95432.0,44.7177,NIRBED RAY,AITC,AITC,94912.0,44.474,520.0,0.2437,8,9,2394.0,1.1218,44.474,6.6276,46.7064,2.192,https://old.eci.gov.in/files/file/3469-west-bengal-general-legislative-election-2016/,True
2016,204,Panskura Purba,215781.0,182559.0,182559.0,84.6038,SK IBRAHIM ALI,CPM,CPM,85334.0,46.7432,BIPLAB ROY CHOWDHURY,AITC,AITC,80567.0,44.132,4767.0,2.6112,5,6,1864.0,1.021,44.132,5.5001,1.4089,48.959,https://old.eci.gov.in/files/file/3469-west-bengal-general-legislative-election-2016/,True
2016,205,Panskura paschim,246695.0,209166.0,209166.0,84.7873,PHIROJA BIBI,AITC,AITC,92427.0,44.1883,CHITTARANJAN DASTHAKUR,CPI,CPI,89282.0,42.6848,3145.0,1.5035,9,10,2125.0,1.0159,44.1883,9.2764,43.1662,3.3691,https://old.eci.gov.in/files/file/3469-west-bengal-general-legislative-election-2016/,True
2016,206,Moyna,230099.0,200955.0,200955.0,87.3341,SANGRAM KUMAR DOLAI,AITC,AITC,100980.0,50.2501,MANIK BHOWMIK,INC,INC,88856.0,44.2169,12124.0,6.0332,5,6,1182.0,0.5882,50.2501,3.2375,44.9753,1.5371,https://old.eci.gov.in/files/file/3469-west-bengal-general-legislative-election-2016/,True
2016,207,Nandakumar,228605.0,204856.0,204856.0,89.6113,SUKUMAR DE,AITC,AITC,98549.0,48.1065,SIRAJ KHAN,IND,IND,87683.0,42.8023,10866.0,5.3042,8,9,2099.0,1.0246,48.1065,5.2076,0.3398,46.3461,https://old.eci.gov.in/files/file/3469-west-bengal-general-legislative-election-2016/,True
2016,208,Mahisadal,221346.0,197146.0,197146.0,89.0669,DR.SUDARSAN GHOSH DASTIDAR,AITC,AITC,94827.0,48.0999,DR. SUBRATA MAITI,IND,IND,78118.0,39.6244,16709.0,8.4755,8,9,2025.0,1.0272,48.0999,7.1774,0.5316,44.1911,https://old.eci.gov.in/files/file/3469-west-bengal-general-legislative-election-2016/,True
2016,209,Haldia,223370.0,201981.0,201981.0,90.4244,TAPASI MONDAL,CPM,CPM,101330.0,50.1681,MADHURIMA MANDAL,AITC,AITC,79837.0,39.527,21493.0,10.6411,6,7,2383.0,1.1798,39.527,6.6694,0.4748,53.3288,https://old.eci.gov.in/files/file/3469-west-bengal-general-legislative-election-2016/,True
2016,210,Nandigram,231866.0,201552.0,201552.0,86.9261,ADHIKARI SUVENDU,AITC,AITC,134623.0,66.7932,ABDUL KABIR SEKH,CPI,CPI,53393.0,26.4909,81230.0,40.3023,5,6,1278.0,0.6341,66.7932,5.3153,26.9017,0.9898,https://old.eci.gov.in/files/file/3469-west-bengal-general-legislative-election-2016/,True
2016,211,Chandipur,223472.0,197801.0,197801.0,88.5127,AMIYAKANTI BHATTACHARJEE,AITC,AITC,95982.0,48.5245,MANGAL CHAND PRADHAN,CPM,CPM,86328.0,43.6439,9654.0,4.8806,7,8,1414.0,0.7149,48.5245,5.1365,0.3544,45.9846,https://old.eci.gov.in/files/file/3469-west-bengal-general-legislative-election-2016/,True
2016,212,Patashpur,214234.0,190000.0,190000.0,88.6881,JYOTIRMOY KAR,AITC,AITC,103567.0,54.5089,MAKHANLAL NAYAK,CPI,CPI,73679.0,38.7784,29888.0,15.7305,5,6,1112.0,0.5853,54.5089,5.3647,39.181,0.9454,https://old.eci.gov.in/files/file/3469-west-bengal-general-legislative-election-2016/,True
2016,213,Kanthi Uttar,235573.0,207184.0,207184.0,87.949,BANASRI MAITY,AITC,AITC,103783.0,50.0922,CHAKRADHAR MAIKAP,CPM,CPM,85207.0,41.1262,18576.0,8.966,6,7,1755.0,0.8471,50.0922,5.7654,0.5618,43.5806,https://old.eci.gov.in/files/file/3469-west-bengal-general-legislative-election-2016/,True
2016,214,Bhagabanpur,232640.0,205227.0,205227.0,88.2166,ARDHENDU MAITY,AITC,AITC,111201.0,54.1844,HEMANGSHU SHEKHAR MAHAPATRA,INC,INC,79258.0,38.6197,31943.0,15.5647,8,9,1149.0,0.5599,54.1844,3.8016,39.2332,2.7808,https://old.eci.gov.in/files/file/3469-west-bengal-general-legislative-election-2016/,True
2016,215,Khejuri,213629.0,190966.0,190966.0,89.3914,RANAJIT MONDAL,AITC,AITC,103699.0,54.3023,ASIM KUMAR MANDAL,IND,IND,61214.0,32.0549,42485.0,22.2474,5,6,2625.0,1.3746,54.3023,8.9356,1.5139,35.2482,https://old.eci.gov.in/files/file/3469-west-bengal-general-legislative-election-2016/,True
2016,216,Kanthi Dakshin,204691.0,173803.0,173803.0,84.9099,ADHIKARI DIBYENDU,AITC,AITC,93359.0,53.7154,UTTAM PRADHAN,CPI,CPI,59469.0,34.2163,33890.0,19.4991,7,8,2311.0,1.3297,53.7154,8.7588,34.7974,2.7284,https://old.eci.gov.in/files/file/3469-west-bengal-general-legislative-election-2016/,True
2016,217,Ramnagar,240244.0,202093.0,202093.0,84.1199,AKHIL GIRI,AITC,AITC,107081.0,52.986,TAPAS SINHA,CPM,CPM,78828.0,39.0058,28253.0,13.9802,6,7,1694.0,0.8382,52.986,6.0299,0.0,40.9841,https://old.eci.gov.in/files/file/3469-west-bengal-general-legislative-election-2016/,True
2016,218,Egra,260254.0,220890.0,220890.0,84.8748,DAS SAMARES,AITC,AITC,113334.0,51.3079,SHAIKH MAHMUD HOSSAIN,DSP(P),DSP(P),87378.0,39.5572,25956.0,11.7507,5,6,3007.0,1.3613,51.3079,5.8862,1.0594,41.7465,https://old.eci.gov.in/files/file/3469-west-bengal-general-legislative-election-2016/,True
2016,219,Dantan,211636.0,178917.0,178917.0,84.54,BIKRAM CHANDRA PRADHAN,AITC,AITC,95641.0,53.4555,SISIR KUMAR PATRA,CPI,CPI,66381.0,37.1016,29260.0,16.3539,4,5,1741.0,0.9731,53.4555,7.4655,38.106,0.973,https://old.eci.gov.in/files/file/3469-west-bengal-general-legislative-election-2016/,True
2016,220,Nayagram,205946.0,175011.0,175011.0,84.9791,DULAL MURMU,AITC,AITC,98395.0,56.2222,BAKUL MURMU,BJP,BJP,55140.0,31.5066,43255.0,24.7156,6,7,3456.0,1.9747,56.2222,31.5066,8.8823,3.3889,https://old.eci.gov.in/files/file/3469-west-bengal-general-legislative-election-2016/,True
2016,221,Gopiballavpur,206002.0,180736.0,180736.0,87.7351,CHURAMANI MAHATA,AITC,AITC,100323.0,55.508,PULIN BIHARI BASKE,CPM,CPM,50765.0,28.0879,49558.0,27.4201,6,7,3622.0,2.004,55.508,11.8062,0.7204,31.9654,https://old.eci.gov.in/files/file/3469-west-bengal-general-legislative-election-2016/,True
2016,222,Jhargram,214133.0,180537.0,180537.0,84.3107,SUKUMAR HANSDA,AITC,AITC,99233.0,54.9655,CHUNIBALA HANSDA,JKP(N),JKP(N),44005.0,24.3745,55228.0,30.591,8,9,4578.0,2.5358,54.9655,10.4372,5.1845,29.4128,https://old.eci.gov.in/files/file/3469-west-bengal-general-legislative-election-2016/,True
2016,223,Keshiary,217375.0,194260.0,194260.0,89.3663,PARESH MURMU,AITC,AITC,104890.0,53.9946,BIRAM MANDI,CPM,CPM,64141.0,33.0181,40749.0,20.9765,6,7,3041.0,1.5654,53.9946,9.2948,0.9868,35.7238,https://old.eci.gov.in/files/file/3469-west-bengal-general-legislative-election-2016/,True
2016,224,Kharagpur sadar,218231.0,156386.0,156386.0,71.6608,DILIP KUMAR GHOSH,BJP,BJP,61446.0,39.2912,GYAN SINGH SOHANPAL,INC,INC,55137.0,35.257,6309.0,4.0342,6,7,2392.0,1.5295,21.7961,39.2912,36.0934,2.8193,https://old.eci.gov.in/files/file/3469-west-bengal-general-legislative-election-2016/,True
2016,225,Narayangarh,221324.0,201065.0,201065.0,90.8465,PRODYUT KUMAR GHOSH,AITC,AITC,99311.0,49.3925,SURJYAKANTA MISHRA,CPM,CPM,85722.0,42.634,13589.0,6.7585,4,5,1786.0,0.8883,49.3925,5.1038,1.9814,43.5223,https://old.eci.gov.in/files/file/3469-west-bengal-general-legislative-election-2016/,True
2016,226,SABANG,241645.0,214392.0,214392.0,88.7219,MANAS RANJAN BHUNIA,INC,INC,126987.0,59.2312,NIRMAL GHOSH,AITC,AITC,77820.0,36.298,49167.0,22.9332,4,5,1489.0,0.6945,36.298,2.6167,60.3908,0.6945,https://old.eci.gov.in/files/file/3469-west-bengal-general-legislative-election-2016/,True
2016,227,Pingla,229666.0,207259.0,207259.0,90.2437,SAUMEN KUMAR MAHAPATRA,AITC,AITC,104416.0,50.3795,PRABODH CHANDRA SINHA,DSP(P),DSP(P),80198.0,38.6946,24218.0,11.6849,5,6,2118.0,1.0219,50.3795,8.0407,1.1522,40.4276,https://old.eci.gov.in/files/file/3469-west-bengal-general-legislative-election-2016/,True
2016,228,Kharagpur,199151.0,176797.0,176797.0,88.7754,DINEN ROY,AITC,AITC,85630.0,48.4341,SK SAJAHAN ALI,CPM,CPM,66531.0,37.6313,19099.0,10.8028,5,6,2461.0,1.392,48.4341,10.0239,1.3586,40.1834,https://old.eci.gov.in/files/file/3469-west-bengal-general-legislative-election-2016/,True
2016,229,Debra,212374.0,189271.0,189271.0,89.1215,SELIMA KHATUN (BIBI),AITC,AITC,90773.0,47.9593,JAHANGIR KARIM SK,CPM,CPM,78865.0,41.6678,11908.0,6.2915,4,5,2538.0,1.3409,47.9593,8.1513,0.8807,43.0087,https://old.eci.gov.in/files/file/3469-west-bengal-general-legislative-election-2016/,True
2016,230,Daspur,274343.0,215096.0,215096.0,78.404,MAMATA BHUNIA,AITC,AITC,113603.0,52.815,SWAPAN SANTRA,CPM,CPM,84864.0,39.454,28739.0,13.361,4,5,2104.0,0.9782,52.815,5.8699,0.8829,40.4322,https://old.eci.gov.in/files/file/3469-west-bengal-general-legislative-election-2016/,True
2016,231,Ghatal,257163.0,216371.0,216371.0,84.1377,SHANKAR DOLAI,AITC,AITC,107682.0,49.7673,KAMAL CHANDRA DOLUI,CPM,CPM,88203.0,40.7647,19479.0,9.0026,5,6,2290.0,1.0584,49.7673,4.838,1.185,44.2097,https://old.eci.gov.in/files/file/3469-west-bengal-general-legislative-election-2016/,True
2016,232,Chandrakona,250320.0,225151.0,225151.0,89.9453,CHHAYA DOLAI,AITC,AITC,117172.0,52.0415,SANTINATH BODHUK,CPM,CPM,78791.0,34.9947,38381.0,17.0468,5,6,2746.0,1.2196,52.0415,9.1094,0.6596,38.1895,https://old.eci.gov.in/files/file/3469-west-bengal-general-legislative-election-2016/,True
2016,233,Garbeta,207311.0,187735.0,187735.0,90.5572,ASHIS CHAKRABORTY (NANTI),AITC,AITC,110501.0,58.8601,SORFORAJ KHAN,CPM,CPM,49344.0,26.2839,61157.0,32.5762,4,5,3367.0,1.7935,58.8601,11.9983,1.0643,28.0773,https://old.eci.gov.in/files/file/3469-west-bengal-general-legislative-election-2016/,True
2016,234,Salboni,247363.0,223482.0,223482.0,90.3458,SRIKANTA MAHATA,AITC,AITC,120485.0,53.9126,SHYAM SUNDAR PANDEY,CPM,CPM,67583.0,30.2409,52902.0,23.6717,7,8,2551.0,1.1415,53.9126,10.7235,0.5513,34.8126,https://old.eci.gov.in/files/file/3469-west-bengal-general-legislative-election-2016/,True
2016,235,Keshpur,232684.0,204641.0,204641.0,87.948,SEULI SAHA,AITC,AITC,146579.0,71.6274,RAMESWAR DOLOI,CPM,CPM,45428.0,22.1989,101151.0,49.4285,3,4,3561.0,1.7401,71.6274,4.4336,0.0,23.939,https://old.eci.gov.in/files/file/3469-west-bengal-general-legislative-election-2016/,True
2016,236,Medinipur,251148.0,213083.0,213083.0,84.8436,MRIGENDRA NATH MAITI,AITC,AITC,106774.0,50.1091,SANTOSH RANA,CPI,CPI,73787.0,34.6283,32987.0,15.4808,6,7,4060.0,1.9054,50.1091,10.5907,35.5993,3.7009,https://old.eci.gov.in/files/file/3469-west-bengal-general-legislative-election-2016/,True
2016,237,Binpur,206031.0,173955.0,173955.0,84.4315,KHAGENDRANATH HEMBRAM,AITC,AITC,95804.0,55.074,DIBAKAR HANSDA,CPM,CPM,46481.0,26.7201,49323.0,28.3539,6,7,5158.0,2.9651,55.074,8.8914,0.9778,35.0568,https://old.eci.gov.in/files/file/3469-west-bengal-general-legislative-election-2016/,True
2016,238,Bandwan,256043.0,218036.0,218036.0,85.156,RAJIB LOCHAN SAREN,AITC,AITC,104323.0,47.8467,BESRA SUSANTA,CPM,CPM,84016.0,38.5331,20307.0,9.3136,10,11,3906.0,1.7914,47.8467,6.5911,0.36,45.2022,https://old.eci.gov.in/files/file/3469-west-bengal-general-legislative-election-2016/,True
2016,239,Balarampur,209191.0,174594.0,174594.0,83.4615,SHANTIRAM MAHATO,AITC,AITC,82086.0,47.0154,JAGADISH MAHATO,INC,INC,71882.0,41.1709,10204.0,5.8445,9,10,2878.0,1.6484,47.0154,5.1205,41.632,6.2321,https://old.eci.gov.in/files/file/3469-west-bengal-general-legislative-election-2016/,True
2016,240,Baghmundi,223462.0,188103.0,188103.0,84.1767,NEPAL MAHATA,INC,INC,88707.0,47.1587,SAMIR MAHATO,AITC,AITC,80120.0,42.5937,8587.0,4.565,7,8,2029.0,1.0787,42.5937,5.9643,47.6988,3.7432,https://old.eci.gov.in/files/file/3469-west-bengal-general-legislative-election-2016/,True
2016,241,Joypur,218701.0,179352.0,179352.0,82.0079,SHAKTIPADA MAHATO,AITC,AITC,85026.0,47.4073,DHIRENDRA NATH MAHATO,AIFB,AIFB,76263.0,42.5214,8763.0,4.8859,8,9,2838.0,1.5824,47.4073,4.5781,43.3661,4.6485,https://old.eci.gov.in/files/file/3469-west-bengal-general-legislative-election-2016/,True
2016,242,Purulia,227703.0,182528.0,182528.0,80.1606,SUDIP KUMAR MUKHERJEE,INC,INC,81365.0,44.5767,DIBYAJYOTI PRASAD SINGH DEO,AITC,AITC,76454.0,41.8862,4911.0,2.6905,12,13,2974.0,1.6293,41.8862,6.9891,44.9284,6.1963,https://old.eci.gov.in/files/file/3469-west-bengal-general-legislative-election-2016/,True
2016,243,Manbazar,228645.0,192186.0,192186.0,84.0543,SANDHYA RANI TUDU,AITC,AITC,93642.0,48.7247,IPIL MURMU,CPM,CPM,83967.0,43.6905,9675.0,5.0342,5,6,2532.0,1.3175,48.7247,4.6216,0.7056,45.9481,https://old.eci.gov.in/files/file/3469-west-bengal-general-legislative-election-2016/,True
2016,244,Kashipur,216953.0,179595.0,179595.0,82.7806,SWAPAN KUMAR BELTHARIA,AITC,AITC,87483.0,48.7113,SUDIN KISKU,CPM,CPM,67905.0,37.8101,19578.0,10.9012,7,8,2727.0,1.5184,48.7113,6.3949,1.6415,43.2523,https://old.eci.gov.in/files/file/3469-west-bengal-general-legislative-election-2016/,True
2016,245,Para,216322.0,177203.0,177203.0,81.9163,UMAPADA BAURI,AITC,AITC,84337.0,47.5934,DINANATH BAURI,CPM,CPM,70459.0,39.7617,13878.0,7.8317,8,9,3676.0,2.0745,47.5934,6.2595,1.2477,44.8994,https://old.eci.gov.in/files/file/3469-west-bengal-general-legislative-election-2016/,True
2016,246,Raghunathpur,234336.0,192884.0,192884.0,82.3109,PURNA CHANDRA BAURI,AITC,AITC,83688.0,43.3877,SATYANARAYAN BAURI,CPM,CPM,67546.0,35.019,16142.0,8.3687,6,7,5152.0,2.671,43.3877,12.9155,2.418,41.2788,https://old.eci.gov.in/files/file/3469-west-bengal-general-legislative-election-2016/,True
2016,247,Saltora,212955.0,183938.0,183938.0,86.3741,SWAPAN BOURI,AITC,AITC,84979.0,46.1998,SASTHI CHARAN BOURI,CPM,CPM,72456.0,39.3915,12523.0,6.8083,6,7,4801.0,2.6101,46.1998,8.15,1.2162,44.434,https://old.eci.gov.in/files/file/3469-west-bengal-general-legislative-election-2016/,True
2016,248,Chhatna,221236.0,179069.0,179069.0,80.9403,DHIRENDRA NATH LAYEK,RSP,RSP,73648.0,41.1283,SUBHASIS BATABYAL,AITC,AITC,71231.0,39.7785,2417.0,1.3498,10,11,7709.0,4.305,39.7785,7.42,43.5285,9.273,https://old.eci.gov.in/files/file/3469-west-bengal-general-legislative-election-2016/,True
2016,249,Ranibandh,231387.0,194129.0,194129.0,83.898,JYOTSNA MANDI,AITC,AITC,92181.0,47.4844,DEBLINA HEMBRAM,CPM,CPM,68868.0,35.4754,23313.0,12.009,7,8,4669.0,2.4051,47.4844,9.6431,2.7919,40.0806,https://old.eci.gov.in/files/file/3469-west-bengal-general-legislative-election-2016/,True
2016,250,Raipur,204514.0,177322.0,177322.0,86.7041,BIRENDRA NATH TUDU,AITC,AITC,89841.0,50.6655,DILIP KUMAR HANSDA,CPM,CPM,63119.0,35.5957,26722.0,15.0698,7,8,3215.0,1.8131,50.6655,8.0825,0.0,41.252,https://old.eci.gov.in/files/file/3469-west-bengal-general-legislative-election-2016/,True
2016,251,Taldangra,211526.0,183441.0,183441.0,86.7227,SAMIR CHAKRABORTY,AITC,AITC,87236.0,47.5553,AMIYA PATRA,CPM,CPM,73567.0,40.1039,13669.0,7.4514,8,9,3249.0,1.7711,47.5553,6.4004,0.598,45.4463,https://old.eci.gov.in/files/file/3469-west-bengal-general-legislative-election-2016/,True
2016,252,Bankura,244482.0,196657.0,196657.0,80.4382,DARIPA SHAMPA,INC,INC,83486.0,42.4526,MINATI MISRA,AITC,AITC,82457.0,41.9293,1029.0,0.5233,6,7,4607.0,2.3427,41.9293,10.4603,43.5398,4.0706,https://old.eci.gov.in/files/file/3469-west-bengal-general-legislative-election-2016/,True
2016,253,Barjora,231414.0,200084.0,200084.0,86.4615,SUJIT CHAKRABORTY,CPM,CPM,86873.0,43.4183,SOHAM CHAKRABORTY,AITC,AITC,86257.0,43.1104,616.0,0.3079,6,7,4235.0,2.1166,43.1104,7.9921,1.1755,47.722,https://old.eci.gov.in/files/file/3469-west-bengal-general-legislative-election-2016/,True
2016,254,Onda,228577.0,198018.0,198018.0,86.6308,ARUP KUMAR KHAN,AITC,AITC,80603.0,40.7049,MANIK MUKHERJEE,AIFB,AIFB,69755.0,35.2266,10848.0,5.4783,7,8,4489.0,2.267,40.7049,13.8457,37.54,7.9094,https://old.eci.gov.in/files/file/3469-west-bengal-general-legislative-election-2016/,True
2016,255,Bishnupur,195374.0,173305.0,173305.0,88.7042,TUSHAR KANTI BHATTACHARYA,INC,INC,76641.0,44.2232,SHYAMAPRASAD MUKHERJEE,AITC,AITC,75750.0,43.7091,891.0,0.5141,6,7,3336.0,1.9249,43.7091,6.4938,45.5238,4.2733,https://old.eci.gov.in/files/file/3469-west-bengal-general-legislative-election-2016/,True
2016,256,Kotulpur,222492.0,201712.0,201712.0,90.6603,SHYAMAL SANTRA,AITC,AITC,98901.0,49.0308,AKSHAY SANTRA,INC,INC,77653.0,38.497,21248.0,10.5338,4,5,3470.0,1.7203,49.0308,9.5458,38.497,2.9264,https://old.eci.gov.in/files/file/3469-west-bengal-general-legislative-election-2016/,True
2016,257,Indas,219065.0,197205.0,197205.0,90.0212,GURUPADA METE,AITC,AITC,94940.0,48.1428,DILIP KUMAR MALIK,CPM,CPM,76103.0,38.5908,18837.0,9.552,5,6,3670.0,1.861,48.1428,8.2381,0.0,43.6191,https://old.eci.gov.in/files/file/3469-west-bengal-general-legislative-election-2016/,True
2016,258,Sonamukhi,210167.0,187035.0,187035.0,88.9935,AJIT RAY,CPM,CPM,86125.0,46.0475,DIPALI SAHA,AITC,AITC,77406.0,41.3858,8719.0,4.6617,4,5,4811.0,2.5722,41.3858,8.083,0.0,50.5312,https://old.eci.gov.in/files/file/3469-west-bengal-general-legislative-election-2016/,True
2016,259,Khandaghosh,220473.0,196477.0,196477.0,89.1161,NABIN CHANDRA BAG,AITC,AITC,90151.0,45.8837,ASIMA ROY,CPM,CPM,86949.0,44.254,3202.0,1.6297,4,5,2624.0,1.3355,45.8837,7.1118,0.0,47.0045,https://old.eci.gov.in/files/file/3469-west-bengal-general-legislative-election-2016/,True
2016,260,Bardhaman Dakshin,241146.0,194096.0,194096.0,80.489,RABIRANJAN CHATTOPADHYAY,AITC,AITC,91882.0,47.3384,AINUL HAQUE,CPM,CPM,62444.0,32.1717,29438.0,15.1667,6,7,3394.0,1.7486,47.3384,8.3423,0.7022,43.6171,https://old.eci.gov.in/files/file/3469-west-bengal-general-legislative-election-2016/,True
2016,261,Raina,235247.0,206093.0,206093.0,87.6071,NEPAL GHORUI,AITC,AITC,94323.0,45.7672,KHAN BASUDEB,CPM,CPM,93875.0,45.5498,448.0,0.2174,3,4,3306.0,1.6041,45.7672,7.0788,0.0,47.154,https://old.eci.gov.in/files/file/3469-west-bengal-general-legislative-election-2016/,True
2016,262,Jamalpur,216698.0,191986.0,191986.0,88.5961,SAMAR HAZRA,CPM,CPM,85491.0,44.5298,UJJAL PRAMANICK,AITC,AITC,84068.0,43.7886,1423.0,0.7412,6,7,2616.0,1.3626,43.7886,7.862,0.0,48.3494,https://old.eci.gov.in/files/file/3469-west-bengal-general-legislative-election-2016/,True
2016,263,Monteswar,219094.0,190730.0,190730.0,87.054,SAJAL PANJA,AITC,AITC,84134.0,44.1116,CHAUDHURI MD. HEDAYATULLAH,CPM,CPM,83428.0,43.7414,706.0,0.3702,6,7,2445.0,1.2819,44.1116,8.1015,0.0,47.7869,https://old.eci.gov.in/files/file/3469-west-bengal-general-legislative-election-2016/,True
2016,264,Kalna,220044.0,193629.0,193629.0,87.9956,KUNDU BISWAJIT,AITC,AITC,97430.0,50.3179,SUKUL CHANDRA SIKDAR,CPM,CPM,72169.0,37.2718,25261.0,13.0461,5,6,2865.0,1.4796,50.3179,9.0777,0.8325,39.7719,https://old.eci.gov.in/files/file/3469-west-bengal-general-legislative-election-2016/,True
2016,265,Memari,233266.0,203674.0,203674.0,87.3141,BEGUM NARGIS,AITC,AITC,94406.0,46.3515,DEBASHIS GHOSH,CPM,CPM,85523.0,41.9901,8883.0,4.3614,6,7,2287.0,1.1229,46.3515,7.4781,0.0,46.1704,https://old.eci.gov.in/files/file/3469-west-bengal-general-legislative-election-2016/,True
2016,266,Bardhaman Uttar,245749.0,216933.0,216933.0,88.2742,NISITH KUMAR MALIK,AITC,AITC,102886.0,47.4275,APARNA SAHA,CPM,CPM,91381.0,42.1241,11505.0,5.3034,5,6,3401.0,1.5678,47.4275,7.0413,1.0487,44.4825,https://old.eci.gov.in/files/file/3469-west-bengal-general-legislative-election-2016/,True
2016,267,Bhatar,226528.0,197480.0,197480.0,87.1769,SUBHASH MONDAL,AITC,AITC,92544.0,46.8625,BAMACHARAN BANERJEE,CPM,CPM,86264.0,43.6824,6280.0,3.1801,5,6,2108.0,1.0674,46.8625,6.5576,0.0,46.5799,https://old.eci.gov.in/files/file/3469-west-bengal-general-legislative-election-2016/,True
2016,268,Purbasthali Dakshin,224266.0,197543.0,197543.0,88.0842,SWAPAN DEBNATH,AITC,AITC,104398.0,52.8482,ABHIJIT BHATTACHARYYA,INC,INC,66732.0,33.781,37666.0,19.0672,8,9,1916.0,0.9699,52.8482,9.6197,34.4482,3.0839,https://old.eci.gov.in/files/file/3469-west-bengal-general-legislative-election-2016/,True
2016,269,Purbasthali Uttar,225513.0,194920.0,194920.0,86.434,PRADIP KUMAR SAHA,CPM,CPM,84549.0,43.3763,TAPAN CHATTERJEE,AITC,AITC,81721.0,41.9254,2828.0,1.4509,6,7,1534.0,0.787,41.9254,11.497,0.7778,45.7998,https://old.eci.gov.in/files/file/3469-west-bengal-general-legislative-election-2016/,True
2016,270,Katwa,243224.0,204191.0,204191.0,83.9518,RABINDRANATH CHATTERJEE,AITC,AITC,91489.0,44.8056,SHYAMA MAJUMDAR,INC,INC,90578.0,44.3594,911.0,0.4462,6,7,2081.0,1.0191,44.8056,7.3162,45.1871,2.6911,https://old.eci.gov.in/files/file/3469-west-bengal-general-legislative-election-2016/,True
2016,271,Ketugram,232312.0,193599.0,193599.0,83.3358,SEKH SAHONAWEZ,AITC,AITC,89441.0,46.1991,ABUL KADAR SYED,CPM,CPM,80712.0,41.6903,8729.0,4.5088,4,5,4414.0,2.28,46.1991,8.5956,1.235,43.9703,https://old.eci.gov.in/files/file/3469-west-bengal-general-legislative-election-2016/,True
2016,272,Mangalkot,228313.0,195786.0,195786.0,85.7533,CHOWDHURY SIDDIQULLAH,AITC,AITC,89812.0,45.8725,CHOUDHURY SAHAJAHAN,CPM,CPM,77938.0,39.8077,11874.0,6.0648,5,6,2210.0,1.1288,45.8725,10.6136,0.8841,42.6298,https://old.eci.gov.in/files/file/3469-west-bengal-general-legislative-election-2016/,True
2016,273,Ausgram,224976.0,196899.0,196899.0,87.52,ABHEDANANDA THANDER,AITC,AITC,90450.0,45.9373,BASUDEV METE,CPM,CPM,84198.0,42.762,6252.0,3.1753,5,6,3817.0,1.9386,45.9373,7.4586,0.7542,45.8499,https://old.eci.gov.in/files/file/3469-west-bengal-general-legislative-election-2016/,True
2016,274,Galsi,236847.0,204997.0,204997.0,86.5525,ALOK KUMAR MAJHI,AITC,AITC,95203.0,46.4412,NANDALAL PONDIT,AIFB,AIFB,84432.0,41.1869,10771.0,5.2543,3,4,3927.0,1.9156,46.4412,10.4563,41.1869,1.9156,https://old.eci.gov.in/files/file/3469-west-bengal-general-legislative-election-2016/,True
2016,275,Pandabeswar,190960.0,152325.0,152325.0,79.768,KUMAR JITENDRA TEWARI,AITC,AITC,68600.0,45.0353,GOURANGA CHATTERJEE,CPM,CPM,63130.0,41.4443,5470.0,3.591,6,7,2653.0,1.7417,45.0353,8.9309,1.0373,44.9965,https://old.eci.gov.in/files/file/3469-west-bengal-general-legislative-election-2016/,True
2016,276,Durgapur Purba,234001.0,190419.0,190419.0,81.3753,SANTOSH DEBRAY,CPM,CPM,84200.0,44.2183,PRADIP MAZUMDAR,AITC,AITC,75069.0,39.4231,9131.0,4.7952,6,7,3680.0,1.9326,39.4231,12.2372,0.8802,47.4595,https://old.eci.gov.in/files/file/3469-west-bengal-general-legislative-election-2016/,True
2016,277,Durgapur paschim,245268.0,199375.0,199375.0,81.2886,BISHWANATH PARIAL,INC,INC,108533.0,54.4366,APURBA MUKHERJEE,AITC,AITC,63709.0,31.9544,44824.0,22.4822,7,8,3879.0,1.9456,31.9544,9.1852,55.3981,3.4623,https://old.eci.gov.in/files/file/3469-west-bengal-general-legislative-election-2016/,True
2016,278,Raniganj,229329.0,177207.0,177207.0,77.272,RUNU DUTTA,CPM,CPM,74995.0,42.3206,BANO NARGIS,AITC,AITC,62610.0,35.3316,12385.0,6.989,5,6,2708.0,1.5282,35.3316,18.1787,0.0,46.4897,https://old.eci.gov.in/files/file/3469-west-bengal-general-legislative-election-2016/,True
2016,279,Jamuria,199103.0,155293.0,155293.0,77.9963,JAHANARA KHAN,CPM,CPM,67214.0,43.2821,V. SIVADASAN (DASU),AITC,AITC,59457.0,38.287,7757.0,4.9951,5,6,3018.0,1.9434,38.287,14.1925,0.0,47.5205,https://old.eci.gov.in/files/file/3469-west-bengal-general-legislative-election-2016/,True
2016,280,Asansol Dakshin,247366.0,185554.0,185554.0,75.0119,TAPAS BANERJEE,AITC,AITC,71515.0,38.5413,HEMANT PRABHAKAR,CPM,CPM,57232.0,30.8439,14283.0,7.6974,5,6,3911.0,2.1077,38.5413,26.5147,0.0,34.944,https://old.eci.gov.in/files/file/3469-west-bengal-general-legislative-election-2016/,True
2016,281,Asansol Uttar,249511.0,183666.0,183666.0,73.6104,MOLOY GHATAK,AITC,AITC,84715.0,46.1245,NIRMAL KARMAKAR,BJP,BJP,60818.0,33.1134,23897.0,13.0111,5,6,2795.0,1.5218,46.1245,33.1134,17.3641,3.398,https://old.eci.gov.in/files/file/3469-west-bengal-general-legislative-election-2016/,True
2016,282,Kulti,230360.0,168963.0,168963.0,73.3474,UJJAL CHATTERJEE,AITC,AITC,68952.0,40.8089,AJAY KUMAR PODDAR,BJP,BJP,49464.0,29.275,19488.0,11.5339,6,7,2848.0,1.6856,40.8089,29.275,26.3513,3.5648,https://old.eci.gov.in/files/file/3469-west-bengal-general-legislative-election-2016/,True
2016,283,Barbani,206828.0,164376.0,164376.0,79.4747,BIDHAN UPADHYAY,AITC,AITC,77464.0,47.1261,SHIPRA MUKHERJEE,CPM,CPM,53415.0,32.4956,24049.0,14.6305,5,6,2761.0,1.6797,47.1261,15.3453,1.2362,36.2924,https://old.eci.gov.in/files/file/3469-west-bengal-general-legislative-election-2016/,True
2016,284,Dubrajpur,216370.0,182358.0,182358.0,84.2806,CHANDRA NARESH BAURI,AITC,AITC,94309.0,51.7164,BIJOY BAGDI,AIFB,AIFB,54415.0,29.8397,39894.0,21.8767,5,6,3658.0,2.0059,51.7164,13.8508,29.8397,4.5931,https://old.eci.gov.in/files/file/3469-west-bengal-general-legislative-election-2016/,True
2016,285,Suri,235902.0,197240.0,197240.0,83.611,ASOK KUMAR CHATTOPADHYAY,AITC,AITC,94036.0,47.6759,DR. RAM CHANDRA DOME,CPM,CPM,62228.0,31.5494,31808.0,16.1265,5,6,4188.0,2.1233,47.6759,16.2807,0.9775,35.0659,https://old.eci.gov.in/files/file/3469-west-bengal-general-legislative-election-2016/,True
2016,286,Bolpur,244288.0,206661.0,206661.0,84.5973,CHANDRANATH SINHA,AITC,AITC,113258.0,54.8038,TAPAN HORE,RSP,RSP,63231.0,30.5965,50027.0,24.2073,8,9,4712.0,2.2801,54.8038,9.4614,30.9991,4.7357,https://old.eci.gov.in/files/file/3469-west-bengal-general-legislative-election-2016/,True
2016,287,Nanoor,251973.0,208464.0,208464.0,82.7327,SHYAMALI PRADHAN,CPM,CPM,104374.0,50.0681,GADADHAR HAZRA,AITC,AITC,78644.0,37.7255,25730.0,12.3426,4,5,4342.0,2.0829,37.7255,8.8754,0.0,53.3991,https://old.eci.gov.in/files/file/3469-west-bengal-general-legislative-election-2016/,True
2016,288,Labpur,218387.0,193012.0,193012.0,88.3807,ISLAM MONIRUL,AITC,AITC,101138.0,52.3999,SYED MAHFUZUL KARIM (MAHFUZ),CPM,CPM,70825.0,36.6946,30313.0,15.7053,3,4,3536.0,1.832,52.3999,9.0735,0.0,38.5266,https://old.eci.gov.in/files/file/3469-west-bengal-general-legislative-election-2016/,True
2016,289,Sainthia,228000.0,198163.0,198163.0,86.9136,NILABATI SAHA,AITC,AITC,103376.0,52.1672,DHIREN BAGDI,CPM,CPM,64765.0,32.6827,38611.0,19.4845,5,6,2599.0,1.3115,52.1672,12.1259,0.7741,34.9328,https://old.eci.gov.in/files/file/3469-west-bengal-general-legislative-election-2016/,True
2016,290,Mayureswar,212399.0,183792.0,183792.0,86.5315,ABHIJIT ROY,AITC,AITC,89210.0,48.5386,ARUP BAG,CPM,CPM,50440.0,27.4441,38770.0,21.0945,9,10,3155.0,1.7166,48.5386,19.2223,0.2633,31.9758,https://old.eci.gov.in/files/file/3469-west-bengal-general-legislative-election-2016/,True
2016,291,Rampurhat,228606.0,195597.0,195597.0,85.5607,ASISH BANERJEE,AITC,AITC,85435.0,43.6791,SYED SIRAJ JIMMI,INC,INC,64236.0,32.841,21199.0,10.8381,9,10,4052.0,2.0716,43.6791,13.0268,35.1401,8.154,https://old.eci.gov.in/files/file/3469-west-bengal-general-legislative-election-2016/,True
2016,292,Hansan,219714.0,185473.0,185473.0,84.4156,MILTAN RASID,INC,INC,92619.0,49.9366,ASIT KUMAR MAL,AITC,AITC,76465.0,41.227,16154.0,8.7096,9,10,2400.0,1.294,41.227,4.1311,50.9211,3.7208,https://old.eci.gov.in/files/file/3469-west-bengal-general-legislative-election-2016/,True
2016,293,Nalhati,216694.0,184022.0,184022.0,84.9225,MOINUDDIN SHAMS,AITC,AITC,83412.0,45.3272,DIPAK CHATTERJEE,AIFB,AIFB,73084.0,39.7148,10328.0,5.6124,6,7,1563.0,0.8494,45.3272,10.3498,40.7391,3.5839,https://old.eci.gov.in/files/file/3469-west-bengal-general-legislative-election-2016/,True
2016,294,Murarai,234055.0,199235.0,199235.0,85.1232,ABDUR RAHAMAN (LITON),AITC,AITC,94661.0,47.5122,ALI MORTUZA KHAN,INC,INC,94381.0,47.3717,280.0,0.1405,6,7,1689.0,0.8477,47.5122,2.6828,47.832,1.973,https://old.eci.gov.in/files/file/3469-west-bengal-general-legislative-election-2016/,True
2021,1,Mekliganj,226465.0,199002.0,198744.0,87.8732,ADHIKARY PARESH CHANDRA,AITC,AITC,99338.0,49.9829,DADHIRAM RAY,BJP,BJP,84653.0,42.594,14685.0,7.3889,9,10,2447.0,1.2312,49.9829,42.594,4.3378,3.0853,https://old.eci.gov.in/files/file/14106-west-bengal-general-legislative-election-2021-including-ac-56-58/,True
2021,2,Mathabhanga,248022.0,214573.0,214203.0,86.5137,Sushil Barman,BJP,BJP,113249.0,52.8699,Girindra Nath Barman,AITC,AITC,87115.0,40.6694,26134.0,12.2005,8,9,1443.0,0.6737,40.6694,52.8699,3.8781,2.5826,https://old.eci.gov.in/files/file/14106-west-bengal-general-legislative-election-2021-including-ac-56-58/,True
2021,3,COOCHBEHAR UTTAR,282988.0,244415.0,243916.0,86.3694,SUKUMAR ROY,BJP,BJP,120483.0,49.3953,BINAY KRISHNA BARMAN,AITC,AITC,105868.0,43.4035,14615.0,5.9918,7,8,1570.0,0.6437,43.4035,49.3953,5.2727,1.9285,https://old.eci.gov.in/files/file/14106-west-bengal-general-legislative-election-2021-including-ac-56-58/,True
2021,4,Coochbehar Dakshin,233839.0,195664.0,195505.0,83.6747,Nikhil Ranjan Dey,BJP,BJP,91560.0,46.8326,Avijit De Bhowmik,AITC,AITC,86629.0,44.3104,4931.0,2.5222,9,10,1464.0,0.7488,44.3104,46.8326,5.8229,3.0341,https://old.eci.gov.in/files/file/14106-west-bengal-general-legislative-election-2021-including-ac-56-58/,True
2021,5,Sitalkuchi,285260.0,246311.0,245966.0,86.3461,Baren Chandra Barman,BJP,BJP,124955.0,50.8017,Partha Pratim Ray,AITC,AITC,107140.0,43.5589,17815.0,7.2428,7,8,2743.0,1.1152,43.5589,50.8017,3.0138,2.6256,https://old.eci.gov.in/files/file/14106-west-bengal-general-legislative-election-2021-including-ac-56-58/,True
2021,6,Sitai,290568.0,238824.0,238578.0,82.1921,JAGADISH CHANDRA BARMA BASUNIA,AITC,AITC,117908.0,49.4212,DIPAK KUMAR ROY,BJP,BJP,107796.0,45.1827,10112.0,4.2385,9,10,1577.0,0.661,49.4212,45.1827,2.2403,3.1558,https://old.eci.gov.in/files/file/14106-west-bengal-general-legislative-election-2021-including-ac-56-58/,True
2021,7,Dinhata,299251.0,244004.0,243751.0,81.5382,NISITH PRAMANIK,BJP,BJP,116035.0,47.6039,UDAYAN GUHA,AITC,AITC,115978.0,47.5805,57.0,0.0234,6,7,1537.0,0.6306,47.5805,47.6039,3.0539,1.7617,https://old.eci.gov.in/files/file/14106-west-bengal-general-legislative-election-2021-including-ac-56-58/,True
2021,8,Natabari,245040.0,217608.0,217173.0,88.8051,Mihir Goswami,BJP,BJP,111743.0,51.4534,Rabindra Nath Ghosh,AITC,AITC,88303.0,40.6602,23440.0,10.7932,7,8,1146.0,0.5277,40.6602,51.4534,5.9975,1.8889,https://old.eci.gov.in/files/file/14106-west-bengal-general-legislative-election-2021-including-ac-56-58/,True
2021,9,Tufanganj,234311.0,209749.0,209378.0,89.5174,Malati Rava Roy,BJP,BJP,114503.0,54.6872,Pranab Kumar Dey,AITC,AITC,83305.0,39.7869,31198.0,14.9003,8,9,2069.0,0.9882,39.7869,54.6872,3.0872,2.4387,https://old.eci.gov.in/files/file/14106-west-bengal-general-legislative-election-2021-including-ac-56-58/,True
2021,10,Kumargram,272924.0,232764.0,232489.0,85.2853,MANOJ KUMAR ORAON,BJP,BJP,111974.0,48.1631,LEOS KUJUR (URAO),AITC,AITC,100973.0,43.4313,11001.0,4.7318,7,8,2718.0,1.1691,43.4313,48.1631,4.8402,3.5654,https://old.eci.gov.in/files/file/14106-west-bengal-general-legislative-election-2021-including-ac-56-58/,True
2021,11,Kalchini,247425.0,196256.0,195815.0,79.3194,BISHAL LAMA,BJP,BJP,103104.0,52.6538,PASSANG LAMA,AITC,AITC,74528.0,38.0604,28576.0,14.5934,11,12,2377.0,1.2139,38.0604,52.6538,2.7996,6.4862,https://old.eci.gov.in/files/file/14106-west-bengal-general-legislative-election-2021-including-ac-56-58/,True
2021,12,Alipurduars,260652.0,223335.0,222732.0,85.6832,SUMAN KANJILAL,BJP,BJP,107333.0,48.1893,SOURAV CHAKRABORTY (GHUTIS),AITC,AITC,91326.0,41.0026,16007.0,7.1867,9,10,1981.0,0.8894,41.0026,48.1893,7.5256,3.2825,https://old.eci.gov.in/files/file/14106-west-bengal-general-legislative-election-2021-including-ac-56-58/,True
2021,13,Falakata,254554.0,220882.0,220500.0,86.7722,DIPAK BARMAN,BJP,BJP,102993.0,46.7088,SUBHASH CHANDRA ROY,AITC,AITC,99003.0,44.8993,3990.0,1.8095,8,9,1970.0,0.8934,44.8993,46.7088,5.1633,3.2286,https://old.eci.gov.in/files/file/14106-west-bengal-general-legislative-election-2021-including-ac-56-58/,True
2021,14,Madarihat,212651.0,167245.0,166920.0,78.6476,MANOJ TIGGA,BJP,BJP,90718.0,54.3482,RAJESH LAKRA,AITC,AITC,61033.0,36.5642,29685.0,17.784,7,8,2622.0,1.5708,36.5642,54.3482,4.8161,4.2715,https://old.eci.gov.in/files/file/14106-west-bengal-general-legislative-election-2021-including-ac-56-58/,True
2021,15,Dhupguri,263118.0,229614.0,229323.0,87.2665,BISHNU PADA RAY,BJP,BJP,104688.0,45.6509,MITALI ROY,AITC,AITC,100333.0,43.7518,4355.0,1.8991,8,9,1984.0,0.8652,43.7518,45.6509,6.4189,4.1784,https://old.eci.gov.in/files/file/14106-west-bengal-general-legislative-election-2021-including-ac-56-58/,True
2021,16,Maynaguri,264265.0,236574.0,236093.0,89.5215,Kaushik Roy,BJP,BJP,115306.0,48.8392,Manoj Roy,AITC,AITC,103395.0,43.7942,11911.0,5.045,9,10,3095.0,1.3109,43.7942,48.8392,3.4139,3.9527,https://old.eci.gov.in/files/file/14106-west-bengal-general-legislative-election-2021-including-ac-56-58/,True
2021,17,Jalpaiguri,262500.0,226642.0,225933.0,86.3398,DR. PRADIP KUMAR BARMA,AITC,AITC,95668.0,42.3435,SOUJIT SINGHA (PIKU),BJP,BJP,94727.0,41.927,941.0,0.4165,10,11,3381.0,1.4965,42.3435,41.927,11.121,4.6085,https://old.eci.gov.in/files/file/14106-west-bengal-general-legislative-election-2021-including-ac-56-58/,True
2021,18,Rajganj,244163.0,217617.0,215755.0,89.1278,KHAGESWAR ROY,AITC,AITC,104641.0,48.4999,SUPEN ROY,BJP,BJP,88868.0,41.1893,15773.0,7.3106,8,9,3175.0,1.4716,48.4999,41.1893,6.3558,3.955,https://old.eci.gov.in/files/file/14106-west-bengal-general-legislative-election-2021-including-ac-56-58/,True
2021,19,Dabgram-Fulbari,310354.0,259302.0,258969.0,83.5504,Sikha Chatterjee,BJP,BJP,129088.0,49.8469,Goutam Deb,AITC,AITC,101495.0,39.1919,27593.0,10.655,10,11,3379.0,1.3048,39.1919,49.8469,7.1611,3.8001,https://old.eci.gov.in/files/file/14106-west-bengal-general-legislative-election-2021-including-ac-56-58/,True
2021,20,Mal,255570.0,213367.0,213255.0,83.4867,BULU CHIK BARAIK,AITC,AITC,99086.0,46.4636,MAHESH BAGEY,BJP,BJP,93621.0,43.901,5465.0,2.5626,5,6,4699.0,2.2035,46.4636,43.901,6.5354,3.1,https://old.eci.gov.in/files/file/14106-west-bengal-general-legislative-election-2021-including-ac-56-58/,True
2021,21,Nagrakata,237305.0,191238.0,191169.0,80.5874,PUNA BHENGRA,BJP,BJP,94722.0,49.5488,JOSEPH MUNDA,AITC,AITC,71247.0,37.2691,23475.0,12.2797,6,7,5454.0,2.853,37.2691,49.5488,6.5084,6.6737,https://old.eci.gov.in/files/file/14106-west-bengal-general-legislative-election-2021-including-ac-56-58/,True
2021,22,Kalimpong,211896.0,154990.0,154863.0,73.1444,RUDEN SADA LEPCHA,IND,IND,58206.0,37.5855,SUVA PRADHAN,BJP,BJP,54336.0,35.0865,3870.0,2.499,8,9,2160.0,1.3948,0.0,35.0865,1.1074,63.8061,https://old.eci.gov.in/files/file/14106-west-bengal-general-legislative-election-2021-including-ac-56-58/,True
2021,23,Darjeeling,246663.0,169949.0,168575.0,68.8993,NEERAJ TAMANG ZIMBA,BJP,BJP,68907.0,40.8762,KESHAV RAJ SHARMA,IND,IND,47631.0,28.2551,21276.0,12.6211,9,10,2540.0,1.5067,0.0,40.8762,1.1348,57.989,https://old.eci.gov.in/files/file/14106-west-bengal-general-legislative-election-2021-including-ac-56-58/,True
2021,24,Kurseong,236477.0,176451.0,175545.0,74.6166,Bishnu Prasad Sharma (alias B.P. Bajgain),BJP,BJP,73475.0,41.8554,Tshering Lama,IND,IND,57960.0,33.0172,15515.0,8.8382,8,9,2417.0,1.3769,0.0,41.8554,1.4498,56.6948,https://old.eci.gov.in/files/file/14106-west-bengal-general-legislative-election-2021-including-ac-56-58/,True
2021,25,Matigara-Naxalbari,287565.0,240681.0,240591.0,83.6962,Anandamay Barman,BJP,BJP,139785.0,58.1007,Rajen Sundas,AITC,AITC,68937.0,28.6532,70848.0,29.4475,6,7,3912.0,1.626,28.6532,58.1007,10.1142,3.1319,https://old.eci.gov.in/files/file/14106-west-bengal-general-legislative-election-2021-including-ac-56-58/,True
2021,26,Siliguri,228406.0,179258.0,178650.0,78.4822,Sankar Ghosh,BJP,BJP,89370.0,50.0252,Dr. Omprakash Mishra,AITC,AITC,53784.0,30.1058,35586.0,19.9194,10,11,2074.0,1.1609,30.1058,50.0252,16.3526,3.5164,https://old.eci.gov.in/files/file/14106-west-bengal-general-legislative-election-2021-including-ac-56-58/,True
2021,27,Phansidewa,240496.0,207901.0,207590.0,86.4468,Durga Murmu,BJP,BJP,105651.0,50.8941,Chhotan Kisku,AITC,AITC,77940.0,37.5452,27711.0,13.3489,7,8,2575.0,1.2404,37.5452,50.8941,8.3983,3.1624,https://old.eci.gov.in/files/file/14106-west-bengal-general-legislative-election-2021-including-ac-56-58/,True
2021,28,Chopra,247764.0,204145.0,204110.0,82.3949,HAMIDUL RAHAMAN,AITC,AITC,124923.0,61.2038,MD. SHAHIN AKHTER,BJP,BJP,60018.0,29.4047,64905.0,31.7991,5,6,1531.0,0.7501,61.2038,29.4047,6.0159,3.3756,https://old.eci.gov.in/files/file/14106-west-bengal-general-legislative-election-2021-including-ac-56-58/,True
2021,29,Islampur,219728.0,170291.0,169974.0,77.5008,ABDUL KARIM CHOWDHARY,AITC,AITC,100131.0,58.9096,SAUMYAROOP MANDAL,BJP,BJP,62691.0,36.8827,37440.0,22.0269,5,6,1976.0,1.1625,58.9096,36.8827,2.714,1.4937,https://old.eci.gov.in/files/file/14106-west-bengal-general-legislative-election-2021-including-ac-56-58/,True
2021,30,Goalpokhar,224633.0,161625.0,161535.0,71.9507,MD. GHULAM RABBANI,AITC,AITC,105649.0,65.4032,MD. GHULAM SARWAR,BJP,BJP,32135.0,19.8935,73514.0,45.5097,7,8,2016.0,1.248,65.4032,19.8935,12.2394,2.4639,https://old.eci.gov.in/files/file/14106-west-bengal-general-legislative-election-2021-including-ac-56-58/,True
2021,31,Chakulia,233378.0,173513.0,173400.0,74.3485,AZAD MINHAJUL ARFIN,AITC,AITC,86311.0,49.7757,SACHIN PRASAD,BJP,BJP,52474.0,30.2618,33837.0,19.5139,6,7,1186.0,0.684,49.7757,30.2618,16.5536,3.4089,https://old.eci.gov.in/files/file/14106-west-bengal-general-legislative-election-2021-including-ac-56-58/,True
2021,32,Karandighi,262583.0,213296.0,213136.0,81.2299,GOUTAM PAUL,AITC,AITC,116594.0,54.704,SUBHAS CHANDRA SINHA S/O: HARANARAYAN SINHA,BJP,BJP,79968.0,37.5197,36626.0,17.1843,11,12,2449.0,1.149,54.704,37.5197,4.3883,3.388,https://old.eci.gov.in/files/file/14106-west-bengal-general-legislative-election-2021-including-ac-56-58/,True
2021,33,Hemtabad,265318.0,223675.0,223301.0,84.3045,SATYAJIT BARMAN,AITC,AITC,116425.0,52.1381,CHANDIMA ROY,BJP,BJP,89210.0,39.9506,27215.0,12.1875,8,9,2160.0,0.9673,52.1381,39.9506,4.9131,2.9982,https://old.eci.gov.in/files/file/14106-west-bengal-general-legislative-election-2021-including-ac-56-58/,True
2021,34,Kaliaganj,282575.0,239965.0,239726.0,84.9208,SOUMEN ROY,BJP,BJP,116768.0,48.7089,TAPAN DEB SINGHA,AITC,AITC,94948.0,39.6069,21820.0,9.102,10,11,3007.0,1.2543,39.6069,48.7089,7.4431,4.2411,https://old.eci.gov.in/files/file/14106-west-bengal-general-legislative-election-2021-including-ac-56-58/,True
2021,35,Raiganj,198780.0,161863.0,161347.0,81.4282,KRISHNA KALYANI,BJP,BJP,79775.0,49.4431,AGARWAL KANAIA LAL,AITC,AITC,59027.0,36.5839,20748.0,12.8592,12,13,2468.0,1.5296,36.5839,49.4431,10.7414,3.2316,https://old.eci.gov.in/files/file/14106-west-bengal-general-legislative-election-2021-including-ac-56-58/,True
2021,36,Itahar,229362.0,194908.0,193986.0,84.9783,MOSARAF HUSSEN,AITC,AITC,114645.0,59.0996,AMIT KUMAR KUNDU,BJP,BJP,70670.0,36.4305,43975.0,22.6691,8,9,1240.0,0.6392,59.0996,36.4305,2.5301,1.9398,https://old.eci.gov.in/files/file/14106-west-bengal-general-legislative-election-2021-including-ac-56-58/,True
2021,37,Kushmandi,219921.0,184271.0,184075.0,83.7896,REKHA ROY,AITC,AITC,89968.0,48.8757,RANJIT KUMAR ROY,BJP,BJP,77384.0,42.0394,12584.0,6.8363,5,6,1598.0,0.8681,48.8757,42.0394,6.8293,2.2556,https://old.eci.gov.in/files/file/14106-west-bengal-general-legislative-election-2021-including-ac-56-58/,True
2021,38,Kumarganj,203986.0,171081.0,170928.0,83.869,TORAF HOSSAIN MANDAL,AITC,AITC,89763.0,52.5151,Manas Sarkar,BJP,BJP,60396.0,35.3342,29367.0,17.1809,5,6,1125.0,0.6582,52.5151,35.3342,10.9362,1.2145,https://old.eci.gov.in/files/file/14106-west-bengal-general-legislative-election-2021-including-ac-56-58/,True
2021,39,Balurghat,180390.0,152563.0,152092.0,84.574,Ashok Kumar Lahiri,BJP,BJP,72129.0,47.4246,Sekhar Dasgupta,AITC,AITC,58693.0,38.5905,13436.0,8.8341,8,9,1830.0,1.2032,38.5905,47.4246,11.0176,2.9673,https://old.eci.gov.in/files/file/14106-west-bengal-general-legislative-election-2021-including-ac-56-58/,True
2021,40,Tapan,220236.0,186545.0,186309.0,84.7023,BUDHRAI TUDU,BJP,BJP,84381.0,45.2909,KALPANA KISKU,AITC,AITC,82731.0,44.4053,1650.0,0.8856,7,8,1703.0,0.9141,44.4053,45.2909,6.9282,3.3756,https://old.eci.gov.in/files/file/14106-west-bengal-general-legislative-election-2021-including-ac-56-58/,True
2021,41,Gangarampur,224040.0,189714.0,189482.0,84.6786,SATYENDRA NATH RAY,BJP,BJP,88724.0,46.8245,GOUTAM DAS,AITC,AITC,84132.0,44.4011,4592.0,2.4234,6,7,1149.0,0.6064,44.4011,46.8245,6.4771,2.2973,https://old.eci.gov.in/files/file/14106-west-bengal-general-legislative-election-2021-including-ac-56-58/,True
2021,42,Harirampur,228189.0,187912.0,187642.0,82.3493,BIPLAB MITRA,AITC,AITC,96131.0,51.2311,NILANJAN ROY,BJP,BJP,73459.0,39.1485,22672.0,12.0826,8,9,1823.0,0.9715,51.2311,39.1485,6.78,2.8404,https://old.eci.gov.in/files/file/14106-west-bengal-general-legislative-election-2021-including-ac-56-58/,True
2021,43,Habibpur,249557.0,199214.0,197989.0,79.8271,JOYEL MURMU,BJP,BJP,94075.0,47.5153,PRODIP BASKEY,AITC,AITC,74558.0,37.6576,19517.0,9.8577,10,11,2162.0,1.092,37.6576,47.5153,6.9726,7.8545,https://old.eci.gov.in/files/file/14106-west-bengal-general-legislative-election-2021-including-ac-56-58/,True
2021,44,Gazole,267096.0,221253.0,221214.0,82.8365,CHINMOY DEB BARMAN,BJP,BJP,100655.0,45.5012,BASANTI BARMAN,AITC,AITC,98857.0,44.6884,1798.0,0.8128,8,9,1736.0,0.7848,44.6884,45.5012,6.9304,2.88,https://old.eci.gov.in/files/file/14106-west-bengal-general-legislative-election-2021-including-ac-56-58/,True
2021,45,Chanchal,249402.0,199850.0,199679.0,80.1317,Nihar Ranjan Ghosh,AITC,AITC,115966.0,58.0762,Dipankar Ram (Bankat),BJP,BJP,48628.0,24.3531,67338.0,33.7231,6,7,1023.0,0.5123,58.0762,24.3531,16.3062,1.2645,https://old.eci.gov.in/files/file/14106-west-bengal-general-legislative-election-2021-including-ac-56-58/,True
2021,46,Harischandrapur,252487.0,203299.0,203153.0,80.5186,TAJMUL HOSSAIN,AITC,AITC,122527.0,60.3127,MD. MATIBUR RAHAMAN,BJP,BJP,45054.0,22.1774,77473.0,38.1353,8,9,1012.0,0.4981,60.3127,22.1774,15.412,2.0979,https://old.eci.gov.in/files/file/14106-west-bengal-general-legislative-election-2021-including-ac-56-58/,True
2021,47,Malatipur,231907.0,185599.0,185484.0,80.0317,ABDUR RAHIM BOXI,AITC,AITC,126157.0,68.015,MOUSUMI DAS,BJP,BJP,34208.0,18.4426,91949.0,49.5724,6,7,2034.0,1.0966,68.015,18.4426,10.6893,2.8531,https://old.eci.gov.in/files/file/14106-west-bengal-general-legislative-election-2021-including-ac-56-58/,True
2021,48,Ratua,282451.0,219597.0,219148.0,77.7469,Samar Mukherjee,AITC,AITC,130674.0,59.6282,Abishek Singhania,BJP,BJP,55024.0,25.1081,75650.0,34.5201,9,10,2051.0,0.9359,59.6282,25.1081,7.3799,7.8838,https://old.eci.gov.in/files/file/14106-west-bengal-general-legislative-election-2021-including-ac-56-58/,True
2021,49,Manikchak,253353.0,207188.0,206991.0,81.7784,SABITRI MITRA,AITC,AITC,110234.0,53.2555,GOUR CHANDRA MANDAL,BJP,BJP,76356.0,36.8886,33878.0,16.3669,8,9,1367.0,0.6604,53.2555,36.8886,5.5824,4.2735,https://old.eci.gov.in/files/file/14106-west-bengal-general-legislative-election-2021-including-ac-56-58/,True
2021,50,Maldaha,245962.0,206711.0,206489.0,84.0418,Gopal Chandra Saha,BJP,BJP,93398.0,45.2315,Ujjwal Kumar Chowdhury,AITC,AITC,77942.0,37.7463,15456.0,7.4852,7,8,2818.0,1.3647,37.7463,45.2315,12.8641,4.1581,https://old.eci.gov.in/files/file/14106-west-bengal-general-legislative-election-2021-including-ac-56-58/,True
2021,51,English Bazar,275296.0,217988.0,215675.0,79.1831,SREERUPA MITRA CHAUDHURY(NIRBHOY DIDI),BJP,BJP,107755.0,49.9617,KRISHNENDU NARAYAN CHOUDHURY,AITC,AITC,87656.0,40.6426,20099.0,9.3191,11,12,3196.0,1.4819,40.6426,49.9617,5.2023,4.1934,https://old.eci.gov.in/files/file/14106-west-bengal-general-legislative-election-2021-including-ac-56-58/,True
2021,52,Mothabari,196324.0,163323.0,163143.0,83.1905,YEASMIN SABINA,AITC,AITC,97397.0,59.7004,SHYAMCHAND GHOSH,BJP,BJP,40824.0,25.0234,56573.0,34.677,10,11,2139.0,1.3111,59.7004,25.0234,10.5447,4.7315,https://old.eci.gov.in/files/file/14106-west-bengal-general-legislative-election-2021-including-ac-56-58/,True
2021,53,Sujapur,251186.0,207960.0,207591.0,82.7912,Md Abdul Ghani,AITC,AITC,152445.0,73.4353,Isha Khan Choudhury,INC,INC,22282.0,10.7336,130163.0,62.7017,10,11,1527.0,0.7356,73.4353,7.1241,10.7336,8.707,https://old.eci.gov.in/files/file/14106-west-bengal-general-legislative-election-2021-including-ac-56-58/,True
2021,54,Baisnabnagar,246956.0,209329.0,208652.0,84.7637,CHANDANA SARKAR,AITC,AITC,83061.0,39.8084,SWADHIN KUMAR SARKAR,BJP,BJP,80590.0,38.6241,2471.0,1.1843,7,8,1705.0,0.8172,39.8084,38.6241,17.9452,3.6223,https://old.eci.gov.in/files/file/14106-west-bengal-general-legislative-election-2021-including-ac-56-58/,True
2021,55,Farakka,227549.0,186532.0,186424.0,81.9744,MANIRUL ISLAM,AITC,AITC,102319.0,54.8851,GHOSH HEMANTA,BJP,BJP,42374.0,22.7299,59945.0,32.1552,6,7,1638.0,0.8786,54.8851,22.7299,19.4208,2.9642,https://old.eci.gov.in/files/file/14106-west-bengal-general-legislative-election-2021-including-ac-56-58/,True
2021,56,Samserganj,235576.0,188627.0,188582.0,80.0706,Amirul Islam,AITC,AITC,96417.0,51.1274,Zaidur Rahaman,INC,INC,70038.0,37.1393,26379.0,13.9881,7,8,3064.0,1.6248,51.1274,5.727,40.655,2.4906,https://old.eci.gov.in/files/file/14106-west-bengal-general-legislative-election-2021-including-ac-56-58/,True
2021,57,Suti,265418.0,216447.0,216328.0,81.5495,EMANI BISWAS,AITC,AITC,127351.0,58.8694,KOUSHIK DAS,BJP,BJP,56650.0,26.1871,70701.0,32.6823,8,9,2724.0,1.2592,58.8694,26.1871,9.0654,5.8781,https://old.eci.gov.in/files/file/14106-west-bengal-general-legislative-election-2021-including-ac-56-58/,True
2021,58,Jangipur,255064.0,198401.0,198263.0,77.7848,JAKIR HOSSAIN,AITC,AITC,136444.0,68.8197,SUJIT DAS,BJP,BJP,43964.0,22.1746,92480.0,46.6451,9,10,4557.0,2.2985,68.8197,22.1746,5.0478,3.9579,https://old.eci.gov.in/files/file/14106-west-bengal-general-legislative-election-2021-including-ac-56-58/,True
2021,59,RaghunathGanj,249559.0,190591.0,190478.0,76.3711,Akhruzzaman,AITC,AITC,126834.0,66.5872,Golam Modaswer,BJP,BJP,28521.0,14.9734,98313.0,51.6138,7,8,2938.0,1.5424,66.5872,14.9734,7.1987,11.2407,https://old.eci.gov.in/files/file/14106-west-bengal-general-legislative-election-2021-including-ac-56-58/,True
2021,60,Sagardighi,236885.0,186993.0,186816.0,78.9383,SUBRATA SAHA,AITC,AITC,95189.0,50.9533,KHATUN MAFUJA,BJP,BJP,44983.0,24.0788,50206.0,26.8745,9,10,1705.0,0.9127,50.9533,24.0788,19.828,5.1399,https://old.eci.gov.in/files/file/14106-west-bengal-general-legislative-election-2021-including-ac-56-58/,True
2021,61,Lalgola,234381.0,190808.0,190438.0,81.4093,ALI MOHAMMAD,AITC,AITC,107860.0,56.6379,ABU HENA,INC,INC,47153.0,24.7603,60707.0,31.8776,8,9,1394.0,0.732,56.6379,15.4717,25.1032,2.7872,https://old.eci.gov.in/files/file/14106-west-bengal-general-legislative-election-2021-including-ac-56-58/,True
2021,62,Bhagawangola,263765.0,226090.0,225990.0,85.7165,IDRIS ALI,AITC,AITC,153795.0,68.0539,MD. KAMAL HOSSAIN,CPI(M),CPI(M),47787.0,21.1456,106008.0,46.9083,11,12,3396.0,1.5027,68.0539,7.3928,21.3443,3.209,https://old.eci.gov.in/files/file/14106-west-bengal-general-legislative-election-2021-including-ac-56-58/,True
2021,63,Raninagar,256101.0,222166.0,222016.0,86.7494,ABDUL SOUMIK HOSSAIN,AITC,AITC,134957.0,60.7871,FIROZA BEGAM,INC,INC,55255.0,24.8878,79702.0,35.8993,12,13,2774.0,1.2495,60.7871,9.5209,25.1135,4.5785,https://old.eci.gov.in/files/file/14106-west-bengal-general-legislative-election-2021-including-ac-56-58/,True
2021,64,Murshidabad,268221.0,229422.0,229231.0,85.5347,GOURI SANKAR GHOSH,BJP,BJP,95967.0,41.8648,SHAONI SINGHA ROY,AITC,AITC,93476.0,40.7781,2491.0,1.0867,11,12,2904.0,1.2668,40.7781,41.8648,13.017,4.3401,https://old.eci.gov.in/files/file/14106-west-bengal-general-legislative-election-2021-including-ac-56-58/,True
2021,65,Nabagram,251378.0,208559.0,208516.0,82.9663,KANAI CHANDRA MONDAL,AITC,AITC,100455.0,48.1762,MOHAN HALDER,BJP,BJP,64922.0,31.1353,35533.0,17.0409,4,5,2629.0,1.2608,48.1762,31.1353,19.4278,1.2607,https://old.eci.gov.in/files/file/14106-west-bengal-general-legislative-election-2021-including-ac-56-58/,True
2021,66,Khargram,228923.0,185936.0,185936.0,81.2221,ASHIS MARJIT,AITC,AITC,93255.0,50.1544,ADITYA MOULIK,BJP,BJP,60682.0,32.636,32573.0,17.5184,5,6,1685.0,0.9062,50.1544,32.636,15.5612,1.6484,https://old.eci.gov.in/files/file/14106-west-bengal-general-legislative-election-2021-including-ac-56-58/,True
2021,67,Burwan,217500.0,177028.0,176803.0,81.3922,JIBAN KRISHNA SAHA,AITC,AITC,81890.0,46.3171,AMIYA KUMAR DAS,BJP,BJP,79141.0,44.7622,2749.0,1.5549,4,5,2008.0,1.1357,46.3171,44.7622,6.9343,1.9864,https://old.eci.gov.in/files/file/14106-west-bengal-general-legislative-election-2021-including-ac-56-58/,True
2021,68,Kandi,238973.0,186772.0,186481.0,78.1561,APURBA SARKAR (DAVID),AITC,AITC,95399.0,51.1575,GOUTAM ROY,BJP,BJP,57319.0,30.7372,38080.0,20.4203,8,9,3131.0,1.679,51.1575,30.7372,14.9179,3.1874,https://old.eci.gov.in/files/file/14106-west-bengal-general-legislative-election-2021-including-ac-56-58/,True
2021,69,Bharatpur,243603.0,189440.0,189047.0,77.7659,HUMAYUN KABIR,AITC,AITC,96226.0,50.9006,IMAN KALYAN MUKHERJEE,BJP,BJP,53143.0,28.111,43083.0,22.7896,7,8,2444.0,1.2928,50.9006,28.111,15.9304,5.058,https://old.eci.gov.in/files/file/14106-west-bengal-general-legislative-election-2021-including-ac-56-58/,True
2021,70,Rejinagar,259771.0,210682.0,210445.0,81.103,RABIUL ALAM CHOWDHURY,AITC,AITC,118494.0,56.3064,ARABINDA BISWAS,BJP,BJP,50226.0,23.8666,68268.0,32.4398,6,7,1560.0,0.7413,56.3064,23.8666,18.3516,1.4754,https://old.eci.gov.in/files/file/14106-west-bengal-general-legislative-election-2021-including-ac-56-58/,True
2021,71,Beldanga,252944.0,204719.0,204511.0,80.9345,HASANUZZAMAN SK,AITC,AITC,112862.0,55.1863,SUMIT GHOSH,BJP,BJP,59030.0,28.864,53832.0,26.3223,7,8,1368.0,0.6689,55.1863,28.864,13.411,2.5387,https://old.eci.gov.in/files/file/14106-west-bengal-general-legislative-election-2021-including-ac-56-58/,True
2021,72,Baharampur,260667.0,198142.0,197607.0,76.0135,Subrata Maitra (Kanchan),BJP,BJP,89340.0,45.2109,Naru Gopal Mukherjee,AITC,AITC,62488.0,31.6224,26852.0,13.5885,7,8,2525.0,1.2778,31.6224,45.2109,20.852,2.3147,https://old.eci.gov.in/files/file/14106-west-bengal-general-legislative-election-2021-including-ac-56-58/,True
2021,73,Hariharpara,247421.0,216202.0,216075.0,87.3822,NIAMOT SHEIKH,AITC,AITC,102660.0,47.5113,MIR ALAMGIR (PALASH),INC,INC,88594.0,41.0015,14066.0,6.5098,11,12,1117.0,0.517,47.5113,8.5054,41.7998,2.1835,https://old.eci.gov.in/files/file/14106-west-bengal-general-legislative-election-2021-including-ac-56-58/,True
2021,74,Nowda,247688.0,202578.0,202349.0,81.7876,SAHINA MOMTAZ KHAN,AITC,AITC,117684.0,58.1589,ANUPAM MANDAL,BJP,BJP,43531.0,21.5128,74153.0,36.6461,9,10,1308.0,0.6464,58.1589,21.5128,15.7847,4.5436,https://old.eci.gov.in/files/file/14106-west-bengal-general-legislative-election-2021-including-ac-56-58/,True
2021,75,Domkal,266283.0,226349.0,226183.0,85.0032,JAFIKUL ISLAM,AITC,AITC,127671.0,56.4459,MD. MOSTAFIJUR RAHAMAN (RANA),CPI(M),CPI(M),80442.0,35.565,47229.0,20.8809,9,10,2419.0,1.0695,56.4459,5.4593,35.6945,2.4003,https://old.eci.gov.in/files/file/14106-west-bengal-general-legislative-election-2021-including-ac-56-58/,True
2021,76,Jalangi,261258.0,222383.0,222167.0,85.1201,ABDUR RAZZAK,AITC,AITC,123840.0,55.7419,SAIFUL ISLAM MOLLA,CPI(M),CPI(M),44564.0,20.0588,79276.0,35.6831,10,11,2551.0,1.1482,55.7419,19.7027,20.1776,4.3778,https://old.eci.gov.in/files/file/14106-west-bengal-general-legislative-election-2021-including-ac-56-58/,True
2021,77,Karimpur,251039.0,221623.0,221506.0,88.2823,Bimalendu Sinha Roy,AITC,AITC,110911.0,50.0713,Samarendranath Ghosh,BJP,BJP,87336.0,39.4283,23575.0,10.643,7,8,1328.0,0.5995,50.0713,39.4283,8.4215,2.0789,https://old.eci.gov.in/files/file/14106-west-bengal-general-legislative-election-2021-including-ac-56-58/,True
2021,78,Tehatta,252454.0,218301.0,218109.0,86.4716,Tapas Kumar Saha,AITC,AITC,97848.0,44.862,Ashutosh Paul,BJP,BJP,90933.0,41.6915,6915.0,3.1705,7,8,1736.0,0.7959,44.862,41.6915,10.6548,2.7917,https://old.eci.gov.in/files/file/14106-west-bengal-general-legislative-election-2021-including-ac-56-58/,True
2021,79,Palashipara,244867.0,203562.0,203385.0,83.1317,Dr. Manik Bhattacharya,AITC,AITC,110274.0,54.2193,Bibhash Chandra Mandal,BJP,BJP,58938.0,28.9785,51336.0,25.2408,8,9,1654.0,0.8132,54.2193,28.9785,13.7296,3.0726,https://old.eci.gov.in/files/file/14106-west-bengal-general-legislative-election-2021-including-ac-56-58/,True
2021,80,Kaliganj,248358.0,209553.0,209379.0,84.3754,NASIRUDDIN AHAMED (LAL),AITC,AITC,111696.0,53.3463,ABHIJIT GHOSH,BJP,BJP,64709.0,30.9052,46987.0,22.4411,8,9,2051.0,0.9796,53.3463,30.9052,12.3962,3.3523,https://old.eci.gov.in/files/file/14106-west-bengal-general-legislative-election-2021-including-ac-56-58/,True
2021,81,Nakashipara,247691.0,209718.0,209570.0,84.6692,Kallol Khan,AITC,AITC,104812.0,50.0129,Santanu Dey,BJP,BJP,83541.0,39.8631,21271.0,10.1498,8,9,1146.0,0.5468,50.0129,39.8631,3.2022,6.9218,https://old.eci.gov.in/files/file/14106-west-bengal-general-legislative-election-2021-including-ac-56-58/,True
2021,82,Chapra,248014.0,213563.0,213175.0,86.1093,RUKBANUR RAHMAN,AITC,AITC,73866.0,34.6504,JEBER SEKH,IND,IND,61748.0,28.9659,12118.0,5.6845,7,8,2023.0,0.949,34.6504,27.2865,5.8333,32.2298,https://old.eci.gov.in/files/file/14106-west-bengal-general-legislative-election-2021-including-ac-56-58/,True
2021,83,Krishnanagar Uttar,238220.0,202512.0,201805.0,85.0105,MUKUL ROY,BJP,BJP,109357.0,54.1894,KOUSHANI MUKHERJEE,AITC,AITC,74268.0,36.8019,35089.0,17.3875,7,8,1851.0,0.9172,36.8019,54.1894,6.0127,2.996,https://old.eci.gov.in/files/file/14106-west-bengal-general-legislative-election-2021-including-ac-56-58/,True
2021,84,Nabadwip,243159.0,211156.0,210589.0,86.8387,PUNDARIKAKSHYA SAHA,AITC,AITC,102170.0,48.5163,SIDHARTHA SHANKAR NASKAR,BJP,BJP,83599.0,39.6977,18571.0,8.8186,6,7,2344.0,1.1131,48.5163,39.6977,8.8039,2.9821,https://old.eci.gov.in/files/file/14106-west-bengal-general-legislative-election-2021-including-ac-56-58/,True
2021,85,Krishnanagar Dakshin,225118.0,196073.0,195685.0,87.0979,UJJAL BISWAS,AITC,AITC,91738.0,46.8804,MAHADEV SARKAR,BJP,BJP,82433.0,42.1254,9305.0,4.755,7,8,2165.0,1.1064,46.8804,42.1254,8.4187,2.5755,https://old.eci.gov.in/files/file/14106-west-bengal-general-legislative-election-2021-including-ac-56-58/,True
2021,86,Santipur,255619.0,220238.0,219692.0,86.1587,JAGANNATH SARKAR,BJP,BJP,109722.0,49.9436,AJOY DEY,AITC,AITC,93844.0,42.7162,15878.0,7.2274,7,8,2385.0,1.0856,42.7162,49.9436,4.7594,2.5808,https://old.eci.gov.in/files/file/14106-west-bengal-general-legislative-election-2021-including-ac-56-58/,True
2021,87,Ranaghat Uttar Paschim,265846.0,223193.0,223193.0,83.9557,PARTHASARATHI CHATTERJEE,BJP,BJP,113637.0,50.9142,SANKAR SINGHA,AITC,AITC,90509.0,40.5519,23128.0,10.3623,9,10,2258.0,1.0117,40.5519,50.9142,5.1135,3.4204,https://old.eci.gov.in/files/file/14106-west-bengal-general-legislative-election-2021-including-ac-56-58/,True
2021,88,Krishnaganj,273728.0,232086.0,231938.0,84.7871,ASHIS KUMAR BISWAS,BJP,BJP,117668.0,50.7325,DR. TAPAS MANDAL,AITC,AITC,96391.0,41.559,21277.0,9.1735,8,9,2099.0,0.905,41.559,50.7325,4.9138,2.7947,https://old.eci.gov.in/files/file/14106-west-bengal-general-legislative-election-2021-including-ac-56-58/,True
2021,89,Ranaghat Uttar Purba,264929.0,215011.0,214736.0,81.158,ASHIM BISWAS,BJP,BJP,116786.0,54.3859,SAMIR KUMAR PODDAR,AITC,AITC,85004.0,39.5854,31782.0,14.8005,8,9,2359.0,1.0986,39.5854,54.3859,0.0,6.0287,https://old.eci.gov.in/files/file/14106-west-bengal-general-legislative-election-2021-including-ac-56-58/,True
2021,90,Ranaghat Dakshin,285180.0,241718.0,241687.0,84.7598,MUKUT MANI ADHIKARI,BJP,BJP,119260.0,49.3448,BARNALI DEY ROY,AITC,AITC,102745.0,42.5116,16515.0,6.8332,5,6,1577.0,0.6525,42.5116,49.3448,6.8018,1.3418,https://old.eci.gov.in/files/file/14106-west-bengal-general-legislative-election-2021-including-ac-56-58/,True
2021,91,Chakdaha,245514.0,212221.0,212064.0,86.4395,Bankim Chandra Ghosh,BJP,BJP,99368.0,46.8576,Subhankar Singha (Jishu),AITC,AITC,87688.0,41.3498,11680.0,5.5078,8,9,1487.0,0.7012,41.3498,46.8576,8.3994,3.3932,https://old.eci.gov.in/files/file/14106-west-bengal-general-legislative-election-2021-including-ac-56-58/,True
2021,92,Kalyani,257683.0,220753.0,220338.0,85.6684,AMBIKA ROY,BJP,BJP,97026.0,44.0351,ANIRUDDHA BISWAS,AITC,AITC,94820.0,43.0339,2206.0,1.0012,7,8,2577.0,1.1696,43.0339,44.0351,10.0595,2.8715,https://old.eci.gov.in/files/file/14106-west-bengal-general-legislative-election-2021-including-ac-56-58/,True
2021,93,Haringhata,240606.0,211081.0,210874.0,87.7289,ASIM KUMAR SARKAR,BJP,BJP,97666.0,46.3149,NILIMA NAG (MALLICK),AITC,AITC,82466.0,39.1068,15200.0,7.2081,9,10,1427.0,0.6767,39.1068,46.3149,11.9522,2.6261,https://old.eci.gov.in/files/file/14106-west-bengal-general-legislative-election-2021-including-ac-56-58/,True
2021,94,Bagda,277464.0,218977.0,218791.0,78.9209,Biswajit Das,BJP,BJP,108111.0,49.4129,Paritosh Kumar Saha,AITC,AITC,98319.0,44.9374,9792.0,4.4755,5,6,1020.0,0.4662,44.9374,49.4129,3.7707,1.879,https://old.eci.gov.in/files/file/14106-west-bengal-general-legislative-election-2021-including-ac-56-58/,True
2021,95,Bangaon Uttar,251387.0,205296.0,205175.0,81.6653,ASHOK KIRTANIA,BJP,BJP,97761.0,47.6476,SHYAMAL ROY,AITC,AITC,87273.0,42.5359,10488.0,5.1117,10,11,1833.0,0.8934,42.5359,47.6476,6.9594,2.8571,https://old.eci.gov.in/files/file/14106-west-bengal-general-legislative-election-2021-including-ac-56-58/,True
2021,96,Bangaon Dakshin,248278.0,208434.0,207834.0,83.9519,SWAPAN MAJUMDER,BJP,BJP,97828.0,47.0703,ALO RANI SARKAR,AITC,AITC,95824.0,46.106,2004.0,0.9643,7,8,1542.0,0.7419,46.106,47.0703,5.3032,1.5205,https://old.eci.gov.in/files/file/14106-west-bengal-general-legislative-election-2021-including-ac-56-58/,True
2021,97,Gaighata,252053.0,213605.0,213243.0,84.7461,SUBRATA THAKUR,BJP,BJP,100808.0,47.2738,NAROTTAM BISWAS,AITC,AITC,91230.0,42.7822,9578.0,4.4916,8,9,1409.0,0.6607,42.7822,47.2738,7.34,2.604,https://old.eci.gov.in/files/file/14106-west-bengal-general-legislative-election-2021-including-ac-56-58/,True
2021,98,Swarupnagar,246109.0,212070.0,211804.0,86.1691,BINA MONDAL,AITC,AITC,99784.0,47.1115,BRINDABAN SARKAR,BJP,BJP,64984.0,30.6812,34800.0,16.4303,6,7,1256.0,0.593,47.1115,30.6812,20.8225,1.3848,https://old.eci.gov.in/files/file/14106-west-bengal-general-legislative-election-2021-including-ac-56-58/,True
2021,99,Baduria,243747.0,213228.0,212883.0,87.4792,ABDUR RAHIM QUAZI,AITC,AITC,109701.0,51.5311,SUKALYAN BAIDYA,BJP,BJP,53257.0,25.017,56444.0,26.5141,6,7,1953.0,0.9174,51.5311,25.017,21.5377,1.9142,https://old.eci.gov.in/files/file/14106-west-bengal-general-legislative-election-2021-including-ac-56-58/,True
2021,100,Habra,242425.0,204736.0,204171.0,84.4533,JYOTI PRIYA MALLICK,AITC,AITC,90533.0,44.3418,RAHUL (BISWAJIT) SINHA,BJP,BJP,86692.0,42.4605,3841.0,1.8813,7,8,1290.0,0.6318,44.3418,42.4605,11.2925,1.9052,https://old.eci.gov.in/files/file/14106-west-bengal-general-legislative-election-2021-including-ac-56-58/,True
2021,101,Ashoknagar,257180.0,216940.0,216724.0,84.3534,NARAYAN GOSWAMI,AITC,AITC,93587.0,43.1826,TANUJA CHAKRABORTY,BJP,BJP,70055.0,32.3245,23532.0,10.8581,8,9,1611.0,0.7433,43.1826,32.3245,0.341,24.1519,https://old.eci.gov.in/files/file/14106-west-bengal-general-legislative-election-2021-including-ac-56-58/,True
2021,102,Amdanga,242462.0,211917.0,211742.0,87.4021,RAFIQUR RAHAMAN,AITC,AITC,88935.0,42.0016,JOYDEV MANNA,BJP,BJP,63455.0,29.9681,25480.0,12.0335,9,10,2324.0,1.0976,42.0016,29.9681,0.2697,27.7606,https://old.eci.gov.in/files/file/14106-west-bengal-general-legislative-election-2021-including-ac-56-58/,True
2021,103,Bijpur,192316.0,139506.0,139096.0,72.54,SUBODH ADHIKARY,AITC,AITC,66625.0,47.8986,SUBHRANSHU ROY,BJP,BJP,53278.0,38.303,13347.0,9.5956,7,8,1227.0,0.8821,47.8986,38.303,11.5259,2.2725,https://old.eci.gov.in/files/file/14106-west-bengal-general-legislative-election-2021-including-ac-56-58/,True
2021,104,Naihati,193930.0,156517.0,156468.0,80.708,PARTHA BHOWMICK,AITC,AITC,77753.0,49.6926,PHALGUNI PATRA,BJP,BJP,58898.0,37.6422,18855.0,12.0504,5,6,1701.0,1.0871,49.6926,37.6422,10.1139,2.5513,https://old.eci.gov.in/files/file/14106-west-bengal-general-legislative-election-2021-including-ac-56-58/,True
2021,105,Bhatpara,154037.0,107197.0,107197.0,69.5917,PAWAN KUMAR SINGH,BJP,BJP,57244.0,53.4007,JITENDRA SHAW (JITU),AITC,AITC,43557.0,40.6327,13687.0,12.768,9,10,1160.0,1.0821,40.6327,53.4007,2.5757,3.3909,https://old.eci.gov.in/files/file/14106-west-bengal-general-legislative-election-2021-including-ac-56-58/,True
2021,106,Jagatdal,233871.0,181341.0,181287.0,77.5389,SOMENATH SHYAM ICHINI,AITC,AITC,87030.0,48.0068,ARINDAM BHATTACHARYA,BJP,BJP,68666.0,37.877,18364.0,10.1298,12,13,2568.0,1.4165,48.0068,37.877,9.6836,4.4326,https://old.eci.gov.in/files/file/14106-west-bengal-general-legislative-election-2021-including-ac-56-58/,True
2021,107,Noapara,262153.0,192951.0,192634.0,73.6024,MANJU BASU,AITC,AITC,94203.0,48.9026,SUNIL SINGH,BJP,BJP,67493.0,35.0369,26710.0,13.8657,10,11,2886.0,1.4982,48.9026,35.0369,12.2003,3.8602,https://old.eci.gov.in/files/file/14106-west-bengal-general-legislative-election-2021-including-ac-56-58/,True
2021,108,Barrackpur,215356.0,148492.0,148249.0,68.9519,RAJU CHAKRABORTY (RAJ),AITC,AITC,68887.0,46.4671,CHANDRAMANI SHUKLA,BJP,BJP,59665.0,40.2465,9222.0,6.2206,5,6,1930.0,1.3019,46.4671,40.2465,10.8905,2.3959,https://old.eci.gov.in/files/file/14106-west-bengal-general-legislative-election-2021-including-ac-56-58/,True
2021,109,Khardaha,232619.0,183221.0,183147.0,78.7644,KAJAL SINHA,AITC,AITC,89807.0,49.0355,SILBHADRA DATTA,BJP,BJP,61667.0,33.6708,28140.0,15.3647,6,7,2415.0,1.3186,49.0355,33.6708,14.6964,2.5973,https://old.eci.gov.in/files/file/14106-west-bengal-general-legislative-election-2021-including-ac-56-58/,True
2021,110,Dum Dum Uttar,273015.0,213355.0,213149.0,78.1477,CHANDRIMA BHATTACHARYA,AITC,AITC,95465.0,44.7879,DR. ARCHANA MAJUMDAR,BJP,BJP,66966.0,31.4175,28499.0,13.3704,6,7,2111.0,0.9904,44.7879,31.4175,21.4535,2.3411,https://old.eci.gov.in/files/file/14106-west-bengal-general-legislative-election-2021-including-ac-56-58/,True
2021,111,Panihati,230748.0,174432.0,174356.0,75.5942,NIRMAL GHOSH,AITC,AITC,86495.0,49.6083,SANMOY BANDYOPADHYAY,BJP,BJP,61318.0,35.1683,25177.0,14.44,6,7,2334.0,1.3386,49.6083,35.1683,12.65,2.5734,https://old.eci.gov.in/files/file/14106-west-bengal-general-legislative-election-2021-including-ac-56-58/,True
2021,112,Kamarhati,197103.0,144377.0,144310.0,73.2495,MADAN MITRA,AITC,AITC,73845.0,51.1711,Anindya Banerjee,BJP,BJP,38437.0,26.635,35408.0,24.5361,9,10,1553.0,1.0762,51.1711,26.635,19.6175,2.5764,https://old.eci.gov.in/files/file/14106-west-bengal-general-legislative-election-2021-including-ac-56-58/,True
2021,113,Baranagar,217774.0,160551.0,160259.0,73.7237,TAPAS ROY,AITC,AITC,85615.0,53.4229,PARNO MITTRA,BJP,BJP,50468.0,31.4915,35147.0,21.9314,6,7,2378.0,1.4838,53.4229,31.4915,12.564,2.5216,https://old.eci.gov.in/files/file/14106-west-bengal-general-legislative-election-2021-including-ac-56-58/,True
2021,114,Dum Dum,247858.0,185654.0,185334.0,74.9034,BRATYA BASU,AITC,AITC,87999.0,47.4813,BIMALSHANKAR NANDA,BJP,BJP,61268.0,33.0582,26731.0,14.4231,8,9,2039.0,1.1002,47.4813,33.0582,16.5393,2.9212,https://old.eci.gov.in/files/file/14106-west-bengal-general-legislative-election-2021-including-ac-56-58/,True
2021,115,Rajarhat New Town,289075.0,235107.0,234906.0,81.3308,TAPASH CHATTERJEE,AITC,AITC,127374.0,54.2234,BHASKAR ROY S/O - DULAL ROY,BJP,BJP,70942.0,30.2002,56432.0,24.0232,6,7,2032.0,0.865,54.2234,30.2002,13.4279,2.1485,https://old.eci.gov.in/files/file/14106-west-bengal-general-legislative-election-2021-including-ac-56-58/,True
2021,116,Bidhannagar,243360.0,162555.0,162035.0,66.7961,SUJIT BOSE S/O - LATE AJIT BOSE,AITC,AITC,75912.0,46.8491,SABYA SACHI DUTTA S/O - LATE GOURI SANKAR DUTTA,BJP,BJP,67915.0,41.9138,7997.0,4.9353,9,10,2213.0,1.3658,46.8491,41.9138,7.9125,3.3246,https://old.eci.gov.in/files/file/14106-west-bengal-general-legislative-election-2021-including-ac-56-58/,True
2021,117,Rajarhat Gopalpur,257447.0,179130.0,178723.0,69.5794,ADITI MUNSHI,AITC,AITC,87650.0,49.0424,SAMIK BHATTACHARYA,BJP,BJP,62354.0,34.8886,25296.0,14.1538,12,13,2258.0,1.2634,49.0424,34.8886,13.9691,2.0999,https://old.eci.gov.in/files/file/14106-west-bengal-general-legislative-election-2021-including-ac-56-58/,True
2021,118,Madhyamgram,272397.0,230610.0,230431.0,84.6595,RATHIN GHOSH,AITC,AITC,112741.0,48.9261,RAJASREE RAJBANSHI,BJP,BJP,64615.0,28.0409,48126.0,20.8852,6,7,3152.0,1.3679,48.9261,28.0409,0.2773,22.7557,https://old.eci.gov.in/files/file/14106-west-bengal-general-legislative-election-2021-including-ac-56-58/,True
2021,119,Barasat,279592.0,226180.0,225707.0,80.8964,CHIRANJEET CHAKRABARTI,AITC,AITC,104431.0,46.2684,SANKAR CHATTERJEE,BJP,BJP,80648.0,35.7313,23783.0,10.5371,9,10,2688.0,1.1909,46.2684,35.7313,15.3247,2.6756,https://old.eci.gov.in/files/file/14106-west-bengal-general-legislative-election-2021-including-ac-56-58/,True
2021,120,Deganga,242652.0,214490.0,214380.0,88.3941,RAHIMA MONDAL,AITC,AITC,100105.0,46.6951,KARIM ALI,RSSCMJP,RSSCMJP,67568.0,31.5179,32537.0,15.1772,7,8,2100.0,0.9796,46.6951,17.9336,1.7394,33.6319,https://old.eci.gov.in/files/file/14106-west-bengal-general-legislative-election-2021-including-ac-56-58/,True
2021,121,Haroa,259206.0,227454.0,227395.0,87.7503,ISLAM SK NURUL (HAJI),AITC,AITC,130398.0,57.3443,KUTUBUDDIN FATHE,RSSCMJP,RSSCMJP,49420.0,21.7331,80978.0,35.6112,6,7,2930.0,1.2885,57.3443,16.9335,0.0,25.7222,https://old.eci.gov.in/files/file/14106-west-bengal-general-legislative-election-2021-including-ac-56-58/,True
2021,122,Minakhan,236528.0,212519.0,212352.0,89.8494,USHA RANI MONDAL,AITC,AITC,109818.0,51.7151,JAYANTA MONDAL,BJP,BJP,53988.0,25.4238,55830.0,26.2913,3,4,3940.0,1.8554,51.7151,25.4238,21.0057,1.8554,https://old.eci.gov.in/files/file/14106-west-bengal-general-legislative-election-2021-including-ac-56-58/,True
2021,123,Sandeshkhali,238633.0,206034.0,205787.0,86.3393,SUKUMAR MAHATA,AITC,AITC,112450.0,54.6439,DR. BHASKAR SARDAR,BJP,BJP,72765.0,35.3594,39685.0,19.2845,6,7,2456.0,1.1935,54.6439,35.3594,0.0,9.9967,https://old.eci.gov.in/files/file/14106-west-bengal-general-legislative-election-2021-including-ac-56-58/,True
2021,124,Basirhat Dakshin,275934.0,235986.0,235737.0,85.5226,DR. SAPTARSHI BANERJEE,AITC,AITC,115873.0,49.1535,TARAK NATH GHOSH,BJP,BJP,91405.0,38.7741,24468.0,10.3794,6,7,1689.0,0.7165,49.1535,38.7741,10.3658,1.7066,https://old.eci.gov.in/files/file/14106-west-bengal-general-legislative-election-2021-including-ac-56-58/,True
2021,125,Basirhat Uttar,268034.0,238660.0,238426.0,89.0409,RAFIKUL ISLAM MONDAL,AITC,AITC,137216.0,57.5508,MD BAIJID AMIN,RSSCMJP,RSSCMJP,47865.0,20.0754,89351.0,37.4754,5,6,1952.0,0.8187,57.5508,19.9244,0.0,22.5248,https://old.eci.gov.in/files/file/14106-west-bengal-general-legislative-election-2021-including-ac-56-58/,True
2021,126,Hingalganj,228508.0,194896.0,194681.0,85.2907,DEBES MANDAL,AITC,AITC,104706.0,53.7834,NEMAI DAS,BJP,BJP,79790.0,40.985,24916.0,12.7984,6,7,1736.0,0.8917,53.7834,40.985,3.0861,2.1455,https://old.eci.gov.in/files/file/14106-west-bengal-general-legislative-election-2021-including-ac-56-58/,True
2021,127,Gosaba,230348.0,195985.0,195808.0,85.0821,JAYANTA NASKAR,AITC,AITC,105723.0,53.9932,BARUN PRAMANIK (CHITTA),BJP,BJP,82014.0,41.8849,23709.0,12.1083,5,6,1017.0,0.5194,53.9932,41.8849,2.9534,1.1685,https://old.eci.gov.in/files/file/14106-west-bengal-general-legislative-election-2021-including-ac-56-58/,True
2021,128,Basanti,260681.0,214317.0,213910.0,82.2143,SHYAMAL MONDAL,AITC,AITC,111453.0,52.1028,RAMESH MAJHI,BJP,BJP,60811.0,28.4283,50642.0,23.6745,6,7,1907.0,0.8915,52.1028,28.4283,17.4727,1.9962,https://old.eci.gov.in/files/file/14106-west-bengal-general-legislative-election-2021-including-ac-56-58/,True
2021,129,Kultali,265561.0,227386.0,227351.0,85.6248,Ganesh Chandra Mondal,AITC,AITC,117238.0,51.567,Mintu Halder,BJP,BJP,70061.0,30.8162,47177.0,20.7508,9,10,1048.0,0.461,51.567,30.8162,15.5337,2.0831,https://old.eci.gov.in/files/file/14106-west-bengal-general-legislative-election-2021-including-ac-56-58/,True
2021,130,Patharpratima,263675.0,231982.0,231786.0,87.9803,SAMIR KUMAR JANA,AITC,AITC,120181.0,51.85,ASIT KUMAR HALDAR,BJP,BJP,98047.0,42.3007,22134.0,9.5493,5,6,1214.0,0.5238,51.85,42.3007,5.1107,0.7386,https://old.eci.gov.in/files/file/14106-west-bengal-general-legislative-election-2021-including-ac-56-58/,True
2021,131,Kakdwip,247826.0,219799.0,219597.0,88.6909,MANTURAM PAKHIRA,AITC,AITC,114493.0,52.1378,DIPANKAR JANA,BJP,BJP,89191.0,40.6158,25302.0,11.522,5,6,1023.0,0.4659,52.1378,40.6158,6.0383,1.2081,https://old.eci.gov.in/files/file/14106-west-bengal-general-legislative-election-2021-including-ac-56-58/,True
2021,132,Sagar,274715.0,239646.0,239067.0,87.2344,BANKIM CHANDRA HAZRA,AITC,AITC,129000.0,53.9598,KAMILA BIKASH,BJP,BJP,99154.0,41.4754,29846.0,12.4844,4,5,1025.0,0.4288,53.9598,41.4754,4.1361,0.4287,https://old.eci.gov.in/files/file/14106-west-bengal-general-legislative-election-2021-including-ac-56-58/,True
2021,133,Kulpi,220144.0,193445.0,193130.0,87.872,JOGARANJAN HALDER,AITC,AITC,96577.0,50.0062,PRANAB KUMAR MALLIK,BJP,BJP,62759.0,32.4957,33818.0,17.5105,5,6,1685.0,0.8725,50.0062,32.4957,0.6167,16.8814,https://old.eci.gov.in/files/file/14106-west-bengal-general-legislative-election-2021-including-ac-56-58/,True
2021,134,Raidighi,273558.0,239695.0,238720.0,87.6213,ALOKE JALDATA,AITC,AITC,115707.0,48.4698,SANTANU BAPULI,BJP,BJP,80139.0,33.5703,35568.0,14.8995,7,8,1462.0,0.6124,48.4698,33.5703,16.6693,1.2906,https://old.eci.gov.in/files/file/14106-west-bengal-general-legislative-election-2021-including-ac-56-58/,True
2021,135,Mandirbazar,229129.0,200403.0,199490.0,87.463,JOYDEB HALDER,AITC,AITC,95834.0,48.0395,DILIP KUMAR JATUA,BJP,BJP,72342.0,36.2635,23492.0,11.776,10,11,1822.0,0.9133,48.0395,36.2635,0.5599,15.1371,https://old.eci.gov.in/files/file/14106-west-bengal-general-legislative-election-2021-including-ac-56-58/,True
2021,136,Jaynagar,239968.0,202538.0,202431.0,84.4021,BISWANATH DAS,AITC,AITC,104952.0,51.8458,RABIN SARDAR,BJP,BJP,66269.0,32.7366,38683.0,19.1092,9,10,1164.0,0.575,51.8458,32.7366,13.2346,2.183,https://old.eci.gov.in/files/file/14106-west-bengal-general-legislative-election-2021-including-ac-56-58/,True
2021,137,Baruipur Purba,265091.0,225144.0,225114.0,84.9308,BIVAS SARDAR (VOBO),AITC,AITC,123243.0,54.7469,CHANDAN MONDAL,BJP,BJP,73602.0,32.6954,49641.0,22.0515,7,8,1855.0,0.824,54.7469,32.6954,10.2135,2.3442,https://old.eci.gov.in/files/file/14106-west-bengal-general-legislative-election-2021-including-ac-56-58/,True
2021,138,Canning Paschim,257681.0,218618.0,218354.0,84.8406,Paresh Ram Das,AITC,AITC,111059.0,50.8619,ARNAB ROY,BJP,BJP,75816.0,34.7216,35243.0,16.1403,7,8,3032.0,1.3886,50.8619,34.7216,6.3525,8.064,https://old.eci.gov.in/files/file/14106-west-bengal-general-legislative-election-2021-including-ac-56-58/,True
2021,139,Canning Purba,262349.0,232862.0,232766.0,88.7604,SAOKAT MOLLA,AITC,AITC,122301.0,52.5425,GAZI SHAHABUDDIN SIRAJI,RSSCMJP,RSSCMJP,69294.0,29.7698,53007.0,22.7727,5,6,2267.0,0.9739,52.5425,14.823,1.1539,31.4806,https://old.eci.gov.in/files/file/14106-west-bengal-general-legislative-election-2021-including-ac-56-58/,True
2021,140,Baruipur Paschim,253749.0,211545.0,211293.0,83.3678,BIMAN BANERJEE,AITC,AITC,121006.0,57.2693,DEBOPAM CHATTOPADHYAYA(BABU),BJP,BJP,59096.0,27.9687,61910.0,29.3006,8,9,1536.0,0.727,57.2693,27.9687,12.1343,2.6277,https://old.eci.gov.in/files/file/14106-west-bengal-general-legislative-election-2021-including-ac-56-58/,True
2021,141,Magrahat Purba,242530.0,207649.0,206153.0,85.6179,NAMITA SAHA,AITC,AITC,110945.0,53.8168,CHANDAN KUMAR NASKAR,BJP,BJP,56866.0,27.5844,54079.0,26.2324,7,8,1480.0,0.7179,53.8168,27.5844,16.9928,1.606,https://old.eci.gov.in/files/file/14106-west-bengal-general-legislative-election-2021-including-ac-56-58/,True
2021,142,Magrahat Paschim,229437.0,195006.0,194282.0,84.9933,GIAS UDDIN MOLLA,AITC,AITC,97006.0,49.9305,DHURJATI SAHA (MANAS),BJP,BJP,50065.0,25.7692,46941.0,24.1613,10,11,2286.0,1.1766,49.9305,25.7692,0.3166,23.9837,https://old.eci.gov.in/files/file/14106-west-bengal-general-legislative-election-2021-including-ac-56-58/,True
2021,143,Diamond Harbour,255132.0,225547.0,225397.0,88.404,PANNALAL HALDER,AITC,AITC,98478.0,43.6909,DIPAK KUMAR HALDER,BJP,BJP,81482.0,36.1504,16996.0,7.5405,11,12,1449.0,0.6429,43.6909,36.1504,17.3862,2.7725,https://old.eci.gov.in/files/file/14106-west-bengal-general-legislative-election-2021-including-ac-56-58/,True
2021,144,Falta,236768.0,208157.0,207932.0,87.916,SANKAR KUMAR NASKAR,AITC,AITC,117179.0,56.3545,BIDHAN PARUI,BJP,BJP,76405.0,36.7452,40774.0,19.6093,10,11,1185.0,0.5699,56.3545,36.7452,3.5839,3.3164,https://old.eci.gov.in/files/file/14106-west-bengal-general-legislative-election-2021-including-ac-56-58/,True
2021,145,Satgachhia,270193.0,236270.0,235546.0,87.4449,MOHAN CHANDRA NASKAR,AITC,AITC,118635.0,50.366,CHANDAN PAL,BJP,BJP,95317.0,40.4664,23318.0,9.8996,6,7,1377.0,0.5846,50.366,40.4664,7.576,1.5916,https://old.eci.gov.in/files/file/14106-west-bengal-general-legislative-election-2021-including-ac-56-58/,True
2021,146,Bishnupur,278650.0,238872.0,237570.0,85.7247,DILIP MONDAL,AITC,AITC,136509.0,57.4605,AGNISWAR NASKAR,BJP,BJP,77677.0,32.6965,58832.0,24.764,5,6,1863.0,0.7842,57.4605,32.6965,7.5746,2.2684,https://old.eci.gov.in/files/file/14106-west-bengal-general-legislative-election-2021-including-ac-56-58/,True
2021,147,Sonarpur Dakshin,288263.0,232993.0,232807.0,80.8265,ARUNDHUTI MAITRA (LOVELY),AITC,AITC,109222.0,46.9153,ANJANA BASU,BJP,BJP,83041.0,35.6695,26181.0,11.2458,14,15,2550.0,1.0953,46.9153,35.6695,13.8393,3.5759,https://old.eci.gov.in/files/file/14106-west-bengal-general-legislative-election-2021-including-ac-56-58/,True
2021,148,Bhangar,271897.0,242757.0,242185.0,89.2827,MD. NAWSAD SIDDIQUE,RSSCMJP,RSSCMJP,109237.0,45.1048,KARIM REZAUL,AITC,AITC,83086.0,34.3068,26151.0,10.798,7,8,3243.0,1.3391,34.3068,15.9903,0.3869,49.316,https://old.eci.gov.in/files/file/14106-west-bengal-general-legislative-election-2021-including-ac-56-58/,True
2021,149,Kasba,306266.0,223312.0,223154.0,72.9144,AHMED JAVED KHAN,AITC,AITC,121372.0,54.3893,DR. INDRANIL KHAN,BJP,BJP,57750.0,25.879,63622.0,28.5103,9,10,2476.0,1.1095,54.3893,25.879,17.859,1.8727,https://old.eci.gov.in/files/file/14106-west-bengal-general-legislative-election-2021-including-ac-56-58/,True
2021,150,Jadavpur,299818.0,215862.0,215419.0,71.9977,DEBABRATA MAJUMDAR (MALAY),AITC,AITC,98100.0,45.5392,Dr. SUJAN CHAKRABORTY,CPI(M),CPI(M),59231.0,27.4957,38869.0,18.0435,11,12,2730.0,1.2673,45.5392,24.6677,27.4957,2.2974,https://old.eci.gov.in/files/file/14106-west-bengal-general-legislative-election-2021-including-ac-56-58/,True
2021,151,Sonarpur Uttar,300330.0,241328.0,240495.0,80.3543,FIRDOUSI BEGUM,AITC,AITC,119957.0,49.8792,RANJAN BAIDYA,BJP,BJP,83867.0,34.8727,36090.0,15.0065,8,9,2114.0,0.879,49.8792,34.8727,12.2248,3.0233,https://old.eci.gov.in/files/file/14106-west-bengal-general-legislative-election-2021-including-ac-56-58/,True
2021,152,Tollyganj,269713.0,197642.0,197365.0,73.2786,AROOP BISWAS,AITC,AITC,101440.0,51.3972,BABUL SUPRIYO,BJP,BJP,51360.0,26.0229,50080.0,25.3743,12,13,2310.0,1.1704,51.3972,26.0229,20.7995,1.7804,https://old.eci.gov.in/files/file/14106-west-bengal-general-legislative-election-2021-including-ac-56-58/,True
2021,153,Behala Purba,308285.0,221885.0,221872.0,71.974,Ratna Chatterjee,AITC,AITC,110968.0,50.0144,Payel Sarkar,BJP,BJP,73540.0,33.1452,37428.0,16.8692,11,12,2835.0,1.2778,50.0144,33.1452,13.8976,2.9428,https://old.eci.gov.in/files/file/14106-west-bengal-general-legislative-election-2021-including-ac-56-58/,True
2021,154,Behala Paschim,313198.0,232249.0,231816.0,74.154,PARTHA CHATTERJEE,AITC,AITC,114778.0,49.5125,SRABANTI CHATTERJEE,BJP,BJP,63894.0,27.5624,50884.0,21.9501,8,9,2433.0,1.0495,49.5125,27.5624,20.4943,2.4308,https://old.eci.gov.in/files/file/14106-west-bengal-general-legislative-election-2021-including-ac-56-58/,True
2021,155,Maheshtala,271007.0,220194.0,219969.0,81.2503,DULAL CHANDRA DAS,AITC,AITC,124008.0,56.3752,UMESH DAS,BJP,BJP,66059.0,30.031,57949.0,26.3442,6,7,2049.0,0.9315,56.3752,30.031,11.4907,2.1031,https://old.eci.gov.in/files/file/14106-west-bengal-general-legislative-election-2021-including-ac-56-58/,True
2021,156,Budge Budge,256136.0,217147.0,216892.0,84.778,ASHOK KUMAR DEB,AITC,AITC,122357.0,56.4138,DR. TARUN KUMAR ADAK,BJP,BJP,77643.0,35.798,44714.0,20.6158,8,9,2735.0,1.261,56.4138,35.798,5.221,2.5672,https://old.eci.gov.in/files/file/14106-west-bengal-general-legislative-election-2021-including-ac-56-58/,True
2021,157,Metiaburuz,256315.0,196746.0,196582.0,76.7595,ABDUL KHALEQUE MOLLA,AITC,AITC,151066.0,76.8463,RAMJIT PRASAD,BJP,BJP,31462.0,16.0045,119604.0,60.8418,10,11,3008.0,1.5302,76.8463,16.0045,0.0,7.1492,https://old.eci.gov.in/files/file/14106-west-bengal-general-legislative-election-2021-including-ac-56-58/,True
2021,158,Kolkata Port,235933.0,152513.0,152443.0,64.6425,Firhad Hakim,AITC,AITC,105543.0,69.2344,Awadh Kishore Gupta,BJP,BJP,36989.0,24.2642,68554.0,44.9702,10,11,1360.0,0.8921,69.2344,24.2642,3.785,2.7164,https://old.eci.gov.in/files/file/14106-west-bengal-general-legislative-election-2021-including-ac-56-58/,True
2021,159,Bhabanipur,206389.0,127536.0,127376.0,61.794,Sobhandeb Chattopadhyay,AITC,AITC,73505.0,57.7071,Rudranil Ghosh,BJP,BJP,44786.0,35.1605,28719.0,22.5466,9,10,1570.0,1.2326,57.7071,35.1605,4.091,3.0414,https://old.eci.gov.in/files/file/14106-west-bengal-general-legislative-election-2021-including-ac-56-58/,True
2021,160,Rashbehari,206013.0,124805.0,124455.0,60.5811,DEBASISH KUMAR,AITC,AITC,65704.0,52.7934,LT. GEN. (DR.) SUBRATA SAHA,BJP,BJP,44290.0,35.5872,21414.0,17.2062,12,13,1662.0,1.3354,52.7934,35.5872,8.726,2.8934,https://old.eci.gov.in/files/file/14106-west-bengal-general-legislative-election-2021-including-ac-56-58/,True
2021,161,Ballygunge,247662.0,151056.0,150962.0,60.9928,Subrata Mukherjee,AITC,AITC,106585.0,70.6039,LOKENATH CHATTERJEE,BJP,BJP,31226.0,20.6847,75359.0,49.9192,11,12,1317.0,0.8724,70.6039,20.6847,5.6133,3.0981,https://old.eci.gov.in/files/file/14106-west-bengal-general-legislative-election-2021-including-ac-56-58/,True
2021,162,Chowrangee,208201.0,111625.0,111493.0,53.6141,BANDYOPADHYAY NAYNA,AITC,AITC,70101.0,62.8748,DEVDUTTA MAJI,BJP,BJP,24757.0,22.205,45344.0,40.6698,11,12,1212.0,1.0871,62.8748,22.205,12.9784,1.9418,https://old.eci.gov.in/files/file/14106-west-bengal-general-legislative-election-2021-including-ac-56-58/,True
2021,163,Entally,230814.0,156918.0,156874.0,67.9846,Swarna Kamal Saha,AITC,AITC,101709.0,64.8348,Priyanka Tibrewal,BJP,BJP,43452.0,27.6987,58257.0,37.1361,15,16,991.0,0.6317,64.8348,27.6987,0.0,7.4665,https://old.eci.gov.in/files/file/14106-west-bengal-general-legislative-election-2021-including-ac-56-58/,True
2021,164,Beleghata,250881.0,158506.0,158506.0,63.1798,PARESH PAUL,AITC,AITC,103182.0,65.0966,KASHINATH BISWAS,BJP,BJP,36042.0,22.7386,67140.0,42.358,13,14,1564.0,0.9867,65.0966,22.7386,8.9669,3.1979,https://old.eci.gov.in/files/file/14106-west-bengal-general-legislative-election-2021-including-ac-56-58/,True
2021,165,Jorasanko,197950.0,99125.0,98955.0,50.0758,VIVEK GUPTA,AITC,AITC,52123.0,52.6734,MEENA DEVI PUROHIT,BJP,BJP,39380.0,39.7959,12743.0,12.8775,10,11,1028.0,1.0389,52.6734,39.7959,5.2317,2.299,https://old.eci.gov.in/files/file/14106-west-bengal-general-legislative-election-2021-including-ac-56-58/,True
2021,166,Shyampukur,176557.0,103047.0,102970.0,58.3647,Dr. SHASHI PANJA,AITC,AITC,55785.0,54.176,SANDIPAN BISWAS,BJP,BJP,33265.0,32.3055,22520.0,21.8705,12,13,1063.0,1.0323,54.176,32.3055,10.5157,3.0028,https://old.eci.gov.in/files/file/14106-west-bengal-general-legislative-election-2021-including-ac-56-58/,True
2021,167,Maniktala,211308.0,133110.0,132967.0,62.9934,Sadhan Pande,AITC,AITC,67577.0,50.8224,Kalyan Chaubey,BJP,BJP,47339.0,35.6021,20238.0,15.2203,11,12,1420.0,1.0679,50.8224,35.6021,10.1627,3.4128,https://old.eci.gov.in/files/file/14106-west-bengal-general-legislative-election-2021-including-ac-56-58/,True
2021,168,Kashipur-Belgachhia,223714.0,134970.0,134872.0,60.3315,Atin Ghosh,AITC,AITC,76182.0,56.4847,Sibaji Sinha Roy,BJP,BJP,40792.0,30.245,35390.0,26.2397,9,10,1577.0,1.1693,56.4847,30.245,10.9415,2.3288,https://old.eci.gov.in/files/file/14106-west-bengal-general-legislative-election-2021-including-ac-56-58/,True
2021,169,Bally,176197.0,125971.0,125873.0,71.4944,RANA CHATTERJEE,AITC,AITC,53347.0,42.3816,BAISHALI DALMIYA,BJP,BJP,47110.0,37.4266,6237.0,4.955,11,12,1206.0,0.9581,42.3816,37.4266,17.8608,2.331,https://old.eci.gov.in/files/file/14106-west-bengal-general-legislative-election-2021-including-ac-56-58/,True
2021,170,Howrah Uttar,218547.0,149762.0,149720.0,68.5262,GAUTAM CHOWDHURI,AITC,AITC,71575.0,47.8059,UMESH RAI,BJP,BJP,66053.0,44.1177,5522.0,3.6882,13,14,1670.0,1.1154,47.8059,44.1177,5.4321,2.6443,https://old.eci.gov.in/files/file/14106-west-bengal-general-legislative-election-2021-including-ac-56-58/,True
2021,171,Howrah Madhya,266542.0,195258.0,195144.0,73.256,"Arup Roy, S/o Late Prabhat Roy",AITC,AITC,111554.0,57.165,Sanjay Singh,BJP,BJP,65007.0,33.3123,46547.0,23.8527,13,14,2735.0,1.4015,57.165,33.3123,6.7775,2.7452,https://old.eci.gov.in/files/file/14106-west-bengal-general-legislative-election-2021-including-ac-56-58/,True
2021,172,Shibpur,233676.0,182319.0,182219.0,78.0221,Manoj Tiwary,AITC,AITC,92372.0,50.6928,Rathin Chakrabarty,BJP,BJP,59769.0,32.8006,32603.0,17.8922,10,11,1912.0,1.0493,50.6928,32.8006,14.0331,2.4735,https://old.eci.gov.in/files/file/14106-west-bengal-general-legislative-election-2021-including-ac-56-58/,True
2021,173,Howrah Dakshin,294243.0,217055.0,216940.0,73.7673,NANDITA CHOWDHURY,AITC,AITC,116839.0,53.8577,RANTIDEV SENGUPTA,BJP,BJP,66270.0,30.5476,50569.0,23.3101,12,13,2948.0,1.3589,53.8577,30.5476,12.7265,2.8682,https://old.eci.gov.in/files/file/14106-west-bengal-general-legislative-election-2021-including-ac-56-58/,True
2021,174,Sankrail,277076.0,222223.0,222127.0,80.2029,PRIYA PAUL,AITC,AITC,111888.0,50.3712,PROBHAKAR PANDIT,BJP,BJP,71461.0,32.1712,40427.0,18.2,8,9,1850.0,0.8329,50.3712,32.1712,15.3714,2.0862,https://old.eci.gov.in/files/file/14106-west-bengal-general-legislative-election-2021-including-ac-56-58/,True
2021,175,Panchla,266183.0,217066.0,217009.0,81.5477,GULSAN MULLICK,AITC,AITC,104572.0,48.1879,MOHIT LAL GHANTI,BJP,BJP,71821.0,33.0959,32751.0,15.092,5,6,2411.0,1.111,48.1879,33.0959,0.0,18.7162,https://old.eci.gov.in/files/file/14106-west-bengal-general-legislative-election-2021-including-ac-56-58/,True
2021,176,Uluberia Purba,233764.0,193149.0,193021.0,82.6256,BIDESH RANJAN BOSE,AITC,AITC,86526.0,44.8272,PRATYUSH MANDAL,BJP,BJP,69400.0,35.9546,17126.0,8.8726,7,8,2111.0,1.0937,44.8272,35.9546,0.0,19.2182,https://old.eci.gov.in/files/file/14106-west-bengal-general-legislative-election-2021-including-ac-56-58/,True
2021,177,Uluberia Uttar,224423.0,185834.0,185780.0,82.8052,Dr. Nirmal Maji,AITC,AITC,91501.0,49.2523,CHIRAN BERA,BJP,BJP,70498.0,37.947,21003.0,11.3053,7,8,1248.0,0.6718,49.2523,37.947,10.3843,2.4164,https://old.eci.gov.in/files/file/14106-west-bengal-general-legislative-election-2021-including-ac-56-58/,True
2021,178,Uluberia Dakshin,237620.0,202354.0,202266.0,85.1587,PULAK ROY,AITC,AITC,101880.0,50.3693,PAPIA DEY (ADHIKARY),BJP,BJP,73442.0,36.3096,28438.0,14.0597,7,8,1474.0,0.7287,50.3693,36.3096,11.0128,2.3083,https://old.eci.gov.in/files/file/14106-west-bengal-general-legislative-election-2021-including-ac-56-58/,True
2021,179,Shyampur,257593.0,222035.0,221889.0,86.1961,KALIPADA MANDAL,AITC,AITC,114804.0,51.7394,TNUSREE CHAKRABORTY,BJP,BJP,83293.0,37.5381,31511.0,14.2013,6,7,1142.0,0.5147,51.7394,37.5381,9.649,1.0735,https://old.eci.gov.in/files/file/14106-west-bengal-general-legislative-election-2021-including-ac-56-58/,True
2021,180,Bagnan,231216.0,200047.0,199935.0,86.5195,Arunava Sen (Raja),AITC,AITC,106042.0,53.0382,Anupam Mallik,BJP,BJP,75922.0,37.9733,30120.0,15.0649,7,8,1548.0,0.7743,53.0382,37.9733,7.512,1.4765,https://old.eci.gov.in/files/file/14106-west-bengal-general-legislative-election-2021-including-ac-56-58/,True
2021,181,Amta,261881.0,209048.0,208810.0,79.8256,SUKANTA KUMAR PAUL,AITC,AITC,102445.0,49.0613,DEBTANU BHATTACHARYA,BJP,BJP,76240.0,36.5117,26205.0,12.5496,7,8,1302.0,0.6235,49.0613,36.5117,12.5703,1.8567,https://old.eci.gov.in/files/file/14106-west-bengal-general-legislative-election-2021-including-ac-56-58/,True
2021,182,Udaynarayanpur,235467.0,198342.0,198211.0,84.2335,SAMIR KUMAR PANJA,AITC,AITC,101510.0,51.2131,SUMIT RANJAN KARAR,BJP,BJP,87512.0,44.1509,13998.0,7.0622,5,6,1220.0,0.6155,51.2131,44.1509,2.6124,2.0236,https://old.eci.gov.in/files/file/14106-west-bengal-general-legislative-election-2021-including-ac-56-58/,True
2021,183,Jagatballavpur,288158.0,235862.0,235721.0,81.8516,SITANATH GHOSH,AITC,AITC,116562.0,49.4491,ANUPAM GHOSH,BJP,BJP,87366.0,37.0633,29196.0,12.3858,5,6,2769.0,1.1747,49.4491,37.0633,0.0,13.4876,https://old.eci.gov.in/files/file/14106-west-bengal-general-legislative-election-2021-including-ac-56-58/,True
2021,184,Domjur,299250.0,251210.0,250978.0,83.9465,KALYAN GHOSH,AITC,AITC,130499.0,51.9962,RAJIB BANERJEE S/O- LATE DHANANJOY BANERJEE,BJP,BJP,87879.0,35.0146,42620.0,16.9816,14,15,2082.0,0.8296,51.9962,35.0146,9.0717,3.9175,https://old.eci.gov.in/files/file/14106-west-bengal-general-legislative-election-2021-including-ac-56-58/,True
2021,185,Uttarpara,259814.0,200163.0,199894.0,77.0409,KANCHAN MULLICK,AITC,AITC,93878.0,46.9639,PRABIR KUMAR GHOSAL,BJP,BJP,57889.0,28.9598,35989.0,18.0041,5,6,3353.0,1.6774,46.9639,28.9598,21.9821,2.0942,https://old.eci.gov.in/files/file/14106-west-bengal-general-legislative-election-2021-including-ac-56-58/,True
2021,186,Sreerampur,252758.0,188378.0,188081.0,74.529,DR. SUDIPTO ROY,AITC,AITC,93021.0,49.4579,KABIR SHANKAR BOSE,BJP,BJP,69588.0,36.999,23433.0,12.4589,7,8,2400.0,1.276,49.4579,36.999,10.7235,2.8196,https://old.eci.gov.in/files/file/14106-west-bengal-general-legislative-election-2021-including-ac-56-58/,True
2021,187,Champdani,263372.0,201467.0,201131.0,76.4952,ARINDAM GUIN (BUBAI),AITC,AITC,100972.0,50.2021,DILIP SINGH,BJP,BJP,70894.0,35.2477,30078.0,14.9544,7,8,3347.0,1.6641,50.2021,35.2477,11.5706,2.9796,https://old.eci.gov.in/files/file/14106-west-bengal-general-legislative-election-2021-including-ac-56-58/,True
2021,188,Singur,246867.0,210216.0,209938.0,85.1535,BECHARAM MANNA,AITC,AITC,101077.0,48.1461,RABINDRANATH BHATTACHARYA,BJP,BJP,75154.0,35.7982,25923.0,12.3479,4,5,2345.0,1.117,48.1461,35.7982,14.9387,1.117,https://old.eci.gov.in/files/file/14106-west-bengal-general-legislative-election-2021-including-ac-56-58/,True
2021,189,Chandannagar,229572.0,182418.0,182178.0,79.46,INDRANIL SEN,AITC,AITC,86778.0,47.6336,DEEPANJAN KUMAR GUHA,BJP,BJP,55749.0,30.6014,31029.0,17.0322,8,9,3023.0,1.6594,47.6336,30.6014,18.4995,3.2655,https://old.eci.gov.in/files/file/14106-west-bengal-general-legislative-election-2021-including-ac-56-58/,True
2021,190,Chunchura,314274.0,256624.0,254737.0,81.6561,Asit Mazumder (Tapan),AITC,AITC,117104.0,45.9706,Locket Chatterjee,BJP,BJP,98687.0,38.7407,18417.0,7.2299,9,10,4338.0,1.7029,45.9706,38.7407,11.2967,3.992,https://old.eci.gov.in/files/file/14106-west-bengal-general-legislative-election-2021-including-ac-56-58/,True
2021,191,Balagarh,258955.0,220609.0,219957.0,85.192,MANORANJAN BAPARI,AITC,AITC,100364.0,45.6289,SUBHAS CHANDRA HALDAR,BJP,BJP,94580.0,42.9993,5784.0,2.6296,4,5,3105.0,1.4116,45.6289,42.9993,9.9601,1.4117,https://old.eci.gov.in/files/file/14106-west-bengal-general-legislative-election-2021-including-ac-56-58/,True
2021,192,Pandua,270503.0,224755.0,223664.0,83.0878,Dr. Ratna De Nag,AITC,AITC,102874.0,45.9949,Partha Sharma,BJP,BJP,71016.0,31.7512,31858.0,14.2437,7,8,2164.0,0.9675,45.9949,31.7512,19.4292,2.8247,https://old.eci.gov.in/files/file/14106-west-bengal-general-legislative-election-2021-including-ac-56-58/,True
2021,193,Saptagram,234840.0,193214.0,192190.0,82.2747,TAPAN DASGUPTA,AITC,AITC,93328.0,48.5603,DEBABRATA BISWAS,BJP,BJP,83556.0,43.4757,9772.0,5.0846,8,9,3037.0,1.5802,48.5603,43.4757,4.3353,3.6287,https://old.eci.gov.in/files/file/14106-west-bengal-general-legislative-election-2021-including-ac-56-58/,True
2021,194,Chanditala,263257.0,207170.0,207106.0,78.695,SWATI KHANDOKER,AITC,AITC,103118.0,49.79,DEBASHISH DASGUPTA(YASH D GUPTAA),BJP,BJP,61771.0,29.8258,41347.0,19.9642,5,6,2156.0,1.041,49.79,29.8258,17.943,2.4412,https://old.eci.gov.in/files/file/14106-west-bengal-general-legislative-election-2021-including-ac-56-58/,True
2021,195,Jangipara,257025.0,210790.0,210411.0,82.0115,SNEHASIS CHAKRABORTY,AITC,AITC,101885.0,48.4219,DEBJIT SARKAR,BJP,BJP,83959.0,39.9024,17926.0,8.5195,7,8,3040.0,1.4448,48.4219,39.9024,0.0,11.6757,https://old.eci.gov.in/files/file/14106-west-bengal-general-legislative-election-2021-including-ac-56-58/,True
2021,196,Haripal,269649.0,221459.0,220774.0,82.1286,Dr. Karabi Manna,AITC,AITC,110215.0,49.9221,Samiran Mitra,BJP,BJP,87143.0,39.4716,23072.0,10.4505,5,6,3367.0,1.5251,49.9221,39.4716,0.9612,9.6451,https://old.eci.gov.in/files/file/14106-west-bengal-general-legislative-election-2021-including-ac-56-58/,True
2021,197,Dhanekhali,271518.0,234048.0,233838.0,86.1998,ASIMA PATRA,AITC,AITC,124776.0,53.36,TUSAR KUMAR MAJUMDAR,BJP,BJP,94617.0,40.4626,30159.0,12.8974,4,5,2182.0,0.9331,53.36,40.4626,5.2442,0.9332,https://old.eci.gov.in/files/file/14106-west-bengal-general-legislative-election-2021-including-ac-56-58/,True
2021,198,Tarakeswar,239820.0,207216.0,205917.0,86.4048,RAMENDU SINHARAY,AITC,AITC,96698.0,46.9597,Dr. Swapan Dasgupta,BJP,BJP,89214.0,43.3252,7484.0,3.6345,5,6,2752.0,1.3365,46.9597,43.3252,7.0878,2.6273,https://old.eci.gov.in/files/file/14106-west-bengal-general-legislative-election-2021-including-ac-56-58/,True
2021,199,Pursurah,259988.0,223433.0,223074.0,85.9397,BIMAN GHOSH,BJP,BJP,119334.0,53.4953,DILIP YADAV,AITC,AITC,91156.0,40.8636,28178.0,12.6317,4,5,2788.0,1.2498,40.8636,53.4953,3.5091,2.132,https://old.eci.gov.in/files/file/14106-west-bengal-general-legislative-election-2021-including-ac-56-58/,True
2021,200,Arambag,257621.0,220248.0,219960.0,85.493,MADHUSUDAN BAG,BJP,BJP,103108.0,46.8758,SUJATA MONDAL,AITC,AITC,95936.0,43.6152,7172.0,3.2606,4,5,3171.0,1.4416,43.6152,46.8758,6.8035,2.7055,https://old.eci.gov.in/files/file/14106-west-bengal-general-legislative-election-2021-including-ac-56-58/,True
2021,201,Goghat,246570.0,219792.0,219545.0,89.1398,BISWANATH KARAK,BJP,BJP,102227.0,46.5631,MANAS MAJUMDAR,AITC,AITC,98080.0,44.6742,4147.0,1.8889,4,5,2482.0,1.1305,44.6742,46.5631,6.549,2.2137,https://old.eci.gov.in/files/file/14106-west-bengal-general-legislative-election-2021-including-ac-56-58/,True
2021,202,Khanakul,277259.0,218187.0,217991.0,78.6943,SUSANTA GHOSH,BJP,BJP,107403.0,49.2695,MUNSI NAZBUL KARIM,AITC,AITC,94519.0,43.3591,12884.0,5.9104,6,7,3278.0,1.5037,43.3591,49.2695,0.0,7.3714,https://old.eci.gov.in/files/file/14106-west-bengal-general-legislative-election-2021-including-ac-56-58/,True
2021,203,Tamluk,266881.0,236364.0,236031.0,88.5653,Saumen Kumar Mahapatra,AITC,AITC,108243.0,45.8597,Hare Krishna Bera,BJP,BJP,107450.0,45.5237,793.0,0.336,7,8,1136.0,0.4813,45.8597,45.5237,7.4032,1.2134,https://old.eci.gov.in/files/file/14106-west-bengal-general-legislative-election-2021-including-ac-56-58/,True
2021,204,Panskura Purba,236306.0,198517.0,198400.0,84.0084,Biplab Roy Chowdhury,AITC,AITC,91213.0,45.9743,Debabrata Pattanayek,BJP,BJP,81553.0,41.1053,9660.0,4.869,7,8,1183.0,0.5963,45.9743,41.1053,11.1769,1.7435,https://old.eci.gov.in/files/file/14106-west-bengal-general-legislative-election-2021-including-ac-56-58/,True
2021,205,Panskura Paschim,274092.0,234367.0,234141.0,85.5067,PHIROJA BIBI,AITC,AITC,111705.0,47.7084,SINTU SENAPATI,BJP,BJP,102816.0,43.912,8889.0,3.7964,6,7,1337.0,0.571,47.7084,43.912,6.9886,1.391,https://old.eci.gov.in/files/file/14106-west-bengal-general-legislative-election-2021-including-ac-56-58/,True
2021,206,Moyna,255164.0,224768.0,224434.0,88.0877,Ashoke Dinda,BJP,BJP,108109.0,48.1696,Sangram Kumar Dolai,AITC,AITC,106849.0,47.6082,1260.0,0.5614,7,8,1335.0,0.5948,47.6082,48.1696,3.0218,1.2004,https://old.eci.gov.in/files/file/14106-west-bengal-general-legislative-election-2021-including-ac-56-58/,True
2021,207,Nandakumar,253829.0,228128.0,227275.0,89.8747,SUKUMAR DE,AITC,AITC,108181.0,47.5992,ADHIKARY NILANJAN,BJP,BJP,102775.0,45.2205,5406.0,2.3787,5,6,1473.0,0.6481,47.5992,45.2205,6.2176,0.9627,https://old.eci.gov.in/files/file/14106-west-bengal-general-legislative-election-2021-including-ac-56-58/,True
2021,208,Mahisadal,245266.0,219670.0,219355.0,89.564,TILAK KUMAR CHAKRABORTY,AITC,AITC,101986.0,46.4936,BISWANATH BANERJEE,BJP,BJP,99600.0,45.4058,2386.0,1.0878,6,7,1765.0,0.8046,46.4936,45.4058,0.4477,7.6529,https://old.eci.gov.in/files/file/14106-west-bengal-general-legislative-election-2021-including-ac-56-58/,True
2021,209,Haldia,251051.0,221357.0,220823.0,88.1721,Tapasi Mondal,BJP,BJP,104126.0,47.1536,Swapan Naskar,AITC,AITC,89118.0,40.3572,15008.0,6.7964,5,6,1413.0,0.6399,40.3572,47.1536,10.9789,1.5103,https://old.eci.gov.in/files/file/14106-west-bengal-general-legislative-election-2021-including-ac-56-58/,True
2021,210,Nandigram,257999.0,228467.0,228405.0,88.5534,ADHIKARI SUVENDU,BJP,BJP,110764.0,48.4946,Mamata Banerjee,AITC,AITC,108808.0,47.6382,1956.0,0.8564,8,9,1090.0,0.4772,47.6382,48.4946,2.8489,1.0183,https://old.eci.gov.in/files/file/14106-west-bengal-general-legislative-election-2021-including-ac-56-58/,True
2021,211,Chandipur,245775.0,220529.0,220327.0,89.728,Soham Chakraborty,AITC,AITC,109770.0,49.8214,Pulak Kanti Guria,BJP,BJP,96298.0,43.7069,13472.0,6.1145,7,8,736.0,0.334,49.8214,43.7069,4.6803,1.7914,https://old.eci.gov.in/files/file/14106-west-bengal-general-legislative-election-2021-including-ac-56-58/,True
2021,212,Patashpur,236413.0,209176.0,208827.0,88.4791,UTTAM BARIK,AITC,AITC,105299.0,50.424,AMBUJAKSHA MAHANTI,BJP,BJP,95305.0,45.6383,9994.0,4.7857,4,5,861.0,0.4123,50.424,45.6383,3.5255,0.4122,https://old.eci.gov.in/files/file/14106-west-bengal-general-legislative-election-2021-including-ac-56-58/,True
2021,213,Kanthi Uttar,257427.0,228512.0,228416.0,88.7677,SUMITA SINHA,BJP,BJP,113524.0,49.7005,TARUN KUMAR JANA,AITC,AITC,104194.0,45.6159,9330.0,4.0846,8,9,1492.0,0.6532,45.6159,49.7005,3.1858,1.4978,https://old.eci.gov.in/files/file/14106-west-bengal-general-legislative-election-2021-including-ac-56-58/,True
2021,214,Bhagabanpur,254184.0,222815.0,222650.0,87.6589,RABINDRANATH MAITY,BJP,BJP,121480.0,54.561,ARDHENDU MAITY,AITC,AITC,93931.0,42.1877,27549.0,12.3733,4,5,1019.0,0.4577,42.1877,54.561,2.7936,0.4577,https://old.eci.gov.in/files/file/14106-west-bengal-general-legislative-election-2021-including-ac-56-58/,True
2021,215,Khejuri,238630.0,212862.0,212621.0,89.2017,SANTANU PRAMANIK,BJP,BJP,110407.0,51.9267,PARTHA PRATIM DAS,AITC,AITC,92442.0,43.4774,17965.0,8.4493,4,5,1136.0,0.5343,43.4774,51.9267,4.0616,0.5343,https://old.eci.gov.in/files/file/14106-west-bengal-general-legislative-election-2021-including-ac-56-58/,True
2021,216,Kanthi Dakshin,224657.0,194877.0,194681.0,86.7442,ARUP KUMAR DAS,BJP,BJP,98477.0,50.5838,JYOTIRMOY KAR,AITC,AITC,88184.0,45.2967,10293.0,5.2871,4,5,870.0,0.4469,45.2967,50.5838,3.6727,0.4468,https://old.eci.gov.in/files/file/14106-west-bengal-general-legislative-election-2021-including-ac-56-58/,True
2021,217,Ramnagar,264900.0,222236.0,222060.0,83.8943,AKHIL GIRI,AITC,AITC,112622.0,50.7169,SWADESH RANJAN NAYAK,BJP,BJP,100105.0,45.0802,12517.0,5.6367,5,6,1233.0,0.5553,50.7169,45.0802,3.4653,0.7376,https://old.eci.gov.in/files/file/14106-west-bengal-general-legislative-election-2021-including-ac-56-58/,True
2021,218,Egra,284614.0,241200.0,240817.0,84.7464,TARUN KUMAR MAITY,AITC,AITC,125763.0,52.2235,ARUP DASH,BJP,BJP,107272.0,44.545,18491.0,7.6785,4,5,1393.0,0.5784,52.2235,44.545,2.6531,0.5784,https://old.eci.gov.in/files/file/14106-west-bengal-general-legislative-election-2021-including-ac-56-58/,True
2021,219,Dantan,233841.0,198013.0,197798.0,84.6785,BIKRAM CHANDRA PRADHAN,AITC,AITC,95209.0,48.1345,Saktipada Nayak,BJP,BJP,94586.0,47.8195,623.0,0.315,4,5,1250.0,0.632,48.1345,47.8195,3.4141,0.6319,https://old.eci.gov.in/files/file/14106-west-bengal-general-legislative-election-2021-including-ac-56-58/,True
2021,220,Nayagram,226791.0,192677.0,192354.0,84.958,DULAL MURMU,AITC,AITC,100903.0,52.4569,BAKUL MURMU,BJP,BJP,78149.0,40.6277,22754.0,11.8292,7,8,3086.0,1.6043,52.4569,40.6277,3.4062,3.5092,https://old.eci.gov.in/files/file/14106-west-bengal-general-legislative-election-2021-including-ac-56-58/,True
2021,221,Gopiballavpur,226417.0,199306.0,199070.0,88.0261,Dr. Khagendra Nath Mahata,AITC,AITC,104115.0,52.3007,Sanjit Mahata,BJP,BJP,80347.0,40.3612,23768.0,11.9395,9,10,2791.0,1.402,52.3007,40.3612,2.9231,4.415,https://old.eci.gov.in/files/file/14106-west-bengal-general-legislative-election-2021-including-ac-56-58/,True
2021,222,Jhargram,236035.0,202206.0,201797.0,85.6678,BIRBAHA HANSDA,AITC,AITC,109493.0,54.259,SUKHAMAY SATPATHY (JAHAR),BJP,BJP,71253.0,35.3092,38240.0,18.9498,10,11,3636.0,1.8018,54.259,35.3092,5.7598,4.672,https://old.eci.gov.in/files/file/14106-west-bengal-general-legislative-election-2021-including-ac-56-58/,True
2021,223,Keshiary,238835.0,212838.0,212681.0,89.1151,PARESH MURMU,AITC,AITC,106366.0,50.012,SONALI MURMU SOREN,BJP,BJP,91036.0,42.804,15330.0,7.208,5,6,2570.0,1.2084,50.012,42.804,5.0803,2.1037,https://old.eci.gov.in/files/file/14106-west-bengal-general-legislative-election-2021-including-ac-56-58/,True
2021,224,Kharagpur Sadar,234672.0,171460.0,171385.0,73.0637,HIRANMOY CHATTOPADHYAYA,BJP,BJP,79607.0,46.4492,PRADIP SARKAR,AITC,AITC,75836.0,44.2489,3771.0,2.2003,5,6,2643.0,1.5421,44.2489,46.4492,6.7673,2.5346,https://old.eci.gov.in/files/file/14106-west-bengal-general-legislative-election-2021-including-ac-56-58/,True
2021,225,Narayangarh,243832.0,217819.0,217750.0,89.3316,ATTA SURJA KANTA,AITC,AITC,100894.0,46.3348,RAMA PRASAD GIRI,BJP,BJP,98478.0,45.2253,2416.0,1.1095,5,6,1756.0,0.8064,46.3348,45.2253,7.3763,1.0636,https://old.eci.gov.in/files/file/14106-west-bengal-general-legislative-election-2021-including-ac-56-58/,True
2021,226,Sabang,264783.0,236368.0,236201.0,89.2686,MANAS RANJAN BHUNIA,AITC,AITC,112098.0,47.4587,AMULYA MAITY,BJP,BJP,102234.0,43.2826,9864.0,4.1761,5,6,1534.0,0.6494,47.4587,43.2826,8.0122,1.2465,https://old.eci.gov.in/files/file/14106-west-bengal-general-legislative-election-2021-including-ac-56-58/,True
2021,227,Pingla,255054.0,228829.0,228669.0,89.7179,AJIT MAITY,AITC,AITC,112435.0,49.1693,ANTARA BHATTACHARYYA,BJP,BJP,105779.0,46.2586,6656.0,2.9107,4,5,2073.0,0.9066,49.1693,46.2586,3.6655,0.9066,https://old.eci.gov.in/files/file/14106-west-bengal-general-legislative-election-2021-including-ac-56-58/,True
2021,228,Kharagpur,227081.0,200563.0,200044.0,88.3222,DINEN ROY,AITC,AITC,109727.0,54.8514,TAPAN BHUYA,BJP,BJP,73497.0,36.7404,36230.0,18.111,6,7,2314.0,1.1567,54.8514,36.7404,6.0982,2.31,https://old.eci.gov.in/files/file/14106-west-bengal-general-legislative-election-2021-including-ac-56-58/,True
2021,229,Debra,234184.0,205031.0,204866.0,87.5512,HUMAYUN KABIR,AITC,AITC,95850.0,46.7867,BHARATI GHOSH,BJP,BJP,84624.0,41.307,11226.0,5.4797,5,6,1353.0,0.6604,46.7867,41.307,10.852,1.0543,https://old.eci.gov.in/files/file/14106-west-bengal-general-legislative-election-2021-including-ac-56-58/,True
2021,230,Daspur,298096.0,222606.0,222464.0,74.6759,MAMATA BHUNIA,AITC,AITC,114753.0,51.5827,PRASANTA BERA,BJP,BJP,87911.0,39.517,26842.0,12.0657,4,5,1368.0,0.6149,51.5827,39.517,8.2854,0.6149,https://old.eci.gov.in/files/file/14106-west-bengal-general-legislative-election-2021-including-ac-56-58/,True
2021,231,Ghatal,279908.0,225670.0,225375.0,80.6229,SITAL KAPAT,BJP,BJP,105812.0,46.9493,SHANKAR DOLAI,AITC,AITC,104846.0,46.5207,966.0,0.4286,5,6,1305.0,0.579,46.5207,46.9493,5.4013,1.1287,https://old.eci.gov.in/files/file/14106-west-bengal-general-legislative-election-2021-including-ac-56-58/,True
2021,232,Chandrakona,279867.0,249445.0,249315.0,89.1298,ARUP DHARA,AITC,AITC,121846.0,48.8723,SIBARAM DAS,BJP,BJP,110565.0,44.3475,11281.0,4.5248,5,6,2906.0,1.1656,48.8723,44.3475,0.6125,6.1677,https://old.eci.gov.in/files/file/14106-west-bengal-general-legislative-election-2021-including-ac-56-58/,True
2021,233,Garbeta,232046.0,208366.0,207681.0,89.7951,Uttara Singha (Hazra),AITC,AITC,94928.0,45.7086,Madan Ruidas,BJP,BJP,84356.0,40.6181,10572.0,5.0905,5,6,2719.0,1.3092,45.7086,40.6181,11.9631,1.7102,https://old.eci.gov.in/files/file/14106-west-bengal-general-legislative-election-2021-including-ac-56-58/,True
2021,234,Salboni,276940.0,249836.0,249195.0,90.213,Srikanta Mahata,AITC,AITC,126020.0,50.5708,Rajib Kundu,BJP,BJP,93376.0,37.4711,32644.0,13.0997,9,10,1965.0,0.7885,50.5708,37.4711,8.196,3.7621,https://old.eci.gov.in/files/file/14106-west-bengal-general-legislative-election-2021-including-ac-56-58/,True
2021,235,Keshpur,261529.0,230361.0,230232.0,88.0824,Seuli Saha,AITC,AITC,116992.0,50.8148,Pritish Ranjan Kuar,BJP,BJP,96272.0,41.8152,20720.0,8.9996,3,4,3298.0,1.4325,50.8148,41.8152,5.9375,1.4325,https://old.eci.gov.in/files/file/14106-west-bengal-general-legislative-election-2021-including-ac-56-58/,True
2021,236,Medinipur,280060.0,239132.0,238898.0,85.386,June Maliah,AITC,AITC,121175.0,50.7225,Samit Kumar Dash,BJP,BJP,96778.0,40.5102,24397.0,10.2123,6,7,3928.0,1.6442,50.7225,40.5102,6.0629,2.7044,https://old.eci.gov.in/files/file/14106-west-bengal-general-legislative-election-2021-including-ac-56-58/,True
2021,237,Binpur,224036.0,189003.0,188798.0,84.3628,DEBNATH HANSDA,AITC,AITC,100277.0,53.1134,PALAN SAREN,BJP,BJP,60783.0,32.1947,39494.0,20.9187,8,9,3305.0,1.7505,53.1134,32.1947,5.3417,9.3502,https://old.eci.gov.in/files/file/14106-west-bengal-general-legislative-election-2021-including-ac-56-58/,True
2021,238,Bandwan,284840.0,242281.0,241055.0,85.0586,RAJIB LOCHAN SAREN,AITC,AITC,113337.0,47.0171,PARCY MURMU,BJP,BJP,94506.0,39.2052,18831.0,7.8119,5,6,2954.0,1.2254,47.0171,39.2052,9.2112,4.5665,https://old.eci.gov.in/files/file/14106-west-bengal-general-legislative-election-2021-including-ac-56-58/,True
2021,239,Balarampur,238113.0,198265.0,197965.0,83.2651,BANESWAR MAHATO,BJP,BJP,89521.0,45.2206,SHANTIRAM MAHATO,AITC,AITC,89098.0,45.0069,423.0,0.2137,8,9,2441.0,1.233,45.0069,45.2206,5.3989,4.3736,https://old.eci.gov.in/files/file/14106-west-bengal-general-legislative-election-2021-including-ac-56-58/,True
2021,240,Baghmundi,249613.0,206931.0,206303.0,82.9007,Sushanta Mahato,AITC,AITC,75905.0,36.793,Ashutosh Mahato,AJSUP,AJSUP,61936.0,30.0219,13969.0,6.7711,6,7,2386.0,1.1566,36.793,0.0,31.0592,32.1478,https://old.eci.gov.in/files/file/14106-west-bengal-general-legislative-election-2021-including-ac-56-58/,True
2021,241,Joypur,249621.0,203227.0,202767.0,81.4142,Nara Hari Mahato,BJP,BJP,74380.0,36.6825,Phanibhushan Kumar,INC,INC,62180.0,30.6657,12200.0,6.0168,10,11,2956.0,1.4578,0.0,36.6825,40.795,22.5225,https://old.eci.gov.in/files/file/14106-west-bengal-general-legislative-election-2021-including-ac-56-58/,True
2021,242,Purulia,258947.0,207812.0,206868.0,80.2527,Sudip Kumar Mukherjee,BJP,BJP,89733.0,43.3769,Sujoy Banerjee,AITC,AITC,82715.0,39.9844,7018.0,3.3925,10,11,2588.0,1.251,39.9844,43.3769,12.6675,3.9712,https://old.eci.gov.in/files/file/14106-west-bengal-general-legislative-election-2021-including-ac-56-58/,True
2021,243,Manbazar,253708.0,215204.0,213729.0,84.8235,SANDHYARANI TUDU,AITC,AITC,103298.0,48.3313,GOURI SINGH SARDAR,BJP,BJP,87782.0,41.0716,15516.0,7.2597,5,6,2291.0,1.0719,48.3313,41.0716,7.8833,2.7138,https://old.eci.gov.in/files/file/14106-west-bengal-general-legislative-election-2021-including-ac-56-58/,True
2021,244,Kashipur,238871.0,196286.0,194892.0,82.1724,KAMALAKANTA HANSDA,BJP,BJP,92938.0,47.6869,SWAPAN KUMAR BELTHARIA,AITC,AITC,85551.0,43.8966,7387.0,3.7903,5,6,2401.0,1.232,43.8966,47.6869,6.7709,1.6456,https://old.eci.gov.in/files/file/14106-west-bengal-general-legislative-election-2021-including-ac-56-58/,True
2021,245,Para,243906.0,194051.0,194021.0,79.5597,NADIAR CHAND BOURI,BJP,BJP,87347.0,45.0194,UMAPADA BAURI,AITC,AITC,83340.0,42.9541,4007.0,2.0653,7,8,3657.0,1.8848,42.9541,45.0194,8.029,3.9975,https://old.eci.gov.in/files/file/14106-west-bengal-general-legislative-election-2021-including-ac-56-58/,True
2021,246,Raghunathpur,259434.0,215237.0,214690.0,82.9641,Vivekananda Bauri,BJP,BJP,95770.0,44.6085,Bouri Hazari,AITC,AITC,90332.0,42.0756,5438.0,2.5329,7,8,3557.0,1.6568,42.0756,44.6085,8.6483,4.6676,https://old.eci.gov.in/files/file/14106-west-bengal-general-legislative-election-2021-including-ac-56-58/,True
2021,247,Saltora,232517.0,202511.0,202413.0,87.0951,BAURI CHANDANA,BJP,BJP,91648.0,45.2777,SONTOSH KUMAR MONDAL,AITC,AITC,87503.0,43.2299,4145.0,2.0478,5,6,3363.0,1.6615,43.2299,45.2777,8.0751,3.4173,https://old.eci.gov.in/files/file/14106-west-bengal-general-legislative-election-2021-including-ac-56-58/,True
2021,248,Chhatna,242270.0,197020.0,196836.0,81.3225,SATYANARAYAN MUKHOPADHYAY,BJP,BJP,90233.0,45.8417,SUBASISH BATABYAL,AITC,AITC,83069.0,42.2021,7164.0,3.6396,9,10,3514.0,1.7852,42.2021,45.8417,5.4249,6.5313,https://old.eci.gov.in/files/file/14106-west-bengal-general-legislative-election-2021-including-ac-56-58/,True
2021,249,Ranibandh,253359.0,211578.0,211170.0,83.5092,Jyotsna Mandi,AITC,AITC,90928.0,43.0591,Kshudiram Tudu,BJP,BJP,86989.0,41.1938,3939.0,1.8653,7,8,4226.0,2.0012,43.0591,41.1938,10.9651,4.782,https://old.eci.gov.in/files/file/14106-west-bengal-general-legislative-election-2021-including-ac-56-58/,True
2021,250,Raipur,224604.0,195023.0,194476.0,86.8297,MRITYUNJOY MURMU,AITC,AITC,101043.0,51.9565,SUDHANSHU HANSDA,BJP,BJP,81645.0,41.982,19398.0,9.9745,5,6,2986.0,1.5354,51.9565,41.982,0.5389,5.5226,https://old.eci.gov.in/files/file/14106-west-bengal-general-legislative-election-2021-including-ac-56-58/,True
2021,251,Taldangra,233291.0,203547.0,203186.0,87.2503,ARUP CHAKRABORTY,AITC,AITC,92026.0,45.2915,SHYAMAL KUMAR SARKAR (BENU),BJP,BJP,79649.0,39.2,12377.0,6.0915,8,9,3518.0,1.7314,45.2915,39.2,11.898,3.6105,https://old.eci.gov.in/files/file/14106-west-bengal-general-legislative-election-2021-including-ac-56-58/,True
2021,252,Bankura,269829.0,218058.0,217986.0,80.8134,NILADRI SEKHAR DANA,BJP,BJP,95466.0,43.7946,SAYANTIKA BANERJEE,AITC,AITC,93998.0,43.1211,1468.0,0.6735,11,12,4507.0,2.0676,43.1211,43.7946,7.1032,5.9811,https://old.eci.gov.in/files/file/14106-west-bengal-general-legislative-election-2021-including-ac-56-58/,True
2021,253,Barjora,250729.0,219739.0,219452.0,87.64,ALOK MUKHERJEE,AITC,AITC,93290.0,42.5104,SUPRITI CHATTERJEE,BJP,BJP,90021.0,41.0208,3269.0,1.4896,7,8,4903.0,2.2342,42.5104,41.0208,12.0277,4.4411,https://old.eci.gov.in/files/file/14106-west-bengal-general-legislative-election-2021-including-ac-56-58/,True
2021,254,Onda,256906.0,226229.0,225759.0,88.0591,AMARNATH SHAKHA,BJP,BJP,104940.0,46.4832,ARUP KUMAR KHAN,AITC,AITC,93389.0,41.3667,11551.0,5.1165,8,9,4879.0,2.1612,41.3667,46.4832,7.7601,4.39,https://old.eci.gov.in/files/file/14106-west-bengal-general-legislative-election-2021-including-ac-56-58/,True
2021,255,Bishnupur,219284.0,192287.0,191469.0,87.6886,TANMAY GHOSH (BUMBA),BJP,BJP,89689.0,46.8426,ARCHITA BID,AITC,AITC,78269.0,40.8782,11420.0,5.9644,6,7,3419.0,1.7857,40.8782,46.8426,8.7894,3.4898,https://old.eci.gov.in/files/file/14106-west-bengal-general-legislative-election-2021-including-ac-56-58/,True
2021,256,Katulpur,246785.0,224366.0,224123.0,90.9156,HARAKALI PROTIHER,BJP,BJP,106022.0,47.3053,SANGEETA MALIK,AITC,AITC,94237.0,42.047,11785.0,5.2583,5,6,1856.0,0.8281,42.047,47.3053,8.6957,1.952,https://old.eci.gov.in/files/file/14106-west-bengal-general-legislative-election-2021-including-ac-56-58/,True
2021,257,Indus,242938.0,218856.0,218453.0,90.0872,NIRMAL KUMAR DHARA,BJP,BJP,104936.0,48.036,RUNU METE,AITC,AITC,97716.0,44.7309,7220.0,3.3051,3,4,3182.0,1.4566,44.7309,48.036,5.7765,1.4566,https://old.eci.gov.in/files/file/14106-west-bengal-general-legislative-election-2021-including-ac-56-58/,True
2021,258,Sonamukhi,233059.0,207950.0,207739.0,89.2263,DIBAKAR GHARAMI,BJP,BJP,98161.0,47.2521,DR. SHYAMAL SANTRA,AITC,AITC,87273.0,42.0109,10888.0,5.2412,5,6,2076.0,0.9993,42.0109,47.2521,8.904,1.833,https://old.eci.gov.in/files/file/14106-west-bengal-general-legislative-election-2021-including-ac-56-58/,True
2021,259,Khandaghosh,242730.0,217987.0,217897.0,89.8064,NABIN CHANDRA BAG,AITC,AITC,104264.0,47.8501,BIJAN MANDAL,BJP,BJP,83378.0,38.2649,20886.0,9.5852,5,6,1944.0,0.8922,47.8501,38.2649,10.5201,3.3649,https://old.eci.gov.in/files/file/14106-west-bengal-general-legislative-election-2021-including-ac-56-58/,True
2021,260,Bardhaman Dakshin,257940.0,206348.0,205345.0,79.9984,KHOKAN DAS,AITC,AITC,91015.0,44.323,SANDIP NANDI,BJP,BJP,82910.0,40.376,8105.0,3.947,8,9,3707.0,1.8053,44.323,40.376,11.7573,3.5437,https://old.eci.gov.in/files/file/14106-west-bengal-general-legislative-election-2021-including-ac-56-58/,True
2021,261,Raina,258742.0,229422.0,229166.0,88.6682,Shampa Dhara,AITC,AITC,108752.0,47.4556,Manik Roy,BJP,BJP,90547.0,39.5115,18205.0,7.9441,5,6,1563.0,0.682,47.4556,39.5115,11.054,1.9789,https://old.eci.gov.in/files/file/14106-west-bengal-general-legislative-election-2021-including-ac-56-58/,True
2021,262,Jamalpur,235973.0,206877.0,206690.0,87.6698,ALOK KUMAR MAJHI,AITC,AITC,96999.0,46.9297,BALARAM BAPARI,BJP,BJP,79028.0,38.235,17971.0,8.6947,6,7,2865.0,1.3861,46.9297,38.235,11.8453,2.99,https://old.eci.gov.in/files/file/14106-west-bengal-general-legislative-election-2021-including-ac-56-58/,True
2021,263,Monteswar,242229.0,209248.0,209036.0,86.3844,CHOWDHURY SIDDIQULLAH,AITC,AITC,105460.0,50.4506,SAIKAT PANJA,BJP,BJP,73655.0,35.2356,31805.0,15.215,5,6,1611.0,0.7707,50.4506,35.2356,12.7332,1.5806,https://old.eci.gov.in/files/file/14106-west-bengal-general-legislative-election-2021-including-ac-56-58/,True
2021,264,Kalna,241471.0,209512.0,208951.0,86.7649,DEBOPRASAD BAG (POLTU),AITC,AITC,96073.0,45.9787,BISWAJIT KUNDU,BJP,BJP,88595.0,42.3999,7478.0,3.5788,5,6,2507.0,1.1998,45.9787,42.3999,9.4242,2.1972,https://old.eci.gov.in/files/file/14106-west-bengal-general-legislative-election-2021-including-ac-56-58/,True
2021,265,Memari,254236.0,218892.0,218802.0,86.098,MADHUSUDAN BHATTACHARYA,AITC,AITC,104851.0,47.9205,BHISMADEB BHATTACHARYA,BJP,BJP,81773.0,37.3731,23078.0,10.5474,6,7,1673.0,0.7646,47.9205,37.3731,11.7083,2.9981,https://old.eci.gov.in/files/file/14106-west-bengal-general-legislative-election-2021-including-ac-56-58/,True
2021,266,Bardhaman Uttar,277026.0,242098.0,241925.0,87.3918,NISITH KUMAR MALIK,AITC,AITC,111211.0,45.9692,RADHA KANTA ROY,BJP,BJP,93943.0,38.8315,17268.0,7.1377,4,5,2396.0,0.9904,45.9692,38.8315,12.8255,2.3738,https://old.eci.gov.in/files/file/14106-west-bengal-general-legislative-election-2021-including-ac-56-58/,True
2021,267,Bhatar,246694.0,214935.0,214168.0,87.1262,ADHIKARI MANGOBINDA,AITC,AITC,108028.0,50.4408,MAHENDRANATH KOWAR,BJP,BJP,76287.0,35.6202,31741.0,14.8206,8,9,4346.0,2.0292,50.4408,35.6202,9.155,4.784,https://old.eci.gov.in/files/file/14106-west-bengal-general-legislative-election-2021-including-ac-56-58/,True
2021,268,Purbasthali Dakshin,248533.0,215424.0,215353.0,86.6782,SWAPAN DEBNATH,AITC,AITC,105698.0,49.0813,RAJIB KUMAR BHOWMICK,BJP,BJP,88288.0,40.9969,17410.0,8.0844,5,6,1562.0,0.7253,49.0813,40.9969,6.9936,2.9282,https://old.eci.gov.in/files/file/14106-west-bengal-general-legislative-election-2021-including-ac-56-58/,True
2021,269,Purbasthali Uttar,252626.0,212510.0,212343.0,84.1204,TAPAN CHATTERJEE,AITC,AITC,92421.0,43.5244,GOBARDHAN DAS,BJP,BJP,85715.0,40.3663,6706.0,3.1581,6,7,1350.0,0.6358,43.5244,40.3663,13.2493,2.86,https://old.eci.gov.in/files/file/14106-west-bengal-general-legislative-election-2021-including-ac-56-58/,True
2021,270,Katwa,267738.0,225260.0,224459.0,84.1345,Rabindranath Chatterjee,AITC,AITC,107894.0,48.0685,Shyama Majumdar,BJP,BJP,98739.0,43.9898,9155.0,4.0787,5,6,1780.0,0.793,48.0685,43.9898,6.4368,1.5049,https://old.eci.gov.in/files/file/14106-west-bengal-general-legislative-election-2021-including-ac-56-58/,True
2021,271,Ketugram,258310.0,215774.0,215317.0,83.533,Sekh Sahonawez,AITC,AITC,100226.0,46.5481,Anadi Ghosh (Mathura),BJP,BJP,87543.0,40.6577,12683.0,5.8904,5,6,3620.0,1.6812,46.5481,40.6577,10.048,2.7462,https://old.eci.gov.in/files/file/14106-west-bengal-general-legislative-election-2021-including-ac-56-58/,True
2021,272,Mangalkot,251003.0,217579.0,217329.0,86.6838,Apurba Chowdhury (Achal),AITC,AITC,107596.0,49.5083,Rana Protap Goswami,BJP,BJP,85259.0,39.2304,22337.0,10.2779,5,6,3826.0,1.7605,49.5083,39.2304,8.3615,2.8998,https://old.eci.gov.in/files/file/14106-west-bengal-general-legislative-election-2021-including-ac-56-58/,True
2021,273,Ausgram,246956.0,217408.0,217080.0,88.0351,ABHEDANANDA THANDER,AITC,AITC,100392.0,46.2465,KALITA MAJI,BJP,BJP,88577.0,40.8039,11815.0,5.4426,5,6,4039.0,1.8606,46.2465,40.8039,10.3054,2.6442,https://old.eci.gov.in/files/file/14106-west-bengal-general-legislative-election-2021-including-ac-56-58/,True
2021,274,Galsi,256642.0,222680.0,222538.0,86.7668,NEPAL GHORUI,AITC,AITC,109504.0,49.2069,BIKASH BISWAS,BJP,BJP,90242.0,40.5513,19262.0,8.6556,4,5,2254.0,1.0129,49.2069,40.5513,7.6481,2.5937,https://old.eci.gov.in/files/file/14106-west-bengal-general-legislative-election-2021-including-ac-56-58/,True
2021,275,Pandabeswar,211960.0,164646.0,164291.0,77.6779,NARENDRANATH CHAKRABORTY,AITC,AITC,73922.0,44.9946,KUMAR JITENDRA TEWARI,BJP,BJP,70119.0,42.6798,3803.0,2.3148,8,9,2735.0,1.6647,44.9946,42.6798,7.8099,4.5157,https://old.eci.gov.in/files/file/14106-west-bengal-general-legislative-election-2021-including-ac-56-58/,True
2021,276,Durgapur Purba,256531.0,192929.0,192674.0,75.2069,PRADIP MAZUMDAR,AITC,AITC,79303.0,41.1592,COLONEL DIPTANSU CHAUDHURY,BJP,BJP,75557.0,39.2149,3746.0,1.9443,9,10,2628.0,1.364,41.1592,39.2149,15.4141,4.2118,https://old.eci.gov.in/files/file/14106-west-bengal-general-legislative-election-2021-including-ac-56-58/,True
2021,277,Durgapur Paschim,269303.0,196982.0,196902.0,73.1451,LAKSHMAN CHANDRA GHORUI,BJP,BJP,91186.0,46.3103,BISWANATH PARIAL,AITC,AITC,76522.0,38.863,14664.0,7.4473,10,11,2624.0,1.3326,38.863,46.3103,9.5077,5.319,https://old.eci.gov.in/files/file/14106-west-bengal-general-legislative-election-2021-including-ac-56-58/,True
2021,278,Raniganj,250813.0,182257.0,182211.0,72.6665,TAPAS BANERJEE,AITC,AITC,78164.0,42.8975,DR. BIJAN MUKHERJEE,BJP,BJP,74608.0,40.9459,3556.0,1.9516,7,8,2006.0,1.1009,42.8975,40.9459,11.9027,4.2539,https://old.eci.gov.in/files/file/14106-west-bengal-general-legislative-election-2021-including-ac-56-58/,True
2021,279,Jamuria,221419.0,166933.0,166703.0,75.3924,HARERAM SINGH,AITC,AITC,71002.0,42.5919,TAPAS KUMAR ROY,BJP,BJP,62951.0,37.7624,8051.0,4.8295,6,7,2353.0,1.4115,42.5919,37.7624,14.8876,4.7581,https://old.eci.gov.in/files/file/14106-west-bengal-general-legislative-election-2021-including-ac-56-58/,True
2021,280,Asansol Dakshin,274245.0,194943.0,194737.0,71.0835,AGNIMITRA PAUL,BJP,BJP,87881.0,45.128,SAYANI GHOSH,AITC,AITC,83394.0,42.8239,4487.0,2.3041,5,6,3466.0,1.7798,42.8239,45.128,8.2018,3.8463,https://old.eci.gov.in/files/file/14106-west-bengal-general-legislative-election-2021-including-ac-56-58/,True
2021,281,Asansol Uttar,275796.0,193167.0,192907.0,70.0398,Ghatak Moloy,AITC,AITC,100931.0,52.3211,Krishnendu Mukherjee,BJP,BJP,79821.0,41.378,21110.0,10.9431,7,8,3348.0,1.7356,52.3211,41.378,0.2644,6.0365,https://old.eci.gov.in/files/file/14106-west-bengal-general-legislative-election-2021-including-ac-56-58/,True
2021,282,Kulti,251671.0,174942.0,174767.0,69.5122,AJAY KUMAR PODDAR,BJP,BJP,81112.0,46.4115,UJJAL CHATTERJEE,AITC,AITC,80433.0,46.023,679.0,0.3885,6,7,3553.0,2.033,46.023,46.4115,3.3158,4.2497,https://old.eci.gov.in/files/file/14106-west-bengal-general-legislative-election-2021-including-ac-56-58/,True
2021,283,Barabani,225596.0,169620.0,169207.0,75.1875,BIDHAN UPADHYAY,AITC,AITC,88430.0,52.2614,ARIJIT ROY,BJP,BJP,64973.0,38.3985,23457.0,13.8629,6,7,3039.0,1.796,52.2614,38.3985,5.8786,3.4615,https://old.eci.gov.in/files/file/14106-west-bengal-general-legislative-election-2021-including-ac-56-58/,True
2021,284,Dubrajpur,241742.0,204870.0,204599.0,84.7474,Anup Kumar Saha,BJP,BJP,98083.0,47.9391,Debabrata Saha,AITC,AITC,94220.0,46.0511,3863.0,1.888,5,6,3157.0,1.543,46.0511,47.9391,2.9394,3.0704,https://old.eci.gov.in/files/file/14106-west-bengal-general-legislative-election-2021-including-ac-56-58/,True
2021,285,Suri,263557.0,218986.0,218590.0,83.0887,BIKASH ROYCHOUDHURY,AITC,AITC,105871.0,48.4336,CHATTOPADHYAY JAGANNATH,BJP,BJP,98551.0,45.0849,7320.0,3.3487,6,7,1835.0,0.8395,48.4336,45.0849,4.7354,1.7461,https://old.eci.gov.in/files/file/14106-west-bengal-general-legislative-election-2021-including-ac-56-58/,True
2021,286,Bolpur,273896.0,230664.0,230260.0,84.2159,SINHA CHANDRANATH,AITC,AITC,116443.0,50.5702,ANIRBAN GANGULY,BJP,BJP,94163.0,40.8942,22280.0,9.676,9,10,3337.0,1.4492,50.5702,40.8942,4.6221,3.9135,https://old.eci.gov.in/files/file/14106-west-bengal-general-legislative-election-2021-including-ac-56-58/,True
2021,287,Nanoor,276777.0,235435.0,235328.0,85.0631,BIDHAN CHANDRA MAJHI,AITC,AITC,112116.0,47.6424,TARAKESWAR SAHA,BJP,BJP,105446.0,44.8081,6670.0,2.8343,4,5,2149.0,0.9132,47.6424,44.8081,5.4724,2.0771,https://old.eci.gov.in/files/file/14106-west-bengal-general-legislative-election-2021-including-ac-56-58/,True
2021,288,Labpur,240044.0,212300.0,212027.0,88.4421,ABHIJIT SINHA (RANA),AITC,AITC,108423.0,51.1364,BISWAJIT MONDAL,BJP,BJP,90448.0,42.6587,17975.0,8.4777,7,8,3057.0,1.4418,51.1364,42.6587,3.0557,3.1492,https://old.eci.gov.in/files/file/14106-west-bengal-general-legislative-election-2021-including-ac-56-58/,True
2021,289,Sainthia,255959.0,221998.0,221866.0,86.7319,NILABATI SAHA,AITC,AITC,110572.0,49.8373,PIYA SAHA,BJP,BJP,95329.0,42.9669,15243.0,6.8704,5,6,1742.0,0.7852,49.8373,42.9669,5.465,1.7308,https://old.eci.gov.in/files/file/14106-west-bengal-general-legislative-election-2021-including-ac-56-58/,True
2021,290,Mayureswar,230682.0,199929.0,199425.0,86.6687,ABHIJIT ROY,AITC,AITC,100425.0,50.3573,Shyamapada Mondal,BJP,BJP,88350.0,44.3024,12075.0,6.0549,4,5,2803.0,1.4055,50.3573,44.3024,0.0,5.3403,https://old.eci.gov.in/files/file/14106-west-bengal-general-legislative-election-2021-including-ac-56-58/,True
2021,291,Rampurhat,260812.0,217716.0,217323.0,83.4762,ASISH BANERJEE,AITC,AITC,103276.0,47.5219,SUBHASIS CHOUDHURY (KHOKAN),BJP,BJP,94804.0,43.6235,8472.0,3.8984,6,7,3381.0,1.5557,47.5219,43.6235,5.8286,3.026,https://old.eci.gov.in/files/file/14106-west-bengal-general-legislative-election-2021-including-ac-56-58/,True
2021,292,Hansan,248113.0,211176.0,210606.0,85.1128,Dr. ASOK KUMAR CHATTOPADHYAY,AITC,AITC,108289.0,51.4178,NIKHIL BANERJEE,BJP,BJP,57676.0,27.3857,50613.0,24.0321,5,6,2420.0,1.1491,51.4178,27.3857,19.4886,1.7079,https://old.eci.gov.in/files/file/14106-west-bengal-general-legislative-election-2021-including-ac-56-58/,True
2021,293,Nalhati,244837.0,207958.0,207696.0,84.9373,RAJENDRA PRASAD SINGH (RAJU SINGH),AITC,AITC,117438.0,56.5432,TAPAS KUMAR YADAV(ANANDA YADAV),BJP,BJP,60533.0,29.145,56905.0,27.3982,9,10,1900.0,0.9148,56.5432,29.145,10.2689,4.0429,https://old.eci.gov.in/files/file/14106-west-bengal-general-legislative-election-2021-including-ac-56-58/,True
2021,294,Murarai,263200.0,217991.0,217917.0,82.8233,DR MOSARRAF HOSSAIN,AITC,AITC,146496.0,67.2256,DEBASISH ROY,BJP,BJP,48250.0,22.1415,98246.0,45.0841,6,7,1509.0,0.6925,67.2256,22.1415,8.785,1.8479,https://old.eci.gov.in/files/file/14106-west-bengal-general-legislative-election-2021-including-ac-56-58/,True
2026,1,MEKLIGANJ,,,218859.0,,DADHIRAM RAY,BJP,Bharatiya Janata Party,119109.0,54.4227,ADHIKARY PARESH CHANDRA,AITC,All India Trinamool Congress,89525.0,40.9053,29584.0,13.5174,11,12,2126.0,0.9714,40.9053,54.4227,2.3147,2.3573,https://results.eci.gov.in/ResultAcGenMay2026/ConstituencywiseS251.htm,False
2026,2,MATHABHANGA,,,241845.0,,NISHITH PRAMANIK,BJP,Bharatiya Janata Party,143340.0,59.2694,DR. SABLU BARMAN,AITC,All India Trinamool Congress,86250.0,35.6633,57090.0,23.6061,14,15,913.0,0.3775,35.6633,59.2694,2.268,2.7993,https://results.eci.gov.in/ResultAcGenMay2026/ConstituencywiseS252.htm,False
2026,3,COOCHBEHAR UTTAR,,,254175.0,,SUKUMAR RAY,BJP,Bharatiya Janata Party,155327.0,61.1103,PARTHA PRATIM RAY,AITC,All India Trinamool Congress,84943.0,33.4191,70384.0,27.6912,12,13,1819.0,0.7156,33.4191,61.1103,2.998,2.4726,https://results.eci.gov.in/ResultAcGenMay2026/ConstituencywiseS253.htm,False
2026,4,COOCHBEHAR DAKSHIN,,,205413.0,,RATHINDRA BOSE,BJP,Bharatiya Janata Party,108482.0,52.8117,AVIJIT DE BHOWMIK,AITC,All India Trinamool Congress,85198.0,41.4764,23284.0,11.3353,15,16,1770.0,0.8617,41.4764,52.8117,3.1683,2.5436,https://results.eci.gov.in/ResultAcGenMay2026/ConstituencywiseS254.htm,False
2026,5,SITALKUCHI,,,279822.0,,SABITRI BARMAN,BJP,Bharatiya Janata Party,144367.0,51.5924,HARIHAR DAS,AITC,All India Trinamool Congress,119089.0,42.5588,25278.0,9.0336,11,12,1654.0,0.5911,42.5588,51.5924,2.5995,3.2493,https://results.eci.gov.in/ResultAcGenMay2026/ConstituencywiseS255.htm,False
2026,6,SITAI,,,265319.0,,SANGITA ROY,AITC,All India Trinamool Congress,128188.0,48.3147,ASHUTOSH BARMA,BJP,Bharatiya Janata Party,125467.0,47.2891,2721.0,1.0256,8,9,1324.0,0.499,48.3147,47.2891,2.7047,1.6915,https://results.eci.gov.in/ResultAcGenMay2026/ConstituencywiseS256.htm,False
2026,7,DINHATA,,,267925.0,,AJAY RAY,BJP,Bharatiya Janata Party,138255.0,51.6021,UDAYAN GUHA,AITC,All India Trinamool Congress,120808.0,45.0902,17447.0,6.5119,8,9,1814.0,0.6771,45.0902,51.6021,1.8968,1.4109,https://results.eci.gov.in/ResultAcGenMay2026/ConstituencywiseS257.htm,False
2026,8,NATABARI,,,232716.0,,GIRIJA SHANKAR RAY,BJP,Bharatiya Janata Party,126911.0,54.5347,SAILENDRA NATH BARMA,AITC,All India Trinamool Congress,92298.0,39.6612,34613.0,14.8735,9,10,1113.0,0.4783,39.6612,54.5347,4.3392,1.4649,https://results.eci.gov.in/ResultAcGenMay2026/ConstituencywiseS258.htm,False
2026,9,TUFANGANJ,,,230829.0,,MALATI RAVA ROY,BJP,Bharatiya Janata Party,122525.0,53.0804,SHIBSANKAR PAUL,AITC,All India Trinamool Congress,96068.0,41.6187,26457.0,11.4617,10,11,1421.0,0.6156,41.6187,53.0804,2.9984,2.3025,https://results.eci.gov.in/ResultAcGenMay2026/ConstituencywiseS259.htm,False
2026,10,KUMARGRAM,,,246827.0,,MANOJ KUMAR ORAON,BJP,Bharatiya Janata Party,143044.0,57.9531,RAJEEV TIRKEY,AITC,All India Trinamool Congress,90167.0,36.5304,52877.0,21.4227,11,12,2924.0,1.1846,36.5304,57.9531,2.6945,2.822,https://results.eci.gov.in/ResultAcGenMay2026/ConstituencywiseS2510.htm,False
2026,11,KALCHINI,,,202607.0,,BISHAL LAMA,BJP,Bharatiya Janata Party,114759.0,56.6412,BIRENDRA BARA (ORAON),AITC,All India Trinamool Congress,76916.0,37.9632,37843.0,18.678,7,8,1795.0,0.886,37.9632,56.6412,2.7595,2.6361,https://results.eci.gov.in/ResultAcGenMay2026/ConstituencywiseS2511.htm,False
2026,12,ALIPURDUARS,,,232466.0,,PARITOSH DAS,BJP,Bharatiya Janata Party,143242.0,61.6185,SUMAN KANJILAL,AITC,All India Trinamool Congress,72822.0,31.3259,70420.0,30.2926,10,11,2620.0,1.127,31.3259,61.6185,4.4536,2.602,https://results.eci.gov.in/ResultAcGenMay2026/ConstituencywiseS2512.htm,False
2026,13,FALAKATA,,,235953.0,,DIPAK BARMAN,BJP,Bharatiya Janata Party,134370.0,56.9478,SUBHASH CHANDRA ROY,AITC,All India Trinamool Congress,88371.0,37.4528,45999.0,19.495,8,9,1432.0,0.6069,37.4528,56.9478,3.8592,1.7402,https://results.eci.gov.in/ResultAcGenMay2026/ConstituencywiseS2513.htm,False
2026,14,MADARIHAT,,,176753.0,,LAXUMAN LIMBU,BJP,Bharatiya Janata Party,102488.0,57.9837,JAYPRAKASH TOPPO,AITC,All India Trinamool Congress,61578.0,34.8384,40910.0,23.1453,9,10,1880.0,1.0636,34.8384,57.9837,3.7618,3.4161,https://results.eci.gov.in/ResultAcGenMay2026/ConstituencywiseS2514.htm,False
2026,15,DHUPGURI,,,248496.0,,NARESH ROY,BJP,Bharatiya Janata Party,134798.0,54.2455,NIRMAL CHANDRA ROY,AITC,All India Trinamool Congress,96248.0,38.7322,38550.0,15.5133,14,15,1159.0,0.4664,38.7322,54.2455,3.7744,3.2479,https://results.eci.gov.in/ResultAcGenMay2026/ConstituencywiseS2515.htm,False
2026,16,MAYNAGURI,,,251447.0,,DALIM CHANDRA ROY,BJP,Bharatiya Janata Party,147403.0,58.6219,RAMMOHAN RAY,AITC,All India Trinamool Congress,90900.0,36.1508,56503.0,22.4711,14,15,2130.0,0.8471,36.1508,58.6219,1.6111,3.6162,https://results.eci.gov.in/ResultAcGenMay2026/ConstituencywiseS2516.htm,False
2026,17,JALPAIGURI,,,237856.0,,ANANTA DEB ADHIKARY,BJP,Bharatiya Janata Party,142987.0,60.1149,KRISHNA DAS,AITC,All India Trinamool Congress,74182.0,31.1878,68805.0,28.9271,14,15,2608.0,1.0965,31.1878,60.1149,6.0759,2.6214,https://results.eci.gov.in/ResultAcGenMay2026/ConstituencywiseS2517.htm,False
2026,18,RAJGANJ,,,224379.0,,DINESH SARKAR,BJP,Bharatiya Janata Party,114657.0,51.0997,SWAPNA BARMAN,AITC,All India Trinamool Congress,93180.0,41.528,21477.0,9.5717,13,14,1322.0,0.5892,41.528,51.0997,3.9598,3.4125,https://results.eci.gov.in/ResultAcGenMay2026/ConstituencywiseS2518.htm,False
2026,19,DABGRAM-FULBARI,,,251889.0,,SIKHA CHATTERJEE,BJP,Bharatiya Janata Party,166300.0,66.0211,RANJAN SIL SHARMA,AITC,All India Trinamool Congress,68585.0,27.2283,97715.0,38.7928,14,15,1121.0,0.445,27.2283,66.0211,4.1038,2.6468,https://results.eci.gov.in/ResultAcGenMay2026/ConstituencywiseS2519.htm,False
2026,20,MAL,,,224453.0,,SUKRA MUNDA,BJP,Bharatiya Janata Party,112095.0,49.9414,BULU CHIK BARAIK,AITC,All India Trinamool Congress,96603.0,43.0393,15492.0,6.9021,8,9,3019.0,1.345,43.0393,49.9414,4.3787,2.6406,https://results.eci.gov.in/ResultAcGenMay2026/ConstituencywiseS2520.htm,False
2026,21,NAGRAKATA,,,203963.0,,PUNA BHENGRA,BJP,Bharatiya Janata Party,103478.0,50.7337,SANJAY KUJUR,AITC,All India Trinamool Congress,77620.0,38.0559,25858.0,12.6778,8,9,2887.0,1.4155,38.0559,50.7337,7.3033,3.9071,https://results.eci.gov.in/ResultAcGenMay2026/ConstituencywiseS2521.htm,False
2026,22,KALIMPONG,,,169477.0,,BHARAT KUMAR CHETRI,BJP,Bharatiya Janata Party,84290.0,49.7354,RUDEN SADA LEPCHA,Bharatiya Gorkha Prajatantrik Morcha,Bharatiya Gorkha Prajatantrik Morcha,62826.0,37.0705,21464.0,12.6649,7,8,2060.0,1.2155,0.0,49.7354,1.6049,48.6597,https://results.eci.gov.in/ResultAcGenMay2026/ConstituencywiseS2522.htm,False
2026,23,DARJEELING,,,173807.0,,NOMAN RAI,BJP,Bharatiya Janata Party,62076.0,35.7155,BIJOY KUMAR RAI,Bharatiya Gorkha Prajatantrik Morcha,Bharatiya Gorkha Prajatantrik Morcha,56019.0,32.2306,6057.0,3.4849,6,7,2040.0,1.1737,0.0,35.7155,0.9948,63.2897,https://results.eci.gov.in/ResultAcGenMay2026/ConstituencywiseS2523.htm,False
2026,24,KURSEONG,,,181833.0,,SONAM LAMA,BJP,Bharatiya Janata Party,74878.0,41.1795,AMAR LAMA,Bharatiya Gorkha Prajatantrik Morcha,Bharatiya Gorkha Prajatantrik Morcha,57871.0,31.8265,17007.0,9.353,7,8,1768.0,0.9723,0.0,41.1795,1.8374,56.9831,https://results.eci.gov.in/ResultAcGenMay2026/ConstituencywiseS2524.htm,False
2026,25,MATIGARA-NAXALBARI,,,250985.0,,ANANDAMAY BARMAN,BJP,Bharatiya Janata Party,166905.0,66.5,SHANKAR MALAKAR,AITC,All India Trinamool Congress,62640.0,24.9577,104265.0,41.5423,9,10,1811.0,0.7216,24.9577,66.5,6.0028,2.5395,https://results.eci.gov.in/ResultAcGenMay2026/ConstituencywiseS2525.htm,False
2026,26,SILIGURI,,,183573.0,,SHANKAR GHOSH,BJP,Bharatiya Janata Party,120760.0,65.7831,GOUTAM DEB,AITC,All India Trinamool Congress,47568.0,25.9123,73192.0,39.8708,11,12,1224.0,0.6668,25.9123,65.7831,6.367,1.9376,https://results.eci.gov.in/ResultAcGenMay2026/ConstituencywiseS2526.htm,False
2026,27,PHANSIDEWA,,,207732.0,,DURGA MURMU,BJP,Bharatiya Janata Party,118241.0,56.92,REENA TOPNO EKKA,AITC,All India Trinamool Congress,72978.0,35.1308,45263.0,21.7892,8,9,2193.0,1.0557,35.1308,56.92,3.8309,4.1183,https://results.eci.gov.in/ResultAcGenMay2026/ConstituencywiseS2527.htm,False
2026,28,CHOPRA,,,211163.0,,HAMIDUL RAHAMAN,AITC,All India Trinamool Congress,120986.0,57.2951,SANKAR ADHIKARI,BJP,Bharatiya Janata Party,51862.0,24.5602,69124.0,32.7349,8,9,1225.0,0.5801,57.2951,24.5602,14.8611,3.2836,https://results.eci.gov.in/ResultAcGenMay2026/ConstituencywiseS2528.htm,False
2026,29,ISLAMPUR,,,185961.0,,AGARWAL KANAIA LAL,AITC,All India Trinamool Congress,108117.0,58.1396,CHITRAJIT ROY,BJP,Bharatiya Janata Party,68054.0,36.5958,40063.0,21.5438,12,13,2020.0,1.0862,58.1396,36.5958,3.1141,2.1505,https://results.eci.gov.in/ResultAcGenMay2026/ConstituencywiseS2529.htm,False
2026,30,GOALPOKHAR,,,183176.0,,MD GHULAM RABBANI,AITC,All India Trinamool Congress,122105.0,66.6599,SARAJIT BISWAS,BJP,Bharatiya Janata Party,38315.0,20.917,83790.0,45.7429,11,12,934.0,0.5099,66.6599,20.917,2.1116,10.3115,https://results.eci.gov.in/ResultAcGenMay2026/ConstituencywiseS2530.htm,False
2026,31,CHAKULIA,,,199125.0,,AZAD MINHAJUL ARFIN,AITC,All India Trinamool Congress,90277.0,45.3368,MANOJ KUMAR JAIN,BJP,Bharatiya Janata Party,62266.0,31.2698,28011.0,14.067,14,15,1724.0,0.8658,45.3368,31.2698,20.7622,2.6312,https://results.eci.gov.in/ResultAcGenMay2026/ConstituencywiseS2531.htm,False
2026,32,KARANDIGHI,,,219973.0,,BIRAJ BISWAS,BJP,Bharatiya Janata Party,96260.0,43.7599,GOUTAM PAUL,AITC,All India Trinamool Congress,76391.0,34.7274,19869.0,9.0325,15,16,1647.0,0.7487,34.7274,43.7599,18.7151,2.7976,https://results.eci.gov.in/ResultAcGenMay2026/ConstituencywiseS2532.htm,False
2026,33,HEMTABAD,,,239372.0,,HARIPADA BARMAN,BJP,Bharatiya Janata Party,115529.0,48.2634,SATYAJIT BARMAN,AITC,All India Trinamool Congress,103168.0,43.0994,12361.0,5.164,13,14,757.0,0.3162,43.0994,48.2634,6.2,2.4372,https://results.eci.gov.in/ResultAcGenMay2026/ConstituencywiseS2533.htm,False
2026,34,KALIAGANJ,,,258225.0,,UTPAL BRAHMACHARO,BJP,Bharatiya Janata Party,158349.0,61.3221,NITAI BAISHYA,AITC,All India Trinamool Congress,81924.0,31.7258,76425.0,29.5963,13,14,2993.0,1.1591,31.7258,61.3221,4.1255,2.8266,https://results.eci.gov.in/ResultAcGenMay2026/ConstituencywiseS2534.htm,False
2026,35,RAIGANJ,,,164804.0,,KOUSHIK CHOWDHURY,BJP,Bharatiya Janata Party,105561.0,64.0525,KRISHNA KALYANI,AITC,All India Trinamool Congress,46920.0,28.4702,58641.0,35.5823,14,15,1654.0,1.0036,28.4702,64.0525,5.0296,2.4477,https://results.eci.gov.in/ResultAcGenMay2026/ConstituencywiseS2535.htm,False
2026,36,ITAHAR,,,204159.0,,MOSARAF HUSSEN,AITC,All India Trinamool Congress,98172.0,48.0861,SABITA BARMAN,BJP,Bharatiya Janata Party,70294.0,34.431,27878.0,13.6551,15,16,699.0,0.3424,48.0861,34.431,15.2778,2.2051,https://results.eci.gov.in/ResultAcGenMay2026/ConstituencywiseS2536.htm,False
2026,37,KUSHMANDI,,,199526.0,,TAPAS CHANDRA ROY,BJP,Bharatiya Janata Party,97437.0,48.8342,REKHA ROY,AITC,All India Trinamool Congress,88374.0,44.292,9063.0,4.5422,8,9,1584.0,0.7939,44.292,48.8342,4.7642,2.1096,https://results.eci.gov.in/ResultAcGenMay2026/ConstituencywiseS2537.htm,False
2026,38,KUMARGANJ,,,173869.0,,TORAF HOSSAIN MANDAL,AITC,All India Trinamool Congress,82791.0,47.6169,SUBHENDU SARKAR,BJP,Bharatiya Janata Party,76106.0,43.772,6685.0,3.8449,8,9,789.0,0.4538,47.6169,43.772,7.0611,1.55,https://results.eci.gov.in/ResultAcGenMay2026/ConstituencywiseS2538.htm,False
2026,39,BALURGHAT,,,158296.0,,BIDYUT KUMAR ROY,BJP,Bharatiya Janata Party,95697.0,60.4545,ARPITA GHOSH,AITC,All India Trinamool Congress,48121.0,30.3994,47576.0,30.0551,13,14,1444.0,0.9122,30.3994,60.4545,6.6584,2.4877,https://results.eci.gov.in/ResultAcGenMay2026/ConstituencywiseS2539.htm,False
2026,40,TAPAN,,,186702.0,,BUDHRAI TUDU,BJP,Bharatiya Janata Party,105780.0,56.6571,CHINTAMANI BIHA,AITC,All India Trinamool Congress,68793.0,36.8464,36987.0,19.8107,11,12,1441.0,0.7718,36.8464,56.6571,4.2271,2.2694,https://results.eci.gov.in/ResultAcGenMay2026/ConstituencywiseS2540.htm,False
2026,41,GANGARAMPUR,,,192823.0,,SATYENDRA NATH ROY,BJP,Bharatiya Janata Party,105083.0,54.4971,Goutam Das,AITC,All India Trinamool Congress,76744.0,39.8002,28339.0,14.6969,8,9,1438.0,0.7458,39.8002,54.4971,4.1961,1.5066,https://results.eci.gov.in/ResultAcGenMay2026/ConstituencywiseS2541.htm,False
2026,42,HARIRAMPUR,,,204074.0,,BIPLAB MITRA,AITC,All India Trinamool Congress,93098.0,45.6197,DEBABRATA MAJUMDER,BJP,Bharatiya Janata Party,91112.0,44.6465,1986.0,0.9732,10,11,1013.0,0.4964,45.6197,44.6465,7.3356,2.3982,https://results.eci.gov.in/ResultAcGenMay2026/ConstituencywiseS2542.htm,False
2026,43,HABIBPUR,,,227613.0,,JOYEL MURMU,BJP,Bharatiya Janata Party,142062.0,62.4138,AMAL KISKU,AITC,All India Trinamool Congress,63874.0,28.0625,78188.0,34.3513,10,11,2119.0,0.931,28.0625,62.4138,5.0718,4.4519,https://results.eci.gov.in/ResultAcGenMay2026/ConstituencywiseS2543.htm,False
2026,44,GAZOLE,,,243885.0,,CHINMOY DEB BARMAN,BJP,Bharatiya Janata Party,131541.0,53.9357,PRASENJIT DAS,AITC,All India Trinamool Congress,93349.0,38.2758,38192.0,15.6599,13,14,1493.0,0.6122,38.2758,53.9357,4.6653,3.1232,https://results.eci.gov.in/ResultAcGenMay2026/ConstituencywiseS2544.htm,False
2026,45,CHANCHAL,,,234409.0,,PRASUN BANERJEE,AITC,All India Trinamool Congress,128014.0,54.6114,RATAN DAS,BJP,Bharatiya Janata Party,64140.0,27.3624,63874.0,27.249,13,14,781.0,0.3332,54.6114,27.3624,12.9623,5.0639,https://results.eci.gov.in/ResultAcGenMay2026/ConstituencywiseS2545.htm,False
2026,46,HARISCHANDRAPUR,,,227099.0,,MD. MATIBUR RAHAMAN,AITC,All India Trinamool Congress,113104.0,49.8038,RATAN DAS,BJP,Bharatiya Janata Party,64833.0,28.5483,48271.0,21.2555,12,13,954.0,0.4201,49.8038,28.5483,19.5689,2.079,https://results.eci.gov.in/ResultAcGenMay2026/ConstituencywiseS2546.htm,False
2026,47,MALATIPUR,,,202035.0,,ABDUR RAHIM BOXI,AITC,All India Trinamool Congress,104123.0,51.5371,MAUSAM B NOOR,INC,Indian National Congress,44376.0,21.9645,59747.0,29.5726,10,11,1453.0,0.7192,51.5371,21.4547,25.0016,2.0066,https://results.eci.gov.in/ResultAcGenMay2026/ConstituencywiseS2547.htm,False
2026,48,RATUA,,,233138.0,,SAMAR MUKHERJEE,AITC,All India Trinamool Congress,106834.0,45.8244,ABISHEK SINGHANIA,BJP,Bharatiya Janata Party,74272.0,31.8575,32562.0,13.9669,14,15,1447.0,0.6207,45.8244,31.8575,19.1092,3.2089,https://results.eci.gov.in/ResultAcGenMay2026/ConstituencywiseS2548.htm,False
2026,49,MANIKCHAK,,,225363.0,,GOUR CHANDRA MANDAL,BJP,Bharatiya Janata Party,110118.0,48.8625,KABITA MANDAL,AITC,All India Trinamool Congress,96180.0,42.6778,13938.0,6.1847,7,8,1201.0,0.5329,42.6778,48.8625,6.9665,1.4932,https://results.eci.gov.in/ResultAcGenMay2026/ConstituencywiseS2549.htm,False
2026,50,MALDAHA,,,220797.0,,GOPAL CHANDRA SAHA,BJP,Bharatiya Janata Party,123656.0,56.0044,LIPIKA BARMAN GHOSH,AITC,All India Trinamool Congress,73528.0,33.3012,50128.0,22.7032,12,13,2201.0,0.9968,33.3012,56.0044,7.0327,3.6617,https://results.eci.gov.in/ResultAcGenMay2026/ConstituencywiseS2550.htm,False
2026,51,ENGLISH BAZAR,,,234560.0,,AMLAN BHADURI (BURO),BJP,Bharatiya Janata Party,154096.0,65.6958,ASIS KUNDU (PATA),AITC,All India Trinamool Congress,60312.0,25.7128,93784.0,39.983,12,13,1727.0,0.7363,25.7128,65.6958,6.0832,2.5082,https://results.eci.gov.in/ResultAcGenMay2026/ConstituencywiseS2551.htm,False
2026,52,MOTHABARI,,,162178.0,,ISLAM MD NAJRUL,AITC,All India Trinamool Congress,65705.0,40.5141,NIBARAN GHOSH,BJP,Bharatiya Janata Party,55209.0,34.0422,10496.0,6.4719,8,9,1328.0,0.8189,40.5141,34.0422,16.9265,8.5172,https://results.eci.gov.in/ResultAcGenMay2026/ConstituencywiseS2552.htm,False
2026,53,SUJAPUR,,,227125.0,,SABINA YEASMIN,AITC,All India Trinamool Congress,112795.0,49.6621,ABDUL HANNAN,INC,Indian National Congress,52508.0,23.1185,60287.0,26.5436,14,15,952.0,0.4192,49.6621,8.8348,23.1185,18.3846,https://results.eci.gov.in/ResultAcGenMay2026/ConstituencywiseS2553.htm,False
2026,54,BAISNABNAGAR,,,224839.0,,RAJU KARMAKAR,BJP,Bharatiya Janata Party,108692.0,48.3421,CHANDANA SARKAR,AITC,All India Trinamool Congress,61811.0,27.4912,46881.0,20.8509,11,12,1789.0,0.7957,27.4912,48.3421,21.4571,2.7096,https://results.eci.gov.in/ResultAcGenMay2026/ConstituencywiseS2554.htm,False
2026,55,FARAKKA,,,174841.0,,MOTAB SHAIKH,INC,Indian National Congress,63050.0,36.0613,SUNIL CHOWDHURI,BJP,Bharatiya Janata Party,54857.0,31.3754,8193.0,4.6859,12,13,1783.0,1.0198,27.028,31.3754,38.4503,3.1463,https://results.eci.gov.in/ResultAcGenMay2026/ConstituencywiseS2555.htm,False
2026,56,SAMSERGANJ,,,155430.0,,MOHAMMED NOOR ALAM,AITC,All India Trinamool Congress,61918.0,39.8366,MD NAJME ALAM,INC,Indian National Congress,54331.0,34.9553,7587.0,4.8813,10,11,1654.0,1.0641,39.8366,22.2106,35.1625,2.7903,https://results.eci.gov.in/ResultAcGenMay2026/ConstituencywiseS2556.htm,False
2026,57,SUTI,,,220852.0,,EMANI BISWAS,AITC,All India Trinamool Congress,81330.0,36.8256,MAHABIR GHOSH,BJP,Bharatiya Janata Party,68973.0,31.2304,12357.0,5.5952,10,11,1735.0,0.7856,36.8256,31.2304,28.5784,3.3656,https://results.eci.gov.in/ResultAcGenMay2026/ConstituencywiseS2557.htm,False
2026,58,JANGIPUR,,,212606.0,,CHITTA MUKHERJEE,BJP,Bharatiya Janata Party,91201.0,42.8967,JAKIR HOSSAIN,AITC,All India Trinamool Congress,80659.0,37.9383,10542.0,4.9584,9,10,1143.0,0.5376,37.9383,42.8967,17.4257,1.7393,https://results.eci.gov.in/ResultAcGenMay2026/ConstituencywiseS2558.htm,False
2026,59,RAGHUNATHGANJ,,,194765.0,,AKHRUZZAMAN,AITC,All India Trinamool Congress,88909.0,45.6494,NASIR SAIKH,INC,Indian National Congress,48354.0,24.8268,40555.0,20.8226,8,9,1953.0,1.0027,45.6494,18.0648,31.7403,4.5455,https://results.eci.gov.in/ResultAcGenMay2026/ConstituencywiseS2559.htm,False
2026,60,SAGARDIGHI,,,207660.0,,BAYRON BISWAS,AITC,All India Trinamool Congress,90781.0,43.7162,TAPAS KUMAR CHAKRABORTY,BJP,Bharatiya Janata Party,56521.0,27.218,34260.0,16.4982,10,11,1938.0,0.9333,43.7162,27.218,5.2311,23.8347,https://results.eci.gov.in/ResultAcGenMay2026/ConstituencywiseS2560.htm,False
2026,61,LALGOLA,,,180167.0,,ABDUL AZIZ DOCTOR,AITC,All India Trinamool Congress,67954.0,37.7172,TOUHIDUR RAHAMAN SUMAN,INC,Indian National Congress,48994.0,27.1937,18960.0,10.5235,9,10,1044.0,0.5795,37.7172,19.7017,39.4907,3.0904,https://results.eci.gov.in/ResultAcGenMay2026/ConstituencywiseS2561.htm,False
2026,62,BHAGAWANGOLA,,,218216.0,,REYAT HOSSAIN SARKAR,AITC,All India Trinamool Congress,105997.0,48.5743,MAHAMUDAL HASAN,CPI(M),Communist Party of India (Marxist),49590.0,22.7252,56407.0,25.8491,9,10,1085.0,0.4972,48.5743,10.5877,36.8685,3.9695,https://results.eci.gov.in/ResultAcGenMay2026/ConstituencywiseS2562.htm,False
2026,63,RANINAGAR,,,237202.0,,JULFIKAR ALI,INC,Indian National Congress,79423.0,33.4833,ABDUL SOUMIK HOSSAIN,AITC,All India Trinamool Congress,76722.0,32.3446,2701.0,1.1387,14,15,2240.0,0.9443,32.3446,9.5817,54.2487,3.825,https://results.eci.gov.in/ResultAcGenMay2026/ConstituencywiseS2563.htm,False
2026,64,MURSHIDABAD,,,237534.0,,GOURI SANKAR GHOSH,BJP,Bharatiya Janata Party,114443.0,48.1796,SHAONI SINGHA ROY,AITC,All India Trinamool Congress,82922.0,34.9095,31521.0,13.2701,9,10,1442.0,0.6071,34.9095,48.1796,11.5542,5.3567,https://results.eci.gov.in/ResultAcGenMay2026/ConstituencywiseS2564.htm,False
2026,65,NABAGRAM,,,221580.0,,DILIP SAHA,BJP,Bharatiya Janata Party,78739.0,35.5352,PRONAB CHANDRA DAS,AITC,All India Trinamool Congress,72820.0,32.864,5919.0,2.6712,7,8,1883.0,0.8498,32.864,35.5352,29.1434,2.4574,https://results.eci.gov.in/ResultAcGenMay2026/ConstituencywiseS2565.htm,False
2026,66,KHARGRAM,,,204477.0,,MITALI MAL,BJP,Bharatiya Janata Party,77748.0,38.0229,ASHIS MARJIT,AITC,All India Trinamool Congress,68415.0,33.4585,9333.0,4.5644,9,10,1879.0,0.9189,33.4585,38.0229,25.8968,2.6218,https://results.eci.gov.in/ResultAcGenMay2026/ConstituencywiseS2566.htm,False
2026,67,BURWAN,,,188917.0,,SUKHEN KUMAR BAGDI,BJP,Bharatiya Janata Party,91661.0,48.5192,PROTIMA RAJAK,AITC,All India Trinamool Congress,69361.0,36.7151,22300.0,11.8041,9,10,2500.0,1.3233,36.7151,48.5192,11.162,3.6037,https://results.eci.gov.in/ResultAcGenMay2026/ConstituencywiseS2567.htm,False
2026,68,KANDI,,,199460.0,,GARGI DAS GHOSH,BJP,Bharatiya Janata Party,73355.0,36.7768,APURBA SARKAR (DAVID),AITC,All India Trinamool Congress,63020.0,31.5953,10335.0,5.1815,13,14,2932.0,1.47,31.5953,36.7768,16.5081,15.1198,https://results.eci.gov.in/ResultAcGenMay2026/ConstituencywiseS2568.htm,False
2026,69,BHARATPUR,,,214424.0,,MUSTAFIJUR RAHAMAN (SUMAN),AITC,All India Trinamool Congress,90870.0,42.3787,ANAMIKA GHOSH,BJP,Bharatiya Janata Party,60117.0,28.0365,30753.0,14.3422,10,11,1620.0,0.7555,42.3787,28.0365,26.1128,3.472,https://results.eci.gov.in/ResultAcGenMay2026/ConstituencywiseS2569.htm,False
2026,70,REJINAGAR,,,239295.0,,HUMAYUN KABIR,AJUP,Aam Janata Unnayan party,123536.0,51.625,BAPAN GHOSH,BJP,Bharatiya Janata Party,64660.0,27.021,58876.0,24.604,8,9,1634.0,0.6828,17.4337,27.021,2.3365,53.2088,https://results.eci.gov.in/ResultAcGenMay2026/ConstituencywiseS2570.htm,False
2026,71,BELDANGA,,,228591.0,,BHARAT KUMAR JHAWAR,BJP,Bharatiya Janata Party,72872.0,31.8788,RABIUL ALAM CHOWDHURY,AITC,All India Trinamool Congress,59664.0,26.1008,13208.0,5.778,8,9,1779.0,0.7782,26.1008,31.8788,20.0778,21.9426,https://results.eci.gov.in/ResultAcGenMay2026/ConstituencywiseS2571.htm,False
2026,72,BAHARAMPUR,,,224268.0,,SUBRATA MAITRA (KANCHAN),BJP,Bharatiya Janata Party,91088.0,40.6157,ADHIR RANJAN CHOWDHURY,INC,Indian National Congress,73540.0,32.7911,17548.0,7.8246,13,14,1359.0,0.606,22.1102,40.6157,33.3543,3.9198,https://results.eci.gov.in/ResultAcGenMay2026/ConstituencywiseS2572.htm,False
2026,73,HARIHARPARA,,,235296.0,,NIAMOT SHEIKH,AITC,All India Trinamool Congress,80338.0,34.1434,BIJOY SEKH,AJUP,Aam Janata Unnayan party,67673.0,28.7608,12665.0,5.3826,11,12,1300.0,0.5525,34.1434,13.6241,19.8708,32.3617,https://results.eci.gov.in/ResultAcGenMay2026/ConstituencywiseS2573.htm,False
2026,74,NOWDA,,,221600.0,,HUMAYUN KABIR,AJUP,Aam Janata Unnayan party,86463.0,39.0176,RANA MANDAL,BJP,Bharatiya Janata Party,58520.0,26.4079,27943.0,12.6097,10,11,1118.0,0.5045,23.4057,26.4079,8.9639,41.2225,https://results.eci.gov.in/ResultAcGenMay2026/ConstituencywiseS2574.htm,False
2026,75,DOMKAL,,,257790.0,,MD. MOSTAFIJUR RAHAMAN,CPI(M),Communist Party of India (Marxist),107882.0,41.8488,HUMAYUN KABIR,AITC,All India Trinamool Congress,91586.0,35.5274,16296.0,6.3214,13,14,1207.0,0.4682,35.5274,5.1127,54.1239,5.236,https://results.eci.gov.in/ResultAcGenMay2026/ConstituencywiseS2575.htm,False
2026,76,JALANGI,,,253306.0,,BABAR ALI,AITC,All India Trinamool Congress,88684.0,35.0106,IANUS ALI SARKAR,CPI(M),Communist Party of India (Marxist),67168.0,26.5165,21516.0,8.4941,9,10,1345.0,0.531,35.0106,20.4073,41.1624,3.4197,https://results.eci.gov.in/ResultAcGenMay2026/ConstituencywiseS2576.htm,False
2026,77,KARIMPUR,,,240916.0,,SAMARENDRANATH GHOSH,BJP,Bharatiya Janata Party,105234.0,43.6808,SOHAM CHAKRABORTY,AITC,All India Trinamool Congress,95049.0,39.4532,10185.0,4.2276,9,10,1140.0,0.4732,39.4532,43.6808,13.2872,3.5788,https://results.eci.gov.in/ResultAcGenMay2026/ConstituencywiseS2577.htm,False
2026,78,TEHATTA,,,233588.0,,SUBRATA KABIRAJ,BJP,Bharatiya Janata Party,112138.0,48.0067,DILIP KUMAR PODDAR,AITC,All India Trinamool Congress,83885.0,35.9115,28253.0,12.0952,10,11,922.0,0.3947,35.9115,48.0067,12.3765,3.7053,https://results.eci.gov.in/ResultAcGenMay2026/ConstituencywiseS2578.htm,False
2026,79,PALASHIPARA,,,214650.0,,RUKBANUR RAHMAN,AITC,All India Trinamool Congress,89241.0,41.5751,ANIMA DUTTA,BJP,Bharatiya Janata Party,77787.0,36.239,11454.0,5.3361,9,10,2048.0,0.9541,41.5751,36.239,2.4435,19.7424,https://results.eci.gov.in/ResultAcGenMay2026/ConstituencywiseS2579.htm,False
2026,80,KALIGANJ,,,219023.0,,ALIFA AHMED,AITC,All India Trinamool Congress,89292.0,40.7683,BAPAN GHOSH,BJP,Bharatiya Janata Party,79120.0,36.1241,10172.0,4.6442,10,11,2105.0,0.9611,40.7683,36.1241,13.0027,10.1049,https://results.eci.gov.in/ResultAcGenMay2026/ConstituencywiseS2580.htm,False
2026,81,NAKASHIPARA,,,205920.0,,SANTANU DEY,BJP,Bharatiya Janata Party,100600.0,48.8539,KALLOL KHAN,AITC,All India Trinamool Congress,83273.0,40.4395,17327.0,8.4144,9,10,1873.0,0.9096,40.4395,48.8539,8.5358,2.1708,https://results.eci.gov.in/ResultAcGenMay2026/ConstituencywiseS2581.htm,False
2026,82,CHAPRA,,,210762.0,,JEBER SEKH,AITC,All India Trinamool Congress,97085.0,46.0638,SAIKAT SARKAR,BJP,Bharatiya Janata Party,66305.0,31.4597,30780.0,14.6041,9,10,1550.0,0.7354,46.0638,31.4597,1.4382,21.0383,https://results.eci.gov.in/ResultAcGenMay2026/ConstituencywiseS2582.htm,False
2026,83,KRISHNANAGAR UTTAR,,,202057.0,,TARAK NATH CHATTERJEE,BJP,Bharatiya Janata Party,133211.0,65.9274,SOMNATH DUTTA,AITC,All India Trinamool Congress,54850.0,27.1458,78361.0,38.7816,7,8,1192.0,0.5899,27.1458,65.9274,5.5114,1.4154,https://results.eci.gov.in/ResultAcGenMay2026/ConstituencywiseS2583.htm,False
2026,84,NABADWIP,,,218181.0,,SRUTISEKHAR GOSWAMI,BJP,Bharatiya Janata Party,108631.0,49.7894,PUNDARIKAKSHYA SAHA,AITC,All India Trinamool Congress,87187.0,39.9609,21444.0,9.8285,10,11,1016.0,0.4657,39.9609,49.7894,7.8265,2.4232,https://results.eci.gov.in/ResultAcGenMay2026/ConstituencywiseS2584.htm,False
2026,85,KRISHNANAGAR DAKSHIN,,,197084.0,,SADHAN GHOSH,BJP,Bharatiya Janata Party,102862.0,52.192,UJJAL BISWAS,AITC,All India Trinamool Congress,75061.0,38.0858,27801.0,14.1062,11,12,1119.0,0.5678,38.0858,52.192,6.5641,3.1581,https://results.eci.gov.in/ResultAcGenMay2026/ConstituencywiseS2585.htm,False
2026,86,SANTIPUR,,,214973.0,,SWAPAN KUMAR DAS,BJP,Bharatiya Janata Party,117941.0,54.8632,BRAJAKISHORE GOSWAMI,AITC,All India Trinamool Congress,72565.0,33.7554,45376.0,21.1078,10,11,930.0,0.4326,33.7554,54.8632,5.9999,5.3815,https://results.eci.gov.in/ResultAcGenMay2026/ConstituencywiseS2586.htm,False
2026,87,RANAGHAT UTTAR PASCHIM,,,217135.0,,PARTHA SARATHI CHATTERJEE(BABU),BJP,Bharatiya Janata Party,129046.0,59.4312,TAPAS KUMAR GHOSH,AITC,All India Trinamool Congress,71495.0,32.9265,57551.0,26.5047,10,11,1842.0,0.8483,32.9265,59.4312,5.5998,2.0425,https://results.eci.gov.in/ResultAcGenMay2026/ConstituencywiseS2587.htm,False
2026,88,KRISHNAGANJ,,,232467.0,,SUKANTA BISWAS,BJP,Bharatiya Janata Party,139838.0,60.1539,SAMIR KUMAR PODDAR,AITC,All India Trinamool Congress,78939.0,33.9571,60899.0,26.1968,12,13,923.0,0.397,33.9571,60.1539,3.6473,2.2417,https://results.eci.gov.in/ResultAcGenMay2026/ConstituencywiseS2588.htm,False
2026,89,RANAGHAT UTTAR PURBA,,,211396.0,,ASHIM BISWAS,BJP,Bharatiya Janata Party,126235.0,59.7149,BARNALI DEY ROY,AITC,All India Trinamool Congress,74492.0,35.2381,51743.0,24.4768,11,12,1779.0,0.8415,35.2381,59.7149,2.7556,2.2914,https://results.eci.gov.in/ResultAcGenMay2026/ConstituencywiseS2589.htm,False
2026,90,RANAGHAT DAKSHIN,,,232685.0,,ASHIM KUMAR BISWAS,BJP,Bharatiya Janata Party,140010.0,60.1715,SOUGATA KUMAR BURMAN,AITC,All India Trinamool Congress,75546.0,32.4671,64464.0,27.7044,8,9,1223.0,0.5256,32.4671,60.1715,5.7949,1.5665,https://results.eci.gov.in/ResultAcGenMay2026/ConstituencywiseS2590.htm,False
2026,91,CHAKDAHA,,,210720.0,,BANKIM CHANDRA GHOSH,BJP,Bharatiya Janata Party,115433.0,54.7803,SUBHANKAR SINGHA (JISHU),AITC,All India Trinamool Congress,78488.0,37.2475,36945.0,17.5328,10,11,1110.0,0.5268,37.2475,54.7803,6.2272,1.745,https://results.eci.gov.in/ResultAcGenMay2026/ConstituencywiseS2591.htm,False
2026,92,KALYANI,,,215506.0,,ANUPAM BISWAS,BJP,Bharatiya Janata Party,114469.0,53.1164,DR. ATINDRA NATH MONDAL,AITC,All India Trinamool Congress,79677.0,36.9721,34792.0,16.1443,10,11,1939.0,0.8997,36.9721,53.1164,7.7756,2.1359,https://results.eci.gov.in/ResultAcGenMay2026/ConstituencywiseS2592.htm,False
2026,93,HARINGHATA,,,212756.0,,ASIM KUMAR SARKAR,BJP,Bharatiya Janata Party,107900.0,50.7154,DR. RAJIB BISWAS.,AITC,All India Trinamool Congress,85845.0,40.349,22055.0,10.3664,11,12,1575.0,0.7403,40.349,50.7154,6.5122,2.4234,https://results.eci.gov.in/ResultAcGenMay2026/ConstituencywiseS2593.htm,False
2026,94,BAGDA,,,217223.0,,SOMA THAKUR,BJP,Bharatiya Janata Party,121307.0,55.8445,MADHUPARNA THAKUR,AITC,All India Trinamool Congress,86691.0,39.9088,34616.0,15.9357,10,11,718.0,0.3305,39.9088,55.8445,2.7723,1.4744,https://results.eci.gov.in/ResultAcGenMay2026/ConstituencywiseS2594.htm,False
2026,95,BANGAON UTTAR,,,211344.0,,ASHOK KIRTANIA,BJP,Bharatiya Janata Party,119317.0,56.4563,BISWAJIT DAS,AITC,All India Trinamool Congress,78647.0,37.2128,40670.0,19.2435,12,13,1500.0,0.7097,37.2128,56.4563,4.5565,1.7744,https://results.eci.gov.in/ResultAcGenMay2026/ConstituencywiseS2595.htm,False
2026,96,BANGAON DAKSHIN,,,212191.0,,SWAPAN MAJUMDER,BJP,Bharatiya Janata Party,119399.0,56.2696,RITUPARNA ADDHYA,AITC,All India Trinamool Congress,81585.0,38.4489,37814.0,17.8207,11,12,932.0,0.4392,38.4489,56.2696,3.4898,1.7917,https://results.eci.gov.in/ResultAcGenMay2026/ConstituencywiseS2596.htm,False
2026,97,GAIGHATA,,,209201.0,,SUBRATA THAKUR,BJP,Bharatiya Janata Party,121322.0,57.993,NAROTTAM BISWAS,AITC,All India Trinamool Congress,73639.0,35.2001,47683.0,22.7929,11,12,994.0,0.4751,35.2001,57.993,5.0817,1.7252,https://results.eci.gov.in/ResultAcGenMay2026/ConstituencywiseS2597.htm,False
2026,98,SWARUPNAGAR,,,218120.0,,BINA MONDAL,AITC,All India Trinamool Congress,94813.0,43.4683,TARAK SAHA,BJP,Bharatiya Janata Party,78796.0,36.1251,16017.0,7.3432,8,9,1230.0,0.5639,43.4683,36.1251,18.8612,1.5454,https://results.eci.gov.in/ResultAcGenMay2026/ConstituencywiseS2598.htm,False
2026,99,BADURIA,,,227365.0,,BURHANUL MUKADDIM (LITON),AITC,All India Trinamool Congress,103334.0,45.4485,SUKRITI KUMAR SARKAR,BJP,Bharatiya Janata Party,63273.0,27.8288,40061.0,17.6197,13,14,1387.0,0.61,45.4485,27.8288,1.747,24.9757,https://results.eci.gov.in/ResultAcGenMay2026/ConstituencywiseS2599.htm,False
2026,100,HABRA,,,198737.0,,DEBDAS MONDAL,BJP,Bharatiya Janata Party,104645.0,52.655,JYOTI PRIYA MALLICK,AITC,All India Trinamool Congress,73183.0,36.824,31462.0,15.831,13,14,988.0,0.4971,36.824,52.655,8.3743,2.1467,https://results.eci.gov.in/ResultAcGenMay2026/ConstituencywiseS25100.htm,False
2026,101,ASHOKNAGAR,,,219757.0,,DR. SUMAY HIRA,BJP,Bharatiya Janata Party,96807.0,44.0518,NARAYAN GOSWAMI,AITC,All India Trinamool Congress,87399.0,39.7707,9408.0,4.2811,9,10,1161.0,0.5283,39.7707,44.0518,0.9306,15.2469,https://results.eci.gov.in/ResultAcGenMay2026/ConstituencywiseS25101.htm,False
2026,102,AMDANGA,,,213502.0,,MOHAMMAD KASEM SIDDIQUE,AITC,All India Trinamool Congress,81670.0,38.2526,ARINDAM DEY,BJP,Bharatiya Janata Party,78675.0,36.8498,2995.0,1.4028,12,13,1569.0,0.7349,38.2526,36.8498,0.7405,24.1571,https://results.eci.gov.in/ResultAcGenMay2026/ConstituencywiseS25102.htm,False
2026,103,BIJPUR,,,144886.0,,SUDIPTA DAS,BJP,Bharatiya Janata Party,71799.0,49.5555,SUBODH ADHIKARY,AITC,All India Trinamool Congress,58456.0,40.3462,13343.0,9.2093,13,14,731.0,0.5045,40.3462,49.5555,7.713,2.3853,https://results.eci.gov.in/ResultAcGenMay2026/ConstituencywiseS25103.htm,False
2026,104,NAIHATI,,,157664.0,,SUMITRO CHATTERJEE,BJP,Bharatiya Janata Party,77484.0,49.145,SANAT DEY,AITC,All India Trinamool Congress,67054.0,42.5297,10430.0,6.6153,9,10,1187.0,0.7529,42.5297,49.145,6.054,2.2713,https://results.eci.gov.in/ResultAcGenMay2026/ConstituencywiseS25104.htm,False
2026,105,BHATPARA,,,106314.0,,PAWAN KUMAR SINGH,BJP,Bharatiya Janata Party,61683.0,58.0196,AMIT GUPTA,AITC,All India Trinamool Congress,38876.0,36.5672,22807.0,21.4524,9,10,939.0,0.8832,36.5672,58.0196,3.437,1.9762,https://results.eci.gov.in/ResultAcGenMay2026/ConstituencywiseS25105.htm,False
2026,106,JAGATDAL,,,183193.0,,DR. RAJESH KUMAR,BJP,Bharatiya Janata Party,94351.0,51.5036,SOMENATH SHYAM ICHINI,AITC,All India Trinamool Congress,73442.0,40.09,20909.0,11.4136,13,14,972.0,0.5306,40.09,51.5036,5.9025,2.5039,https://results.eci.gov.in/ResultAcGenMay2026/ConstituencywiseS25106.htm,False
2026,107,NOAPARA,,,195177.0,,ARJUN SINGH,BJP,Bharatiya Janata Party,94415.0,48.374,TRINANKUR BHATTACHARJEE,AITC,All India Trinamool Congress,76759.0,39.3279,17656.0,9.0461,15,16,1372.0,0.703,39.3279,48.374,10.0513,2.2468,https://results.eci.gov.in/ResultAcGenMay2026/ConstituencywiseS25107.htm,False
2026,108,BARRACKPUR,,,154918.0,,KAUSTUV BAGCHI,BJP,Bharatiya Janata Party,78466.0,50.65,RAJ CHAKRABORTY (RAJU),AITC,All India Trinamool Congress,62644.0,40.4369,15822.0,10.2131,9,10,1197.0,0.7727,40.4369,50.65,7.4562,1.4569,https://results.eci.gov.in/ResultAcGenMay2026/ConstituencywiseS25108.htm,False
2026,109,KHARDAHA,,,196505.0,,KALYAN CHAKRABORTI,BJP,Bharatiya Janata Party,97752.0,49.7453,DEVADEEP PUROHIT,AITC,All India Trinamool Congress,73266.0,37.2845,24486.0,12.4608,12,13,1316.0,0.6697,37.2845,49.7453,10.8786,2.0916,https://results.eci.gov.in/ResultAcGenMay2026/ConstituencywiseS25109.htm,False
2026,110,DUM DUM UTTAR,,,223349.0,,SOURAV SIKDAR,BJP,Bharatiya Janata Party,103284.0,46.2433,CHANDRIMA BHATTACHARYA,AITC,All India Trinamool Congress,76880.0,34.4215,26404.0,11.8218,9,10,1475.0,0.6604,34.4215,46.2433,17.9249,1.4103,https://results.eci.gov.in/ResultAcGenMay2026/ConstituencywiseS25110.htm,False
2026,111,PANIHATI,,,174984.0,,RATNA DEBNATH,BJP,Bharatiya Janata Party,87977.0,50.2772,TIRTHANKAR GHOSH,AITC,All India Trinamool Congress,59141.0,33.7979,28836.0,16.4793,11,12,1045.0,0.5972,33.7979,50.2772,14.4916,1.4333,https://results.eci.gov.in/ResultAcGenMay2026/ConstituencywiseS25111.htm,False
2026,112,KAMARHATI,,,148272.0,,MADAN MITRA,AITC,All India Trinamool Congress,64817.0,43.7149,ARUP CHOUDHURY (PULAK),BJP,Bharatiya Janata Party,59171.0,39.9071,5646.0,3.8078,11,12,1145.0,0.7722,43.7149,39.9071,14.5327,1.8453,https://results.eci.gov.in/ResultAcGenMay2026/ConstituencywiseS25112.htm,False
2026,113,BARANAGAR,,,169347.0,,SAJAL GHOSH,BJP,Bharatiya Janata Party,81730.0,48.2619,SAYANTIKA BANERJEE,AITC,All India Trinamool Congress,64774.0,38.2493,16956.0,10.0126,10,11,1197.0,0.7068,38.2493,48.2619,12.0238,1.465,https://results.eci.gov.in/ResultAcGenMay2026/ConstituencywiseS25113.htm,False
2026,114,DUM DUM,,,198098.0,,ARIJIT BAKSHI,BJP,Bharatiya Janata Party,99181.0,50.0666,BRATYABRATA BASU,AITC,All India Trinamool Congress,73908.0,37.3088,25273.0,12.7578,9,10,1459.0,0.7365,37.3088,50.0666,11.2576,1.367,https://results.eci.gov.in/ResultAcGenMay2026/ConstituencywiseS25114.htm,False
2026,115,RAJARHAT NEW TOWN,,,252560.0,,PIYUSH KANODIA,BJP,Bharatiya Janata Party,106564.0,42.1935,TAPASH CHATTERJEE,AITC,All India Trinamool Congress,106248.0,42.0684,316.0,0.1251,13,14,1792.0,0.7095,42.0684,42.1935,13.5846,2.1535,https://results.eci.gov.in/ResultAcGenMay2026/ConstituencywiseS25115.htm,False
2026,116,BIDHANNAGAR,,,177484.0,,SHARADWAT MUKHERJEE,BJP,Bharatiya Janata Party,97979.0,55.2044,SUJIT BOSE,AITC,All India Trinamool Congress,60649.0,34.1715,37330.0,21.0329,10,11,1382.0,0.7787,34.1715,55.2044,8.9861,1.638,https://results.eci.gov.in/ResultAcGenMay2026/ConstituencywiseS25116.htm,False
2026,117,RAJARHAT GOPALPUR,,,195730.0,,TARUNJYOTI TEWARI,BJP,Bharatiya Janata Party,101277.0,51.7432,ADITI MUNSHI,AITC,All India Trinamool Congress,73520.0,37.5619,27757.0,14.1813,12,13,1568.0,0.8011,37.5619,51.7432,9.3853,1.3096,https://results.eci.gov.in/ResultAcGenMay2026/ConstituencywiseS25117.htm,False
2026,118,MADHYAMGRAM,,,232916.0,,RATHIN GHOSH,AITC,All India Trinamool Congress,95995.0,41.2144,ANINDYA BANERJEE,BJP,Bharatiya Janata Party,93596.0,40.1844,2399.0,1.03,10,11,1474.0,0.6328,41.2144,40.1844,1.9316,16.6696,https://results.eci.gov.in/ResultAcGenMay2026/ConstituencywiseS25118.htm,False
2026,119,BARASAT,,,236603.0,,SANKAR CHATTERJEE,BJP,Bharatiya Janata Party,122171.0,51.6354,SABYASACHI DUTTA,AITC,All India Trinamool Congress,87613.0,37.0295,34558.0,14.6059,12,13,1543.0,0.6521,37.0295,51.6354,8.9944,2.3407,https://results.eci.gov.in/ResultAcGenMay2026/ConstituencywiseS25119.htm,False
2026,120,DEGANGA,,,233473.0,,ANISUR RAHAMAN BIDESH,AITC,All India Trinamool Congress,101114.0,43.3086,MD MOFIDUL HOQUE SAHAJI MINTU,AISF,All India Secular Front,83296.0,35.6769,17818.0,7.6317,14,15,2318.0,0.9928,43.3086,17.8719,0.5294,38.2901,https://results.eci.gov.in/ResultAcGenMay2026/ConstituencywiseS25120.htm,False
2026,121,HAROA,,,237469.0,,ABDUL MATIN MUHAMMAD,AITC,All India Trinamool Congress,117591.0,49.5185,PIYARUL ISLAM,AISF,All India Secular Front,68250.0,28.7406,49341.0,20.7779,10,11,2837.0,1.1947,49.5185,17.3261,0.5209,32.6345,https://results.eci.gov.in/ResultAcGenMay2026/ConstituencywiseS25121.htm,False
2026,122,MINAKHAN,,,215848.0,,USHA RANI MONDAL,AITC,All India Trinamool Congress,92079.0,42.6592,RUDRENDRA PATRA,BJP,Bharatiya Janata Party,59787.0,27.6987,32292.0,14.9605,8,9,2616.0,1.212,42.6592,27.6987,0.5425,29.0996,https://results.eci.gov.in/ResultAcGenMay2026/ConstituencywiseS25122.htm,False
2026,123,SANDESHKHALI,,,216180.0,,SANAT SARDAR,BJP,Bharatiya Janata Party,107189.0,49.5832,JHARNA SARDAR,AITC,All India Trinamool Congress,89679.0,41.4835,17510.0,8.0997,8,9,2192.0,1.014,41.4835,49.5832,6.5145,2.4188,https://results.eci.gov.in/ResultAcGenMay2026/ConstituencywiseS25123.htm,False
2026,124,BASIRHAT DAKSHIN,,,250535.0,,SURAJIT MITRA (BADAL),AITC,All India Trinamool Congress,112965.0,45.0895,DR. SOURYA BANERJEE,BJP,Bharatiya Janata Party,103421.0,41.2801,9544.0,3.8094,11,12,1327.0,0.5297,45.0895,41.2801,11.0563,2.5741,https://results.eci.gov.in/ResultAcGenMay2026/ConstituencywiseS25124.htm,False
2026,125,BASIRHAT UTTAR,,,238563.0,,MD. TAUSEFFUR RAHMAN,AITC,All India Trinamool Congress,115503.0,48.4161,MD. MUSA KAREMULLA,AISF,All India Secular Front,58233.0,24.4099,57270.0,24.0062,10,11,1684.0,0.7059,48.4161,23.1432,0.8769,27.5638,https://results.eci.gov.in/ResultAcGenMay2026/ConstituencywiseS25125.htm,False
2026,126,HINGALGANJ,,,207071.0,,REKHA PATRA,BJP,Bharatiya Janata Party,100207.0,48.3926,ANANDA SARKAR,AITC,All India Trinamool Congress,94786.0,45.7746,5421.0,2.618,9,10,1660.0,0.8017,45.7746,48.3926,3.9895,1.8433,https://results.eci.gov.in/ResultAcGenMay2026/ConstituencywiseS25126.htm,False
2026,127,GOSABA,,,211328.0,,BIKARNA NASKAR,BJP,Bharatiya Janata Party,108492.0,51.3382,SUBRATA MONDAL,AITC,All India Trinamool Congress,92392.0,43.7197,16100.0,7.6185,9,10,2221.0,1.051,43.7197,51.3382,2.728,2.2141,https://results.eci.gov.in/ResultAcGenMay2026/ConstituencywiseS25127.htm,False
2026,128,BASANTI,,,231860.0,,NILIMA MISTRY BISHAL,AITC,All India Trinamool Congress,127495.0,54.9879,BIKASH SARDAR,BJP,Bharatiya Janata Party,71314.0,30.7574,56181.0,24.2305,8,9,1402.0,0.6047,54.9879,30.7574,1.6575,12.5972,https://results.eci.gov.in/ResultAcGenMay2026/ConstituencywiseS25128.htm,False
2026,129,KULTALI,,,253551.0,,GANESH CHANDRA MONDAL,AITC,All India Trinamool Congress,146435.0,57.7537,MADHABI MAHALDER,BJP,Bharatiya Janata Party,87159.0,34.3753,59276.0,23.3784,9,10,1470.0,0.5798,57.7537,34.3753,6.6831,1.1879,https://results.eci.gov.in/ResultAcGenMay2026/ConstituencywiseS25129.htm,False
2026,130,PATHARPRATIMA,,,246059.0,,SAMIR KUMAR JANA,AITC,All India Trinamool Congress,117164.0,47.6162,ASIT KUMAR HALDAR,BJP,Bharatiya Janata Party,112291.0,45.6358,4873.0,1.9804,7,8,1044.0,0.4243,47.6162,45.6358,5.8462,0.9018,https://results.eci.gov.in/ResultAcGenMay2026/ConstituencywiseS25130.htm,False
2026,131,KAKDWIP,,,231303.0,,DIPANKAR JANA,BJP,Bharatiya Janata Party,109373.0,47.2856,MANTURAM PAKHIRA,AITC,All India Trinamool Congress,104613.0,45.2277,4760.0,2.0579,11,12,1165.0,0.5037,45.2277,47.2856,6.0505,1.4362,https://results.eci.gov.in/ResultAcGenMay2026/ConstituencywiseS25131.htm,False
2026,132,SAGAR,,,258107.0,,SUMANTA MANDAL,BJP,Bharatiya Janata Party,127802.0,49.5151,BANKIM CHANDRA HAZRA,AITC,All India Trinamool Congress,119921.0,46.4617,7881.0,3.0534,7,8,600.0,0.2325,46.4617,49.5151,3.5051,0.5181,https://results.eci.gov.in/ResultAcGenMay2026/ConstituencywiseS25132.htm,False
2026,133,KULPI,,,207706.0,,BARNALI DHARA,AITC,All India Trinamool Congress,91266.0,43.94,ABANI NASKAR,BJP,Bharatiya Janata Party,80883.0,38.9411,10383.0,4.9989,9,10,1378.0,0.6634,43.94,38.9411,0.9359,16.183,https://results.eci.gov.in/ResultAcGenMay2026/ConstituencywiseS25133.htm,False
2026,134,RAIDIGHI,,,257773.0,,TAPAS MONDAL S/O-SHIBPRASAD MONDAL,AITC,All India Trinamool Congress,118991.0,46.1612,PALASH RANA,BJP,Bharatiya Janata Party,113034.0,43.8502,5957.0,2.311,13,14,1152.0,0.4469,46.1612,43.8502,8.3271,1.6615,https://results.eci.gov.in/ResultAcGenMay2026/ConstituencywiseS25134.htm,False
2026,135,MANDIRBAZAR,,,213229.0,,JOYDEB HALDER S/O - KARTICK CHANDRA HALDER,AITC,All India Trinamool Congress,93686.0,43.9368,MALLIKA PAIK W/O - ASHOK PAIK,BJP,Bharatiya Janata Party,91691.0,43.0012,1995.0,0.9356,11,12,1036.0,0.4859,43.9368,43.0012,0.9154,12.1466,https://results.eci.gov.in/ResultAcGenMay2026/ConstituencywiseS25135.htm,False
2026,136,JAYNAGAR,,,219107.0,,BISWANATH DAS,AITC,All India Trinamool Congress,108194.0,49.3795,ALOKE HALDER,BJP,Bharatiya Janata Party,81844.0,37.3534,26350.0,12.0261,13,14,903.0,0.4121,49.3795,37.3534,10.3205,2.9466,https://results.eci.gov.in/ResultAcGenMay2026/ConstituencywiseS25136.htm,False
2026,137,BARUIPUR PURBA,,,237319.0,,BIVAS SARDAR,AITC,All India Trinamool Congress,120987.0,50.9807,TUMPA SARDAR,BJP,Bharatiya Janata Party,89172.0,37.5747,31815.0,13.406,11,12,1683.0,0.7092,50.9807,37.5747,9.0617,2.3829,https://results.eci.gov.in/ResultAcGenMay2026/ConstituencywiseS25137.htm,False
2026,138,CANNING PASCHIM,,,230686.0,,PARESH RAM DAS,AITC,All India Trinamool Congress,120548.0,52.2563,Prasanta Bayen,BJP,Bharatiya Janata Party,79883.0,34.6285,40665.0,17.6278,8,9,2368.0,1.0265,52.2563,34.6285,0.8843,12.2309,https://results.eci.gov.in/ResultAcGenMay2026/ConstituencywiseS25138.htm,False
2026,139,CANNING PURBA,,,241664.0,,MD BAHARUL ISLAM,AITC,All India Trinamool Congress,148687.0,61.5263,ARABUL ISLAM,AISF,All India Secular Front,56733.0,23.476,91954.0,38.0503,8,9,1624.0,0.672,61.5263,11.8317,1.018,25.624,https://results.eci.gov.in/ResultAcGenMay2026/ConstituencywiseS25139.htm,False
2026,140,BARUIPUR PASCHIM,,,221031.0,,BIMAN BANERJEE,AITC,All India Trinamool Congress,104781.0,47.4056,BISWAJIT PAUL,BJP,Bharatiya Janata Party,86919.0,39.3243,17862.0,8.0813,10,11,1110.0,0.5022,47.4056,39.3243,11.4214,1.8487,https://results.eci.gov.in/ResultAcGenMay2026/ConstituencywiseS25140.htm,False
2026,141,MAGRAHAT PURBA,,,222178.0,,SARMISTHA PURKAIT,AITC,All India Trinamool Congress,108412.0,48.7951,UTTAM KUMAR BANIK,BJP,Bharatiya Janata Party,76805.0,34.5691,31607.0,14.226,8,9,858.0,0.3862,48.7951,34.5691,15.5992,1.0366,https://results.eci.gov.in/ResultAcGenMay2026/ConstituencywiseS25141.htm,False
2026,142,MAGRAHAT PASCHIM,,,205362.0,,MD. SAMIM AHAMED MOLLA,AITC,All India Trinamool Congress,113834.0,55.4309,GOURSUNDAR GHOSH,BJP,Bharatiya Janata Party,55331.0,26.9432,58503.0,28.4877,12,13,1130.0,0.5502,55.4309,26.9432,0.7641,16.8618,https://results.eci.gov.in/ResultAcGenMay2026/ConstituencywiseS25142.htm,False
2026,143,DIAMOND HARBOUR,,,232238.0,,PANNA LAL HALDER,AITC,All India Trinamool Congress,119320.0,51.3783,DIPAK KUMAR HALDER,BJP,Bharatiya Janata Party,88054.0,37.9154,31266.0,13.4629,10,11,1379.0,0.5938,51.3783,37.9154,8.3319,2.3744,https://results.eci.gov.in/ResultAcGenMay2026/ConstituencywiseS25143.htm,False
2026,144,FALTA,,,0.0,,ABDUR RAZZAK MOLLA,INC,Indian National Congress,0.0,,CHANDRAKANTA ROY,IND,Independent,0.0,,0.0,,6,7,0.0,0.0,0.0,0.0,0.0,100.0,https://results.eci.gov.in/ResultAcGenMay2026/ConstituencywiseS25144.htm,False
2026,145,SATGACHHIA,,,239370.0,,AGNISWAR NASKAR,BJP,Bharatiya Janata Party,111023.0,46.3813,SOMASHREE BETAL,AITC,All India Trinamool Congress,110622.0,46.2138,401.0,0.1675,8,9,1654.0,0.691,46.2138,46.3813,5.9803,1.4246,https://results.eci.gov.in/ResultAcGenMay2026/ConstituencywiseS25145.htm,False
2026,146,BISHNUPUR,,,250592.0,,DILIP MONDAL,AITC,All India Trinamool Congress,132647.0,52.9335,ABHIJIT SARDAR,BJP,Bharatiya Janata Party,95722.0,38.1983,36925.0,14.7352,8,9,1668.0,0.6656,52.9335,38.1983,6.5828,2.2854,https://results.eci.gov.in/ResultAcGenMay2026/ConstituencywiseS25146.htm,False
2026,147,SONARPUR DAKSHIN,,,246393.0,,RUPA GANGULY,BJP,Bharatiya Janata Party,128970.0,52.3432,ARUNDHUTI MAITRA(LOVELY),AITC,All India Trinamool Congress,93188.0,37.8209,35782.0,14.5223,14,15,1950.0,0.7914,37.8209,52.3432,7.5696,2.2663,https://results.eci.gov.in/ResultAcGenMay2026/ConstituencywiseS25147.htm,False
2026,148,BHANGAR,,,267394.0,,MD NAWSAD SIDDIQUE,AISF,All India Secular Front,126555.0,47.329,SAOKAT MOLLA,AITC,All India Trinamool Congress,94467.0,35.3288,32088.0,12.0002,19,20,1595.0,0.5965,35.3288,11.2856,0.4342,52.9514,https://results.eci.gov.in/ResultAcGenMay2026/ConstituencywiseS25148.htm,False
2026,149,KASBA,,,241206.0,,AHMED JAVED KHAN,AITC,All India Trinamool Congress,117893.0,48.8765,BANERJEE SANDIP,BJP,Bharatiya Janata Party,96919.0,40.181,20974.0,8.6955,13,14,1902.0,0.7885,48.8765,40.181,9.3153,1.6272,https://results.eci.gov.in/ResultAcGenMay2026/ConstituencywiseS25149.htm,False
2026,150,JADAVPUR,,,231075.0,,SARBORI MUKHERJEE,BJP,Bharatiya Janata Party,106199.0,45.9587,DEBABRATA MAJUMDAR (MALAY),AITC,All India Trinamool Congress,78483.0,33.9643,27716.0,11.9944,13,14,1976.0,0.8551,33.9643,45.9587,18.6606,1.4164,https://results.eci.gov.in/ResultAcGenMay2026/ConstituencywiseS25150.htm,False
2026,151,SONARPUR UTTAR,,,256444.0,,DEBASISH DHAR,BJP,Bharatiya Janata Party,119824.0,46.7252,FIRDOUSI BEGAM,AITC,All India Trinamool Congress,110017.0,42.901,9807.0,3.8242,13,14,1599.0,0.6235,42.901,46.7252,8.4361,1.9377,https://results.eci.gov.in/ResultAcGenMay2026/ConstituencywiseS25151.htm,False
2026,152,TOLLYGANJ,,,205661.0,,PAPIA ADHIKARY,BJP,Bharatiya Janata Party,88407.0,42.9868,AROOP BISWAS,AITC,All India Trinamool Congress,82394.0,40.063,6013.0,2.9238,11,12,1501.0,0.7298,40.063,42.9868,15.4103,1.5399,https://results.eci.gov.in/ResultAcGenMay2026/ConstituencywiseS25152.htm,False
2026,153,BEHALA PURBA,,,234687.0,,SANKAR SIKDER,BJP,Bharatiya Janata Party,115502.0,49.2153,SUBHASISH CHAKRABORTY,AITC,All India Trinamool Congress,90365.0,38.5045,25137.0,10.7108,12,13,1635.0,0.6967,38.5045,49.2153,10.4637,1.8165,https://results.eci.gov.in/ResultAcGenMay2026/ConstituencywiseS25153.htm,False
2026,154,BEHALA PASCHIM,,,238796.0,,DR. INDRANIL KHAN,BJP,Bharatiya Janata Party,113171.0,47.3923,RATNA CHATTERJEE,AITC,All India Trinamool Congress,88472.0,37.0492,24699.0,10.3431,14,15,1484.0,0.6215,37.0492,47.3923,13.751,1.8075,https://results.eci.gov.in/ResultAcGenMay2026/ConstituencywiseS25154.htm,False
2026,155,MAHESHTALA,,,229791.0,,SUBHASIS DAS,AITC,All India Trinamool Congress,116811.0,50.8336,TAMANATH BHOWMICK,BJP,Bharatiya Janata Party,83898.0,36.5106,32913.0,14.323,10,11,1273.0,0.554,50.8336,36.5106,10.7401,1.9157,https://results.eci.gov.in/ResultAcGenMay2026/ConstituencywiseS25155.htm,False
2026,156,BUDGE BUDGE,,,218093.0,,ASHOK KUMAR DEB,AITC,All India Trinamool Congress,127091.0,58.2738,DR TARUN KUMAR ADAK,BJP,Bharatiya Janata Party,80241.0,36.7921,46850.0,21.4817,7,8,1993.0,0.9138,58.2738,36.7921,3.582,1.3521,https://results.eci.gov.in/ResultAcGenMay2026/ConstituencywiseS25156.htm,False
2026,157,METIABURUZ,,,180068.0,,ABDUL KHALEQUE MOLLA,AITC,All India Trinamool Congress,124230.0,68.9906,BIR BAHADUR SINGH,BJP,Bharatiya Janata Party,36351.0,20.1874,87879.0,48.8032,11,12,1685.0,0.9358,68.9906,20.1874,9.0144,1.8076,https://results.eci.gov.in/ResultAcGenMay2026/ConstituencywiseS25157.htm,False
2026,158,KOLKATA PORT,,,154702.0,,FIRHAD HAKIM,AITC,All India Trinamool Congress,101226.0,65.4329,RAKESH SINGH,BJP,Bharatiya Janata Party,45146.0,29.1826,56080.0,36.2503,14,15,573.0,0.3704,65.4329,29.1826,3.3852,1.9993,https://results.eci.gov.in/ResultAcGenMay2026/ConstituencywiseS25158.htm,False
2026,159,BHABANIPUR,,,139413.0,,ADHIKARI SUVENDU,BJP,Bharatiya Janata Party,73917.0,53.0202,MAMATA BANERJEE,AITC,All India Trinamool Congress,58812.0,42.1854,15105.0,10.8348,12,13,829.0,0.5946,42.1854,53.0202,3.6094,1.185,https://results.eci.gov.in/ResultAcGenMay2026/ConstituencywiseS25159.htm,False
2026,160,RASHBEHARI,,,138814.0,,DASGUPTA SWAPAN,BJP,Bharatiya Janata Party,74123.0,53.3974,DEBASISH KUMAR (DEBA),AITC,All India Trinamool Congress,53258.0,38.3664,20865.0,15.031,9,10,1296.0,0.9336,38.3664,53.3974,6.4042,1.832,https://results.eci.gov.in/ResultAcGenMay2026/ConstituencywiseS25160.htm,False
2026,161,BALLYGUNGE,,,167384.0,,SOBHANDEB CHATTOPADHYAY,AITC,All India Trinamool Congress,108481.0,64.8097,SHATORUPA,BJP,Bharatiya Janata Party,47005.0,28.0821,61476.0,36.7276,12,13,819.0,0.4893,64.8097,28.0821,5.7275,1.3807,https://results.eci.gov.in/ResultAcGenMay2026/ConstituencywiseS25161.htm,False
2026,162,CHOWRANGEE,,,110122.0,,BANDYOPADHYAY NAYNA,AITC,All India Trinamool Congress,62938.0,57.153,SANTOSH KUMAR PATHAK,BJP,Bharatiya Janata Party,40936.0,37.1733,22002.0,19.9797,11,12,832.0,0.7555,57.153,37.1733,4.4468,1.2269,https://results.eci.gov.in/ResultAcGenMay2026/ConstituencywiseS25162.htm,False
2026,163,ENTALLY,,,165207.0,,SANDIPAN SAHA,AITC,All India Trinamool Congress,94427.0,57.1568,DR. PRIYANKA TIBREWAL,BJP,Bharatiya Janata Party,60421.0,36.5729,34006.0,20.5839,15,16,692.0,0.4189,57.1568,36.5729,4.271,1.9993,https://results.eci.gov.in/ResultAcGenMay2026/ConstituencywiseS25163.htm,False
2026,164,BELEGHATA,,,174108.0,,KUNAL KUMAR GHOSH,AITC,All India Trinamool Congress,93757.0,53.8499,PARTHA CHAUDHURY,BJP,Bharatiya Janata Party,65181.0,37.4371,28576.0,16.4128,11,12,1568.0,0.9006,53.8499,37.4371,7.1571,1.5559,https://results.eci.gov.in/ResultAcGenMay2026/ConstituencywiseS25164.htm,False
2026,165,JORASANKO,,,106847.0,,VIJAY OJHA,BJP,Bharatiya Janata Party,52868.0,49.4801,VIJAY UPADHYAY,AITC,All India Trinamool Congress,47071.0,44.0546,5797.0,5.4255,12,13,672.0,0.6289,44.0546,49.4801,5.154,1.3113,https://results.eci.gov.in/ResultAcGenMay2026/ConstituencywiseS25165.htm,False
2026,166,SHYAMPUKUR,,,116768.0,,PURNIMA CHAKRABORTY,BJP,Bharatiya Janata Party,60248.0,51.5963,SHASHI PANJA,AITC,All India Trinamool Congress,45615.0,39.0646,14633.0,12.5317,12,13,942.0,0.8067,39.0646,51.5963,7.6443,1.6948,https://results.eci.gov.in/ResultAcGenMay2026/ConstituencywiseS25166.htm,False
2026,167,MANIKTALA,,,150722.0,,TAPAS ROY,BJP,Bharatiya Janata Party,76370.0,50.6694,SHRREYA PANDE,AITC,All India Trinamool Congress,60726.0,40.2901,15644.0,10.3793,13,14,1058.0,0.702,40.2901,50.6694,7.0281,2.0124,https://results.eci.gov.in/ResultAcGenMay2026/ConstituencywiseS25167.htm,False
2026,168,KASHIPUR-BELGACHHIA,,,150542.0,,RITESH TIWARI,BJP,Bharatiya Janata Party,68368.0,45.4146,ATIN GHOSH,AITC,All India Trinamool Congress,66717.0,44.3179,1651.0,1.0967,14,15,1250.0,0.8303,44.3179,45.4146,8.4401,1.8274,https://results.eci.gov.in/ResultAcGenMay2026/ConstituencywiseS25168.htm,False
2026,169,BALLY,,,117838.0,,SANJAY KUMAR SINGH,BJP,Bharatiya Janata Party,57639.0,48.9138,KAILASH KUMAR MISHRA,AITC,All India Trinamool Congress,45642.0,38.7328,11997.0,10.181,14,15,924.0,0.7841,38.7328,48.9138,10.7979,1.5555,https://results.eci.gov.in/ResultAcGenMay2026/ConstituencywiseS25169.htm,False
2026,170,HOWRAH UTTAR,,,133063.0,,UMESH RAI,BJP,Bharatiya Janata Party,67539.0,50.7572,GAUTAM CHOWDHURY,AITC,All India Trinamool Congress,56289.0,42.3025,11250.0,8.4547,13,14,848.0,0.6373,42.3025,50.7572,5.1983,1.742,https://results.eci.gov.in/ResultAcGenMay2026/ConstituencywiseS25170.htm,False
2026,171,HOWRAH MADHYA,,,193459.0,,ARUP ROY,AITC,All India Trinamool Congress,95948.0,49.596,BIPLAB KUMAR MANDAL,BJP,Bharatiya Janata Party,79865.0,41.2826,16083.0,8.3134,15,16,1110.0,0.5738,49.596,41.2826,7.3374,1.784,https://results.eci.gov.in/ResultAcGenMay2026/ConstituencywiseS25171.htm,False
2026,172,SHIBPUR,,,181323.0,,RUDRANIL GHOSH,BJP,Bharatiya Janata Party,89615.0,49.4229,DR. RANA CHATTERJEE,AITC,All India Trinamool Congress,73557.0,40.5668,16058.0,8.8561,10,11,1300.0,0.717,40.5668,49.4229,8.1914,1.8189,https://results.eci.gov.in/ResultAcGenMay2026/ConstituencywiseS25172.htm,False
2026,173,HOWRAH DAKSHIN,,,222054.0,,NANDITA CHOWDHURY,AITC,All India Trinamool Congress,100540.0,45.2773,SHYAMAL KUMAR HATI,BJP,Bharatiya Janata Party,92712.0,41.752,7828.0,3.5253,12,13,1574.0,0.7088,45.2773,41.752,11.1257,1.845,https://results.eci.gov.in/ResultAcGenMay2026/ConstituencywiseS25173.htm,False
2026,174,SANKRAIL,,,229210.0,,PRIYA PAUL,AITC,All India Trinamool Congress,105412.0,45.9893,BARNALI DHALI NASKAR,BJP,Bharatiya Janata Party,88672.0,38.6859,16740.0,7.3034,10,11,1769.0,0.7718,45.9893,38.6859,13.6988,1.626,https://results.eci.gov.in/ResultAcGenMay2026/ConstituencywiseS25174.htm,False
2026,175,PANCHLA,,,235163.0,,GULSAN MULLICK,AITC,All India Trinamool Congress,123967.0,52.7154,RANJAN PAUL,BJP,Bharatiya Janata Party,85647.0,36.4203,38320.0,16.2951,7,8,1739.0,0.7395,52.7154,36.4203,9.5134,1.3509,https://results.eci.gov.in/ResultAcGenMay2026/ConstituencywiseS25175.htm,False
2026,176,ULUBERIA PURBA,,,208025.0,,RITABRATA BANERJEE,AITC,All India Trinamool Congress,95633.0,45.9719,RUDRA PROSAD BANERJEE,BJP,Bharatiya Janata Party,83795.0,40.2812,11838.0,5.6907,11,12,1251.0,0.6014,45.9719,40.2812,1.024,12.7229,https://results.eci.gov.in/ResultAcGenMay2026/ConstituencywiseS25176.htm,False
2026,177,ULUBERIA UTTAR,,,203466.0,,CHIRAN BERA,BJP,Bharatiya Janata Party,93320.0,45.8652,BIMAL KUMAR DAS,AITC,All India Trinamool Congress,89143.0,43.8122,4177.0,2.053,9,10,1091.0,0.5362,43.8122,45.8652,7.9414,2.3812,https://results.eci.gov.in/ResultAcGenMay2026/ConstituencywiseS25177.htm,False
2026,178,ULUBERIA DAKSHIN,,,226271.0,,PULAK ROY,AITC,All India Trinamool Congress,109649.0,48.4591,SWAMI MANGALANANDA PURI,BJP,Bharatiya Janata Party,92462.0,40.8634,17187.0,7.5957,11,12,1446.0,0.6391,48.4591,40.8634,7.5065,3.171,https://results.eci.gov.in/ResultAcGenMay2026/ConstituencywiseS25178.htm,False
2026,179,SHYAMPUR,,,244669.0,,DR. HIRANMOY CHATTOPADHYAYA (HIRAAN),BJP,Bharatiya Janata Party,125651.0,51.3555,NADEBASI JANA,AITC,All India Trinamool Congress,103391.0,42.2575,22260.0,9.098,12,13,1093.0,0.4467,42.2575,51.3555,4.5894,1.7976,https://results.eci.gov.in/ResultAcGenMay2026/ConstituencywiseS25179.htm,False
2026,180,BAGNAN,,,218406.0,,ARUNAVA SEN,AITC,All India Trinamool Congress,105060.0,48.1031,PRAMANSHU RANA,BJP,Bharatiya Janata Party,93744.0,42.9219,11316.0,5.1812,11,12,2048.0,0.9377,48.1031,42.9219,7.1294,1.8456,https://results.eci.gov.in/ResultAcGenMay2026/ConstituencywiseS25180.htm,False
2026,181,AMTA,,,237001.0,,AMIT SAMANTA,BJP,Bharatiya Janata Party,104649.0,44.1555,SUKANTA KUMAR PAUL,AITC,All India Trinamool Congress,100195.0,42.2762,4454.0,1.8793,13,14,1855.0,0.7827,42.2762,44.1555,11.0367,2.5316,https://results.eci.gov.in/ResultAcGenMay2026/ConstituencywiseS25181.htm,False
2026,182,UDAYNARAYANPUR,,,213603.0,,SAMIR KUMAR PANJA,AITC,All India Trinamool Congress,105802.0,49.5321,PROBHAKAR PANDIT,BJP,Bharatiya Janata Party,93575.0,43.8079,12227.0,5.7242,9,10,1022.0,0.4785,49.5321,43.8079,4.2415,2.4185,https://results.eci.gov.in/ResultAcGenMay2026/ConstituencywiseS25182.htm,False
2026,183,JAGATBALLAVPUR,,,252515.0,,ANUPAM GHOSH,BJP,Bharatiya Janata Party,115608.0,45.7826,SUBIR CHATTERJEE (TINKAI),AITC,All India Trinamool Congress,108937.0,43.1408,6671.0,2.6418,8,9,2199.0,0.8708,43.1408,45.7826,0.7148,10.3618,https://results.eci.gov.in/ResultAcGenMay2026/ConstituencywiseS25183.htm,False
2026,184,DOMJUR,,,254187.0,,TAPAS MAITY,AITC,All India Trinamool Congress,134036.0,52.7313,GOBINDA HAZRA,BJP,Bharatiya Janata Party,91859.0,36.1384,42177.0,16.5929,14,15,1183.0,0.4654,52.7313,36.1384,8.4922,2.6381,https://results.eci.gov.in/ResultAcGenMay2026/ConstituencywiseS25184.htm,False
2026,185,UTTARPARA,,,205454.0,,DIPANJAN CHAKRABORTY,BJP,Bharatiya Janata Party,80612.0,39.236,SIRSANYA BANDOPADHYAY,AITC,All India Trinamool Congress,70197.0,34.1668,10415.0,5.0692,7,8,1722.0,0.8381,34.1668,39.236,25.2747,1.3225,https://results.eci.gov.in/ResultAcGenMay2026/ConstituencywiseS25185.htm,False
2026,186,SREERAMPUR,,,186297.0,,BHASKAR BHATTACHARYA,BJP,Bharatiya Janata Party,85644.0,45.9718,TANMOY GHOSH,AITC,All India Trinamool Congress,76959.0,41.3098,8685.0,4.662,11,12,1817.0,0.9753,41.3098,45.9718,10.8853,1.8331,https://results.eci.gov.in/ResultAcGenMay2026/ConstituencywiseS25186.htm,False
2026,187,CHAMPDANI,,,204415.0,,DILIP SINGH,BJP,Bharatiya Janata Party,93704.0,45.8401,ARINDAM GUIN (BUBAI),AITC,All India Trinamool Congress,90678.0,44.3598,3026.0,1.4803,9,10,2027.0,0.9916,44.3598,45.8401,7.995,1.8051,https://results.eci.gov.in/ResultAcGenMay2026/ConstituencywiseS25187.htm,False
2026,188,SINGUR,,,222573.0,,ARUP KUMAR DAS,BJP,Bharatiya Janata Party,113008.0,50.7735,BECHARAM MANNA,AITC,All India Trinamool Congress,91570.0,41.1416,21438.0,9.6319,9,10,1890.0,0.8492,41.1416,50.7735,6.1616,1.9233,https://results.eci.gov.in/ResultAcGenMay2026/ConstituencywiseS25188.htm,False
2026,189,CHANDANNAGAR,,,186909.0,,Deepanjan Kumar Guha,BJP,Bharatiya Janata Party,86273.0,46.1578,Indranil Sen,AITC,All India Trinamool Congress,72832.0,38.9666,13441.0,7.1912,11,12,2016.0,1.0786,38.9666,46.1578,12.873,2.0026,https://results.eci.gov.in/ResultAcGenMay2026/ConstituencywiseS25189.htm,False
2026,190,CHUNCHURA,,,255204.0,,SUBIR NAG,BJP,Bharatiya Janata Party,137704.0,53.9584,DEBANGSHU BHATTACHARYA,AITC,All India Trinamool Congress,94269.0,36.9387,43435.0,17.0197,10,11,3015.0,1.1814,36.9387,53.9584,6.5191,2.5838,https://results.eci.gov.in/ResultAcGenMay2026/ConstituencywiseS25190.htm,False
2026,191,BALAGARH,,,226031.0,,SUMANA SARKAR,BJP,Bharatiya Janata Party,125624.0,55.5782,RANJAN DHARA,AITC,All India Trinamool Congress,83710.0,37.0347,41914.0,18.5435,7,8,1347.0,0.5959,37.0347,55.5782,5.7665,1.6206,https://results.eci.gov.in/ResultAcGenMay2026/ConstituencywiseS25191.htm,False
2026,192,PANDUA,,,233718.0,,TUSAR KUMAR MAJUMDAR,BJP,Bharatiya Janata Party,101349.0,43.3638,SAMIR CHAKRABORTY,AITC,All India Trinamool Congress,96121.0,41.1269,5228.0,2.2369,9,10,1651.0,0.7064,41.1269,43.3638,12.9712,2.5381,https://results.eci.gov.in/ResultAcGenMay2026/ConstituencywiseS25192.htm,False
2026,193,SAPTAGRAM,,,196584.0,,SWARAJ GHOSH,BJP,Bharatiya Janata Party,102414.0,52.0968,BIDESH RANJAN BOSE,AITC,All India Trinamool Congress,79125.0,40.25,23289.0,11.8468,9,10,1101.0,0.5601,40.25,52.0968,5.5391,2.1141,https://results.eci.gov.in/ResultAcGenMay2026/ConstituencywiseS25193.htm,False
2026,194,CHANDITALA,,,227472.0,,SWATI KHANDOKER,AITC,All India Trinamool Congress,107143.0,47.1016,DEBASISH MUKHERJEE,BJP,Bharatiya Janata Party,87480.0,38.4575,19663.0,8.6441,8,9,1451.0,0.6379,47.1016,38.4575,12.2635,2.1774,https://results.eci.gov.in/ResultAcGenMay2026/ConstituencywiseS25194.htm,False
2026,195,JANGIPARA,,,232291.0,,PROSENJIT BAG,BJP,Bharatiya Janata Party,102409.0,44.0865,SNEHASIS CHAKRABORTY,AITC,All India Trinamool Congress,101547.0,43.7154,862.0,0.3711,10,11,2388.0,1.028,43.7154,44.0865,8.485,3.7131,https://results.eci.gov.in/ResultAcGenMay2026/ConstituencywiseS25195.htm,False
2026,196,HARIPAL,,,245994.0,,MADHUMITA GHOSH,BJP,Bharatiya Janata Party,113332.0,46.071,KARABI MANNA,AITC,All India Trinamool Congress,109844.0,44.6531,3488.0,1.4179,11,12,1747.0,0.7102,44.6531,46.071,0.9528,8.3231,https://results.eci.gov.in/ResultAcGenMay2026/ConstituencywiseS25196.htm,False
2026,197,DHANEKHALI,,,247691.0,,ASIMA PATRA,AITC,All India Trinamool Congress,123462.0,49.8452,BARNALI DAS,BJP,Bharatiya Janata Party,110405.0,44.5737,13057.0,5.2715,7,8,2896.0,1.1692,49.8452,44.5737,3.3368,2.2443,https://results.eci.gov.in/ResultAcGenMay2026/ConstituencywiseS25197.htm,False
2026,198,TARAKESWAR,,,221578.0,,SANTU PAN,BJP,Bharatiya Janata Party,116901.0,52.7584,RAMENDU SINHARAY,AITC,All India Trinamool Congress,85902.0,38.7683,30999.0,13.9901,12,13,1485.0,0.6702,38.7683,52.7584,4.8259,3.6474,https://results.eci.gov.in/ResultAcGenMay2026/ConstituencywiseS25198.htm,False
2026,199,PURSURAH,,,240924.0,,BIMAN GHOSH,BJP,Bharatiya Janata Party,138821.0,57.6202,PARTHA HAZARI,AITC,All India Trinamool Congress,85368.0,35.4336,53453.0,22.1866,8,9,2779.0,1.1535,35.4336,57.6202,4.0972,2.849,https://results.eci.gov.in/ResultAcGenMay2026/ConstituencywiseS25199.htm,False
2026,200,ARAMBAG,,,235875.0,,BAG HEMANTA,BJP,Bharatiya Janata Party,123000.0,52.1463,BAG MITA,AITC,All India Trinamool Congress,94041.0,39.869,28959.0,12.2773,6,7,1606.0,0.6809,39.869,52.1463,5.8124,2.1723,https://results.eci.gov.in/ResultAcGenMay2026/ConstituencywiseS25200.htm,False
2026,201,GOGHAT,,,234321.0,,PRASANTA DIGAR,BJP,Bharatiya Janata Party,134498.0,57.399,DR. NIRMAL MAJI,AITC,All India Trinamool Congress,84916.0,36.2392,49582.0,21.1598,5,6,2421.0,1.0332,36.2392,57.399,4.8156,1.5462,https://results.eci.gov.in/ResultAcGenMay2026/ConstituencywiseS25201.htm,False
2026,202,KHANAKUL,,,237135.0,,SUSANTA GHOSH,BJP,Bharatiya Janata Party,126729.0,53.4417,PALASH KUMAR ROY,AITC,All India Trinamool Congress,92246.0,38.9002,34483.0,14.5415,9,10,1695.0,0.7148,38.9002,53.4417,1.47,6.1881,https://results.eci.gov.in/ResultAcGenMay2026/ConstituencywiseS25202.htm,False
2026,203,TAMLUK,,,256930.0,,HARE KRISHNA BERA,BJP,Bharatiya Janata Party,136566.0,53.153,DIPENDRA NARAYAN ROY,AITC,All India Trinamool Congress,101837.0,39.6361,34729.0,13.5169,11,12,1583.0,0.6161,39.6361,53.153,4.6214,2.5895,https://results.eci.gov.in/ResultAcGenMay2026/ConstituencywiseS25203.htm,False
2026,204,PANSKURA PURBA,,,220737.0,,SUBRATA MAITY(RANA),BJP,Bharatiya Janata Party,109264.0,49.4996,ASHIM KUMAR MAJI,AITC,All India Trinamool Congress,91361.0,41.3891,17903.0,8.1105,9,10,1396.0,0.6324,41.3891,49.4996,6.2994,2.8119,https://results.eci.gov.in/ResultAcGenMay2026/ConstituencywiseS25204.htm,False
2026,205,PANSKURA PASCHIM,,,258432.0,,SINTU SENAPATI,BJP,Bharatiya Janata Party,137919.0,53.3676,SIRAJ KHAN,AITC,All India Trinamool Congress,105352.0,40.7658,32567.0,12.6018,7,8,1262.0,0.4883,40.7658,53.3676,1.1926,4.674,https://results.eci.gov.in/ResultAcGenMay2026/ConstituencywiseS25205.htm,False
2026,206,MOYNA,,,246333.0,,ASHOKE DINDA,BJP,Bharatiya Janata Party,127166.0,51.6236,CHANDAN MONDAL,AITC,All India Trinamool Congress,110925.0,45.0305,16241.0,6.5931,8,9,1061.0,0.4307,45.0305,51.6236,2.5584,0.7875,https://results.eci.gov.in/ResultAcGenMay2026/ConstituencywiseS25206.htm,False
2026,207,NANDAKUMAR,,,249316.0,,KHANRA NIRMAL,BJP,Bharatiya Janata Party,131476.0,52.7347,SUKUMAR DE,AITC,All India Trinamool Congress,100873.0,40.4599,30603.0,12.2748,8,9,1198.0,0.4805,40.4599,52.7347,4.4393,2.3661,https://results.eci.gov.in/ResultAcGenMay2026/ConstituencywiseS25207.htm,False
2026,208,MAHISADAL,,,238188.0,,SUBHAS CHANDRA PANJA,BJP,Bharatiya Janata Party,121584.0,51.0454,TILAK KUMAR CHAKRABORTY,AITC,All India Trinamool Congress,95346.0,40.0297,26238.0,11.0157,9,10,843.0,0.3539,40.0297,51.0454,5.5486,3.3763,https://results.eci.gov.in/ResultAcGenMay2026/ConstituencywiseS25208.htm,False
2026,209,HALDIA,,,239446.0,,PRADIP KUMAR BIJALI,BJP,Bharatiya Janata Party,132183.0,55.2037,TAPASI MONDAL,AITC,All India Trinamool Congress,83121.0,34.7139,49062.0,20.4898,7,8,1066.0,0.4452,34.7139,55.2037,8.6608,1.4216,https://results.eci.gov.in/ResultAcGenMay2026/ConstituencywiseS25209.htm,False
2026,210,NANDIGRAM,,,252722.0,,ADHIKARI SUVENDU,BJP,Bharatiya Janata Party,127301.0,50.372,PABITRA KAR,AITC,All India Trinamool Congress,117636.0,46.5476,9665.0,3.8244,11,12,919.0,0.3636,46.5476,50.372,1.5943,1.4861,https://results.eci.gov.in/ResultAcGenMay2026/ConstituencywiseS25210.htm,False
2026,211,CHANDIPUR,,,241957.0,,PIJUSH KANTI DAS,BJP,Bharatiya Janata Party,126047.0,52.0948,UTTAM BARIK,AITC,All India Trinamool Congress,105777.0,43.7173,20270.0,8.3775,7,8,617.0,0.255,43.7173,52.0948,3.4786,0.7093,https://results.eci.gov.in/ResultAcGenMay2026/ConstituencywiseS25211.htm,False
2026,212,PATASHPUR,,,232048.0,,TAPAN MAITY,BJP,Bharatiya Janata Party,116589.0,50.2435,PIJUS KANTI PANDA,AITC,All India Trinamool Congress,107538.0,46.343,9051.0,3.9005,7,8,836.0,0.3603,46.343,50.2435,2.5684,0.8451,https://results.eci.gov.in/ResultAcGenMay2026/ConstituencywiseS25212.htm,False
2026,213,KANTHI UTTAR,,,249421.0,,SUMITA SINHA,BJP,Bharatiya Janata Party,130088.0,52.156,DEBASIS BHUNYA,AITC,All India Trinamool Congress,110033.0,44.1154,20055.0,8.0406,9,10,1467.0,0.5882,44.1154,52.156,2.5314,1.1972,https://results.eci.gov.in/ResultAcGenMay2026/ConstituencywiseS25213.htm,False
2026,214,BHAGABANPUR,,,247653.0,,SANTANU PRAMANIK,BJP,Bharatiya Janata Party,130586.0,52.7294,MANAB KUMAR PARUA,AITC,All India Trinamool Congress,109708.0,44.2991,20878.0,8.4303,7,8,701.0,0.2831,44.2991,52.7294,2.2798,0.6917,https://results.eci.gov.in/ResultAcGenMay2026/ConstituencywiseS25214.htm,False
2026,215,KHEJURI,,,236328.0,,SUBRATA PAIK,BJP,Bharatiya Janata Party,129875.0,54.9554,RABIN CHANDRA MANDAL,AITC,All India Trinamool Congress,97185.0,41.1229,32690.0,13.8325,10,11,601.0,0.2543,41.1229,54.9554,2.7695,1.1522,https://results.eci.gov.in/ResultAcGenMay2026/ConstituencywiseS25215.htm,False
2026,216,KANTHI DAKSHIN,,,212835.0,,ARUP KUMAR DAS,BJP,Bharatiya Janata Party,118219.0,55.5449,TARUN KUMAR JANA,AITC,All India Trinamool Congress,86747.0,40.7579,31472.0,14.787,10,11,1288.0,0.6052,40.7579,55.5449,2.3939,1.3033,https://results.eci.gov.in/ResultAcGenMay2026/ConstituencywiseS25216.htm,False
2026,217,RAMNAGAR,,,244842.0,,DR. CHANDRA SEKHAR MONDAL,BJP,Bharatiya Janata Party,131808.0,53.8339,AKHIL GIRI,AITC,All India Trinamool Congress,104869.0,42.8313,26939.0,11.0026,7,8,1277.0,0.5216,42.8313,53.8339,2.3991,0.9357,https://results.eci.gov.in/ResultAcGenMay2026/ConstituencywiseS25217.htm,False
2026,218,EGRA,,,269373.0,,ADHIKARI DIBYENDU,BJP,Bharatiya Janata Party,142670.0,52.9637,TARUN KUMAR MAITY,AITC,All India Trinamool Congress,116978.0,43.426,25692.0,9.5377,6,7,722.0,0.268,43.426,52.9637,3.1422,0.4681,https://results.eci.gov.in/ResultAcGenMay2026/ConstituencywiseS25218.htm,False
2026,219,DANTAN,,,218374.0,,AJIT KUMAR JANA,BJP,Bharatiya Janata Party,110259.0,50.4909,MANIK MAITI,AITC,All India Trinamool Congress,99883.0,45.7394,10376.0,4.7515,7,8,1211.0,0.5546,45.7394,50.4909,2.6917,1.078,https://results.eci.gov.in/ResultAcGenMay2026/ConstituencywiseS25219.htm,False
2026,220,NAYAGRAM,,,207713.0,,AMIYA KISKU,BJP,Bharatiya Janata Party,100857.0,48.5559,DULAL MURMU,AITC,All India Trinamool Congress,94433.0,45.4632,6424.0,3.0927,9,10,2890.0,1.3913,45.4632,48.5559,3.2473,2.7336,https://results.eci.gov.in/ResultAcGenMay2026/ConstituencywiseS25220.htm,False
2026,221,GOPIBALLAVPUR,,,213383.0,,RAJESH MAHATA,BJP,Bharatiya Janata Party,114683.0,53.7451,AJIT MAHATA,AITC,All India Trinamool Congress,88008.0,41.2441,26675.0,12.501,9,10,2532.0,1.1866,41.2441,53.7451,2.3831,2.6277,https://results.eci.gov.in/ResultAcGenMay2026/ConstituencywiseS25221.htm,False
2026,222,JHARGRAM,,,220940.0,,LAKSHMI KANTA SAU,BJP,Bharatiya Janata Party,120877.0,54.7103,MONGAL SAREN,AITC,All India Trinamool Congress,82730.0,37.4446,38147.0,17.2657,12,13,2262.0,1.0238,37.4446,54.7103,3.9105,3.9346,https://results.eci.gov.in/ResultAcGenMay2026/ConstituencywiseS25222.htm,False
2026,223,KESHIARY,,,223842.0,,BHADRA HEMRAM,BJP,Bharatiya Janata Party,113713.0,50.8006,RAMJIBAN MANDI,AITC,All India Trinamool Congress,97826.0,43.7031,15887.0,7.0975,8,9,1338.0,0.5977,43.7031,50.8006,3.9314,1.5649,https://results.eci.gov.in/ResultAcGenMay2026/ConstituencywiseS25223.htm,False
2026,224,KHARAGPUR SADAR,,,161661.0,,DILIP GHOSH,BJP,Bharatiya Janata Party,89885.0,55.6009,PRADIP SARKAR,AITC,All India Trinamool Congress,59379.0,36.7306,30506.0,18.8703,9,10,1290.0,0.798,36.7306,55.6009,5.6514,2.0171,https://results.eci.gov.in/ResultAcGenMay2026/ConstituencywiseS25224.htm,False
2026,225,NARAYANGARH,,,225543.0,,GIRI RAMAPRASAD,BJP,Bharatiya Janata Party,116050.0,51.4536,PRATIBHA MAITI,AITC,All India Trinamool Congress,95683.0,42.4234,20367.0,9.0302,10,11,1651.0,0.732,42.4234,51.4536,4.5535,1.5695,https://results.eci.gov.in/ResultAcGenMay2026/ConstituencywiseS25225.htm,False
2026,226,SABANG,,,257340.0,,AMAL KUMAR PANDA,BJP,Bharatiya Janata Party,127783.0,49.6553,MANAS RANJAN BHUNIA,AITC,All India Trinamool Congress,116647.0,45.328,11136.0,4.3273,8,9,1305.0,0.5071,45.328,49.6553,4.069,0.9477,https://results.eci.gov.in/ResultAcGenMay2026/ConstituencywiseS25226.htm,False
2026,227,PINGLA,,,242754.0,,SWAGATA MANNA,BJP,Bharatiya Janata Party,124189.0,51.1584,AJIT MAITY,AITC,All India Trinamool Congress,105709.0,43.5457,18480.0,7.6127,11,12,2173.0,0.8951,43.5457,51.1584,3.4446,1.8513,https://results.eci.gov.in/ResultAcGenMay2026/ConstituencywiseS25227.htm,False
2026,228,KHARAGPUR,,,208560.0,,DINEN ROY,AITC,All India Trinamool Congress,98320.0,47.1423,TAPAN BHUYA,BJP,Bharatiya Janata Party,95448.0,45.7652,2872.0,1.3771,9,10,1535.0,0.736,47.1423,45.7652,4.859,2.2335,https://results.eci.gov.in/ResultAcGenMay2026/ConstituencywiseS25228.htm,False
2026,229,DEBRA,,,217323.0,,SUBHASHIS OM,BJP,Bharatiya Janata Party,114463.0,52.6695,RAJIB BANERJEE,AITC,All India Trinamool Congress,85662.0,39.4169,28801.0,13.2526,8,9,1087.0,0.5002,39.4169,52.6695,6.5396,1.374,https://results.eci.gov.in/ResultAcGenMay2026/ConstituencywiseS25229.htm,False
2026,230,DASPUR,,,252047.0,,TAPAN KUMAR DUTTA,BJP,Bharatiya Janata Party,133071.0,52.7961,ASHIS HUDAIT,AITC,All India Trinamool Congress,100937.0,40.0469,32134.0,12.7492,8,9,1711.0,0.6788,40.0469,52.7961,5.7057,1.4513,https://results.eci.gov.in/ResultAcGenMay2026/ConstituencywiseS25230.htm,False
2026,231,GHATAL,,,242025.0,,SITAL KAPAT,BJP,Bharatiya Janata Party,131550.0,54.3539,SHYAMALI SARDAR,AITC,All India Trinamool Congress,93893.0,38.7948,37657.0,15.5591,9,10,1308.0,0.5404,38.7948,54.3539,4.8264,2.0249,https://results.eci.gov.in/ResultAcGenMay2026/ConstituencywiseS25231.htm,False
2026,232,CHANDRAKONA,,,264690.0,,SUKANTA DOLUI,BJP,Bharatiya Janata Party,140517.0,53.0874,DOLOI SURJYA KANTA,AITC,All India Trinamool Congress,107036.0,40.4382,33481.0,12.6492,5,6,1795.0,0.6782,40.4382,53.0874,5.7963,0.6781,https://results.eci.gov.in/ResultAcGenMay2026/ConstituencywiseS25232.htm,False
2026,233,GARBETA,,,222049.0,,PRADIP LODHA,BJP,Bharatiya Janata Party,113752.0,51.2283,UTTARA SINGHA (HAZRA),AITC,All India Trinamool Congress,87527.0,39.4179,26225.0,11.8104,7,8,2455.0,1.1056,39.4179,51.2283,7.5177,1.8361,https://results.eci.gov.in/ResultAcGenMay2026/ConstituencywiseS25233.htm,False
2026,234,SALBONI,,,266475.0,,BIMAN MAHATA,BJP,Bharatiya Janata Party,132856.0,49.8568,SRIKANTA MAHATA,AITC,All India Trinamool Congress,117613.0,44.1366,15243.0,5.7202,6,7,1921.0,0.7209,44.1366,49.8568,1.6718,4.3348,https://results.eci.gov.in/ResultAcGenMay2026/ConstituencywiseS25234.htm,False
2026,235,KESHPUR,,,253963.0,,SEULI SAHA,AITC,All India Trinamool Congress,143123.0,56.3558,SUVENDU SAMANTA,BJP,Bharatiya Janata Party,93018.0,36.6266,50105.0,19.7292,7,8,1553.0,0.6115,56.3558,36.6266,5.4449,1.5727,https://results.eci.gov.in/ResultAcGenMay2026/ConstituencywiseS25235.htm,False
2026,236,MEDINIPUR,,,244086.0,,SANKAR KUMAR GUCHHAIT,BJP,Bharatiya Janata Party,133041.0,54.5058,SUJOY HAZRA,AITC,All India Trinamool Congress,94294.0,38.6315,38747.0,15.8743,10,11,1628.0,0.667,38.6315,54.5058,4.6,2.2627,https://results.eci.gov.in/ResultAcGenMay2026/ConstituencywiseS25236.htm,False
2026,237,BINPUR,,,208079.0,,DR. PRANAT TUDU,BJP,Bharatiya Janata Party,107238.0,51.5372,BIRBAHA HANSDA,AITC,All India Trinamool Congress,84261.0,40.4947,22977.0,11.0425,9,10,2679.0,1.2875,40.4947,51.5372,4.0004,3.9677,https://results.eci.gov.in/ResultAcGenMay2026/ConstituencywiseS25237.htm,False
2026,238,BANDWAN,,,266178.0,,LABSEN BASKEY,BJP,Bharatiya Janata Party,134080.0,50.3723,RAJIB LOCHAN SAREN,AITC,All India Trinamool Congress,104503.0,39.2606,29577.0,11.1117,8,9,2780.0,1.0444,39.2606,50.3723,6.8777,3.4894,https://results.eci.gov.in/ResultAcGenMay2026/ConstituencywiseS25238.htm,False
2026,239,BALARAMPUR,,,219946.0,,JALADHAR MAHATO,BJP,Bharatiya Janata Party,118421.0,53.8409,SHANTIRAM MAHATO,AITC,All India Trinamool Congress,83370.0,37.9048,35051.0,15.9361,10,11,2374.0,1.0794,37.9048,53.8409,4.5744,3.6799,https://results.eci.gov.in/ResultAcGenMay2026/ConstituencywiseS25239.htm,False
2026,240,BAGHMUNDI,,,230137.0,,RAHIDAS MAHATO,BJP,Bharatiya Janata Party,112663.0,48.9548,SUSHANTA MAHATO,AITC,All India Trinamool Congress,71846.0,31.2188,40817.0,17.736,11,12,2437.0,1.0589,31.2188,48.9548,16.3359,3.4905,https://results.eci.gov.in/ResultAcGenMay2026/ConstituencywiseS25240.htm,False
2026,241,JOYPUR,,,233203.0,,BISWAJIT MAHATO,BJP,Bharatiya Janata Party,104668.0,44.8828,ARJUN MAHATO,AITC,All India Trinamool Congress,82450.0,35.3555,22218.0,9.5273,10,11,3239.0,1.3889,35.3555,44.8828,12.8874,6.8743,https://results.eci.gov.in/ResultAcGenMay2026/ConstituencywiseS25241.htm,False
2026,242,PURULIA,,,230653.0,,SUDIP KUMAR MUKHERJEE,BJP,Bharatiya Janata Party,128454.0,55.6914,SUJOY BANERJEE,AITC,All India Trinamool Congress,79201.0,34.3377,49253.0,21.3537,13,14,1728.0,0.7492,34.3377,55.6914,7.1003,2.8706,https://results.eci.gov.in/ResultAcGenMay2026/ConstituencywiseS25242.htm,False
2026,243,MANBAZAR,,,236467.0,,MAYNA MURMU,BJP,Bharatiya Janata Party,120487.0,50.953,SANDHYA RANI TUDU,AITC,All India Trinamool Congress,93204.0,39.4152,27283.0,11.5378,8,9,2111.0,0.8927,39.4152,50.953,6.8771,2.7547,https://results.eci.gov.in/ResultAcGenMay2026/ConstituencywiseS25243.htm,False
2026,244,KASHIPUR,,,211974.0,,KAMALA KANTA HANSDA,BJP,Bharatiya Janata Party,106571.0,50.2755,SOUMEN BELTHARIA,AITC,All India Trinamool Congress,85295.0,40.2384,21276.0,10.0371,8,9,2797.0,1.3195,40.2384,50.2755,6.8867,2.5994,https://results.eci.gov.in/ResultAcGenMay2026/ConstituencywiseS25244.htm,False
2026,245,PARA,,,215946.0,,NADIAR CHAND BOURI,BJP,Bharatiya Janata Party,113488.0,52.5539,MANIK CHANDRA BAURI,AITC,All India Trinamool Congress,79767.0,36.9384,33721.0,15.6155,10,11,2788.0,1.2911,36.9384,52.5539,6.7512,3.7565,https://results.eci.gov.in/ResultAcGenMay2026/ConstituencywiseS25245.htm,False
2026,246,RAGHUNATHPUR,,,234431.0,,MAMONI BAURI,BJP,Bharatiya Janata Party,127628.0,54.4416,HAZARI BOURI,AITC,All India Trinamool Congress,83569.0,35.6476,44059.0,18.794,8,9,3201.0,1.3654,35.6476,54.4416,6.9376,2.9732,https://results.eci.gov.in/ResultAcGenMay2026/ConstituencywiseS25246.htm,False
2026,247,SALTORA,,,218491.0,,CHANDANA BAURI,BJP,Bharatiya Janata Party,115180.0,52.7161,UTTAM BAURI,AITC,All India Trinamool Congress,83045.0,38.0084,32135.0,14.7077,6,7,2771.0,1.2682,38.0084,52.7161,7.1518,2.1237,https://results.eci.gov.in/ResultAcGenMay2026/ConstituencywiseS25247.htm,False
2026,248,CHHATNA,,,221957.0,,SATYANARAYAN MUKHOPADHYAY,BJP,Bharatiya Janata Party,125972.0,56.7551,SWAPAN KUMAR MONDAL,AITC,All India Trinamool Congress,78798.0,35.5015,47174.0,21.2536,8,9,2588.0,1.166,35.5015,56.7551,4.481,3.2624,https://results.eci.gov.in/ResultAcGenMay2026/ConstituencywiseS25248.htm,False
2026,249,RANIBANDH,,,236828.0,,KSHUDIRAM TUDU,BJP,Bharatiya Janata Party,131145.0,55.3756,TANUSHREE HANSDA,AITC,All India Trinamool Congress,78876.0,33.3052,52269.0,22.0704,13,14,3884.0,1.64,33.3052,55.3756,6.7171,4.6021,https://results.eci.gov.in/ResultAcGenMay2026/ConstituencywiseS25249.htm,False
2026,250,RAIPUR,,,210215.0,,KSHETRAMOHAN HANSDA,BJP,Bharatiya Janata Party,111443.0,53.0138,THAKURMANI SAREN,AITC,All India Trinamool Congress,82701.0,39.3412,28742.0,13.6726,9,10,1829.0,0.8701,39.3412,53.0138,4.6481,2.9969,https://results.eci.gov.in/ResultAcGenMay2026/ConstituencywiseS25250.htm,False
2026,251,TALDANGRA,,,219936.0,,SOUVIK PATRA,BJP,Bharatiya Janata Party,124537.0,56.6242,FALGUNI SINGHABABU,AITC,All India Trinamool Congress,74464.0,33.8571,50073.0,22.7671,8,9,1699.0,0.7725,33.8571,56.6242,7.3868,2.1319,https://results.eci.gov.in/ResultAcGenMay2026/ConstituencywiseS25251.htm,False
2026,252,BANKURA,,,239331.0,,NILADRI SEKHAR DANA,BJP,Bharatiya Janata Party,136992.0,57.2396,DR. ANUP MANDAL,AITC,All India Trinamool Congress,82815.0,34.6027,54177.0,22.6369,8,9,3533.0,1.4762,34.6027,57.2396,5.6274,2.5303,https://results.eci.gov.in/ResultAcGenMay2026/ConstituencywiseS25252.htm,False
2026,253,BARJORA,,,235362.0,,BILLESWAR SINHA,BJP,Bharatiya Janata Party,125419.0,53.2877,GOUTAM MISHRA (SHYAM),AITC,All India Trinamool Congress,84109.0,35.736,41310.0,17.5517,9,10,2686.0,1.1412,35.736,53.2877,7.6011,3.3752,https://results.eci.gov.in/ResultAcGenMay2026/ConstituencywiseS25253.htm,False
2026,254,ONDA,,,246292.0,,AMARNATH SHAKHA,BJP,Bharatiya Janata Party,128296.0,52.091,SUBRATA DUTTA (GOPI),AITC,All India Trinamool Congress,96573.0,39.2108,31723.0,12.8802,7,8,3963.0,1.6091,39.2108,52.091,6.1358,2.5624,https://results.eci.gov.in/ResultAcGenMay2026/ConstituencywiseS25254.htm,False
2026,255,BISHNUPUR,,,207478.0,,SHUKLA CHATTERJEE,BJP,Bharatiya Janata Party,111082.0,53.5392,TANMAY GHOSH (BUMBA),AITC,All India Trinamool Congress,80477.0,38.7882,30605.0,14.751,7,8,2180.0,1.0507,38.7882,53.5392,4.962,2.7106,https://results.eci.gov.in/ResultAcGenMay2026/ConstituencywiseS25255.htm,False
2026,256,KATULPUR,,,240253.0,,LAKSHMI KANTA MAJUMDAR,BJP,Bharatiya Janata Party,126241.0,52.545,HARAKALI PROTIHER,AITC,All India Trinamool Congress,91874.0,38.2405,34367.0,14.3045,7,8,1662.0,0.6918,38.2405,52.545,7.6844,1.5301,https://results.eci.gov.in/ResultAcGenMay2026/ConstituencywiseS25256.htm,False
2026,257,INDUS,,,232394.0,,NIRMAL KUMAR DHARA,BJP,Bharatiya Janata Party,108733.0,46.7882,SHYAMALI ROY BAGDI,AITC,All India Trinamool Congress,107833.0,46.4009,900.0,0.3873,8,9,1582.0,0.6807,46.4009,46.7882,3.9708,2.8401,https://results.eci.gov.in/ResultAcGenMay2026/ConstituencywiseS25257.htm,False
2026,258,SONAMUKHI,,,221852.0,,DIBAKAR GHARAMI,BJP,Bharatiya Janata Party,115549.0,52.0838,KALLOL SAHA,AITC,All India Trinamool Congress,86139.0,38.8272,29410.0,13.2566,9,10,2061.0,0.929,38.8272,52.0838,5.794,3.295,https://results.eci.gov.in/ResultAcGenMay2026/ConstituencywiseS25258.htm,False
2026,259,KHANDAGHOSH,,,223246.0,,NABIN CHANDRA BAG,AITC,All India Trinamool Congress,104183.0,46.6674,GOUTAM DHARA,BJP,Bharatiya Janata Party,95899.0,42.9566,8284.0,3.7108,7,8,1271.0,0.5693,46.6674,42.9566,8.6904,1.6856,https://results.eci.gov.in/ResultAcGenMay2026/ConstituencywiseS25259.htm,False
2026,260,BARDHAMAN DAKSHIN,,,204823.0,,MOUMITA BISWAS MISRA,BJP,Bharatiya Janata Party,107754.0,52.6083,KHOKAN DAS,AITC,All India Trinamool Congress,77284.0,37.7321,30470.0,14.8762,9,10,2364.0,1.1542,37.7321,52.6083,7.5831,2.0765,https://results.eci.gov.in/ResultAcGenMay2026/ConstituencywiseS25260.htm,False
2026,261,RAINA,,,233245.0,,SUBHASH PATRA,BJP,Bharatiya Janata Party,103487.0,44.3684,MANDIRA DALUI,AITC,All India Trinamool Congress,102653.0,44.0108,834.0,0.3576,8,9,1442.0,0.6182,44.0108,44.3684,9.2838,2.337,https://results.eci.gov.in/ResultAcGenMay2026/ConstituencywiseS25261.htm,False
2026,262,JAMALPUR,,,214774.0,,ARUN HALDER,BJP,Bharatiya Janata Party,99936.0,46.5308,BHUTNATH MALIK,AITC,All India Trinamool Congress,88758.0,41.3262,11178.0,5.2046,8,9,1798.0,0.8372,41.3262,46.5308,9.7264,2.4166,https://results.eci.gov.in/ResultAcGenMay2026/ConstituencywiseS25262.htm,False
2026,263,MONTESWAR,,,204165.0,,SAIKAT PANJA,BJP,Bharatiya Janata Party,96559.0,47.2946,CHOWDHURI SIDDIQULLAH,AITC,All India Trinamool Congress,81761.0,40.0465,14798.0,7.2481,8,9,1360.0,0.6661,40.0465,47.2946,10.2201,2.4388,https://results.eci.gov.in/ResultAcGenMay2026/ConstituencywiseS25263.htm,False
2026,264,KALNA,,,213233.0,,SIDDHARTHA MAJUMDAR,BJP,Bharatiya Janata Party,110790.0,51.9572,DEBO PRASAD BAG (POLTU),AITC,All India Trinamool Congress,82160.0,38.5306,28630.0,13.4266,7,8,1333.0,0.6251,38.5306,51.9572,8.2197,1.2925,https://results.eci.gov.in/ResultAcGenMay2026/ConstituencywiseS25264.htm,False
2026,265,MEMARI,,,227492.0,,MANAB GUHA,BJP,Bharatiya Janata Party,106428.0,46.7832,RASH BIHARI HALDER,AITC,All India Trinamool Congress,99322.0,43.6596,7106.0,3.1236,7,8,1229.0,0.5402,43.6596,46.7832,8.0104,1.5468,https://results.eci.gov.in/ResultAcGenMay2026/ConstituencywiseS25265.htm,False
2026,266,BARDHAMAN UTTAR,,,247932.0,,NISITH KUMAR MALIK,AITC,All India Trinamool Congress,112688.0,45.4512,SANJOY DAS,BJP,Bharatiya Janata Party,106228.0,42.8456,6460.0,2.6056,9,10,3771.0,1.521,45.4512,42.8456,8.6229,3.0803,https://results.eci.gov.in/ResultAcGenMay2026/ConstituencywiseS25266.htm,False
2026,267,BHATAR,,,214694.0,,KARFA SOUMEN,BJP,Bharatiya Janata Party,98820.0,46.0283,KONER SHANTANU,AITC,All India Trinamool Congress,92292.0,42.9877,6528.0,3.0406,10,11,3252.0,1.5147,42.9877,46.0283,6.7472,4.2368,https://results.eci.gov.in/ResultAcGenMay2026/ConstituencywiseS25267.htm,False
2026,268,PURBASTHALI DAKSHIN,,,220056.0,,PRAN KRISHNA TAPADAR,BJP,Bharatiya Janata Party,111004.0,50.4435,SWAPAN DEBNATH,AITC,All India Trinamool Congress,94342.0,42.8718,16662.0,7.5717,7,8,1923.0,0.8739,42.8718,50.4435,4.8197,1.865,https://results.eci.gov.in/ResultAcGenMay2026/ConstituencywiseS25268.htm,False
2026,269,PURBASTHALI UTTAR,,,224880.0,,GOPAL CHATTOPADHYAY,BJP,Bharatiya Janata Party,111379.0,49.5282,VASUNDHARA GOSWAMI,AITC,All India Trinamool Congress,81153.0,36.0872,30226.0,13.441,8,9,1188.0,0.5283,36.0872,49.5282,12.1482,2.2364,https://results.eci.gov.in/ResultAcGenMay2026/ConstituencywiseS25269.htm,False
2026,270,KATWA,,,239536.0,,KRISHNA GHOSH,BJP,Bharatiya Janata Party,122020.0,50.9402,RABINDRANATH CHATTERJEE,AITC,All India Trinamool Congress,86954.0,36.301,35066.0,14.6392,10,11,1486.0,0.6204,36.301,50.9402,9.4425,3.3163,https://results.eci.gov.in/ResultAcGenMay2026/ConstituencywiseS25270.htm,False
2026,271,KETUGRAM,,,219183.0,,ANADI GHOSH,BJP,Bharatiya Janata Party,111104.0,50.6901,SEKH SAHONAWEZ,AITC,All India Trinamool Congress,83494.0,38.0933,27610.0,12.5968,10,11,4034.0,1.8405,38.0933,50.6901,1.2935,9.9231,https://results.eci.gov.in/ResultAcGenMay2026/ConstituencywiseS25271.htm,False
2026,272,MANGALKOT,,,219247.0,,SHISHIR GHOSH,BJP,Bharatiya Janata Party,104020.0,47.4442,APURBA CHOWDHURY (ACHAL),AITC,All India Trinamool Congress,91297.0,41.6412,12723.0,5.803,9,10,3423.0,1.5613,41.6412,47.4442,7.4619,3.4527,https://results.eci.gov.in/ResultAcGenMay2026/ConstituencywiseS25272.htm,False
2026,273,AUSGRAM,,,225886.0,,KALITA MAJI,BJP,Bharatiya Janata Party,107692.0,47.6754,SHYAMA PRASANNA LOHAR,AITC,All India Trinamool Congress,95157.0,42.1261,12535.0,5.5493,6,7,2425.0,1.0736,42.1261,47.6754,8.7203,1.4782,https://results.eci.gov.in/ResultAcGenMay2026/ConstituencywiseS25273.htm,False
2026,274,GALSI,,,232345.0,,RAJU PATRA,BJP,Bharatiya Janata Party,110640.0,47.6188,ALOK KUMAR MAJHI,AITC,All India Trinamool Congress,100146.0,43.1023,10494.0,4.5165,8,9,2780.0,1.1965,43.1023,47.6188,6.7012,2.5777,https://results.eci.gov.in/ResultAcGenMay2026/ConstituencywiseS25274.htm,False
2026,275,PANDABESWAR,,,174712.0,,JITENDRA KUMAR TEWARI,BJP,Bharatiya Janata Party,80501.0,46.0764,NARENDRANATH CHAKRABORTY,AITC,All India Trinamool Congress,79103.0,45.2762,1398.0,0.8002,11,12,1289.0,0.7378,45.2762,46.0764,5.5411,3.1063,https://results.eci.gov.in/ResultAcGenMay2026/ConstituencywiseS25275.htm,False
2026,276,DURGAPUR PURBA,,,214802.0,,CHANDRA SEKHAR BANERJEE,BJP,Bharatiya Janata Party,108888.0,50.6923,PRADIP MAZUMDAR,AITC,All India Trinamool Congress,77954.0,36.2911,30934.0,14.4012,9,10,2594.0,1.2076,36.2911,50.6923,10.4692,2.5474,https://results.eci.gov.in/ResultAcGenMay2026/ConstituencywiseS25276.htm,False
2026,277,DURGAPUR PASCHIM,,,216774.0,,LAKSHMAN CHANDRA GHORUI,BJP,Bharatiya Janata Party,114729.0,52.9256,KABI DUTTA,AITC,All India Trinamool Congress,77131.0,35.5813,37598.0,17.3443,14,15,2947.0,1.3595,35.5813,52.9256,7.9687,3.5244,https://results.eci.gov.in/ResultAcGenMay2026/ConstituencywiseS25277.htm,False
2026,278,RANIGANJ,,,196484.0,,PARTHA GHOSH,BJP,Bharatiya Janata Party,97416.0,49.5796,KALOBARAN MONDAL,AITC,All India Trinamool Congress,79630.0,40.5275,17786.0,9.0521,8,9,2452.0,1.2479,40.5275,49.5796,7.4169,2.476,https://results.eci.gov.in/ResultAcGenMay2026/ConstituencywiseS25278.htm,False
2026,279,JAMURIA,,,181594.0,,DR. BIJAN MUKHERJEE,BJP,Bharatiya Janata Party,90150.0,49.6437,HARERAM SINGH,AITC,All India Trinamool Congress,67636.0,37.2457,22514.0,12.398,9,10,1701.0,0.9367,37.2457,49.6437,9.4475,3.6631,https://results.eci.gov.in/ResultAcGenMay2026/ConstituencywiseS25279.htm,False
2026,280,ASANSOL DAKSHIN,,,215792.0,,AGNIMITRA PAUL,BJP,Bharatiya Janata Party,119582.0,55.4154,TAPAS BANERJEE,AITC,All India Trinamool Congress,78743.0,36.4902,40839.0,18.9252,8,9,2857.0,1.324,36.4902,55.4154,5.6295,2.4649,https://results.eci.gov.in/ResultAcGenMay2026/ConstituencywiseS25280.htm,False
2026,281,ASANSOL UTTAR,,,210607.0,,KRISHNENDU MUKHERJEE,BJP,Bharatiya Janata Party,104516.0,49.6261,MOLOY GHATAK,AITC,All India Trinamool Congress,92901.0,44.1111,11615.0,5.515,13,14,2755.0,1.3081,44.1111,49.6261,3.3237,2.9391,https://results.eci.gov.in/ResultAcGenMay2026/ConstituencywiseS25281.htm,False
2026,282,KULTI,,,190239.0,,AJAY KUMAR PODDAR,BJP,Bharatiya Janata Party,103570.0,54.442,ABHIJIT GHATAK,AITC,All India Trinamool Congress,77072.0,40.5132,26498.0,13.9288,6,7,2539.0,1.3346,40.5132,54.442,2.8869,2.1579,https://results.eci.gov.in/ResultAcGenMay2026/ConstituencywiseS25282.htm,False
2026,283,BARABANI,,,185274.0,,ARIJIT ROY,BJP,Bharatiya Janata Party,91777.0,49.5358,BIDHAN UPADHYAY,AITC,All India Trinamool Congress,80055.0,43.209,11722.0,6.3268,7,8,2765.0,1.4924,43.209,49.5358,1.8983,5.3569,https://results.eci.gov.in/ResultAcGenMay2026/ConstituencywiseS25283.htm,False
2026,284,DUBRAJPUR,,,220193.0,,ANUP KUMAR SAHA,BJP,Bharatiya Janata Party,117437.0,53.3337,NARESH CHANDRA BAURI,AITC,All India Trinamool Congress,89790.0,40.7779,27647.0,12.5558,7,8,2487.0,1.1295,40.7779,53.3337,3.6055,2.2829,https://results.eci.gov.in/ResultAcGenMay2026/ConstituencywiseS25284.htm,False
2026,285,SURI,,,238504.0,,JAGANNATH CHATTOPADHYAY,BJP,Bharatiya Janata Party,124243.0,52.0926,UJJAL CHATTERJEE,AITC,All India Trinamool Congress,95557.0,40.0652,28686.0,12.0274,12,13,1832.0,0.7681,40.0652,52.0926,4.5987,3.2435,https://results.eci.gov.in/ResultAcGenMay2026/ConstituencywiseS25285.htm,False
2026,286,BOLPUR,,,246339.0,,CHANDRANATH SINHA,AITC,All India Trinamool Congress,114915.0,46.6491,DILIP GHOSH,BJP,Bharatiya Janata Party,101727.0,41.2955,13188.0,5.3536,10,11,3554.0,1.4427,46.6491,41.2955,1.2296,10.8258,https://results.eci.gov.in/ResultAcGenMay2026/ConstituencywiseS25286.htm,False
2026,287,NANOOR,,,253119.0,,BIDHAN CHANDRA MAJHI,AITC,All India Trinamool Congress,119910.0,47.373,KHOKAN DAS,BJP,Bharatiya Janata Party,111788.0,44.1642,8122.0,3.2088,7,8,1865.0,0.7368,47.373,44.1642,5.3844,3.0784,https://results.eci.gov.in/ResultAcGenMay2026/ConstituencywiseS25287.htm,False
2026,288,LABPUR,,,223002.0,,DEBASIS OJHA (HAKU DA),BJP,Bharatiya Janata Party,106402.0,47.7135,ABHIJIT SINHA (RANA),AITC,All India Trinamool Congress,102852.0,46.1216,3550.0,1.5919,9,10,3145.0,1.4103,46.1216,47.7135,3.3269,2.838,https://results.eci.gov.in/ResultAcGenMay2026/ConstituencywiseS25288.htm,False
2026,289,SAINTHIA,,,241175.0,,KRISHNA KANTA SAHA,BJP,Bharatiya Janata Party,115054.0,47.7056,NILABATI SAHA,AITC,All India Trinamool Congress,104748.0,43.4324,10306.0,4.2732,9,10,1551.0,0.6431,43.4324,47.7056,5.9434,2.9186,https://results.eci.gov.in/ResultAcGenMay2026/ConstituencywiseS25289.htm,False
2026,290,MAYURESWAR,,,213473.0,,DUDH KUMAR MONDAL,BJP,Bharatiya Janata Party,107056.0,50.1497,ABHIJIT ROY,AITC,All India Trinamool Congress,86054.0,40.3114,21002.0,9.8383,9,10,2456.0,1.1505,40.3114,50.1497,5.5473,3.9916,https://results.eci.gov.in/ResultAcGenMay2026/ConstituencywiseS25290.htm,False
2026,291,RAMPURHAT,,,233723.0,,DHRUBA SAHA,BJP,Bharatiya Janata Party,111920.0,47.8857,ASISH BANERJEE,AITC,All India Trinamool Congress,87687.0,37.5175,24233.0,10.3682,14,15,3163.0,1.3533,37.5175,47.8857,10.7276,3.8692,https://results.eci.gov.in/ResultAcGenMay2026/ConstituencywiseS25291.htm,False
2026,292,HANSAN,,,226555.0,,FAYEZUL HAQUE (KAJAL SK),AITC,All India Trinamool Congress,103223.0,45.562,NIKHIL BANERJEE,BJP,Bharatiya Janata Party,74925.0,33.0714,28298.0,12.4906,12,13,1153.0,0.5089,45.562,33.0714,18.8493,2.5173,https://results.eci.gov.in/ResultAcGenMay2026/ConstituencywiseS25292.htm,False
2026,293,NALHATI,,,222519.0,,RAJENDRA PRASAD SINGH(RAJU SINGH),AITC,All India Trinamool Congress,87744.0,39.4321,ANIL KUMAR SINGH,BJP,Bharatiya Janata Party,74298.0,33.3895,13446.0,6.0426,9,10,1533.0,0.6889,39.4321,33.3895,22.3796,4.7988,https://results.eci.gov.in/ResultAcGenMay2026/ConstituencywiseS25293.htm,False
2026,294,MURARAI,,,242939.0,,DR. MOSARRAF HOSSAIN,AITC,All India Trinamool Congress,96902.0,39.8874,SANJIBUR RAHAMAN (BAPPA),INC,Indian National Congress,59197.0,24.367,37705.0,15.5204,11,12,1166.0,0.48,39.8874,24.1476,30.0556,5.9094,https://results.eci.gov.in/ResultAcGenMay2026/ConstituencywiseS25294.htm,False
